"fecha_hecho","departamento","municipio","cantidad","unidad","LATITUD","LONGITUD"
2003-01-01,"CAQUETÁ","VALPARAISO",144.6,"HECTAREA",1.07534915,-75.73779004
2003-01-01,"CESAR","AGUSTIN CODAZZI",120,"HECTAREA",9.949215908,-73.22358244
2003-01-02,"CAQUETÁ","VALPARAISO",175.91,"HECTAREA",1.07534915,-75.73779004
2003-01-02,"CESAR","AGUSTIN CODAZZI",84,"HECTAREA",9.949215908,-73.22358244
2003-01-03,"CAQUETÁ","SAN VICENTE DEL CAGUAN",69.05,"HECTAREA",1.308465061,-74.19746971
2003-01-03,"LA GUAJIRA","MANAURE",90,"HECTAREA",11.60554263,-72.57160392
2003-01-04,"CAQUETÁ","SOLANO",92.19,"HECTAREA",0.096131862,-72.32036402
2003-01-04,"CESAR","AGUSTIN CODAZZI",88,"HECTAREA",9.949215908,-73.22358244
2003-01-05,"CAQUETÁ","LA MONTAÑITA",293.22,"HECTAREA",1.302860442,-75.23572732
2003-01-05,"LA GUAJIRA","VILLANUEVA",75,"HECTAREA",10.58364755,-72.97520286
2003-01-06,"CAQUETÁ","CURILLO",16.93,"HECTAREA",1.115379292,-75.97328452
2003-01-07,"CAQUETÁ","VALPARAISO",79.38,"HECTAREA",1.07534915,-75.73779004
2003-01-09,"CAQUETÁ","VALPARAISO",188.36,"HECTAREA",1.07534915,-75.73779004
2003-01-11,"GUAVIARE","CALAMAR",175.36,"HECTAREA",1.613634284,-73.0342639
2003-01-12,"GUAVIARE","CALAMAR",129.4,"HECTAREA",1.613634284,-73.0342639
2003-01-13,"GUAVIARE","CALAMAR",224,"HECTAREA",1.613634284,-73.0342639
2003-01-13,"NORTE DE SANTANDER","TIBU",326,"HECTAREA",8.713507237,-72.79925855
2003-01-14,"GUAVIARE","CALAMAR",281.7,"HECTAREA",1.613634284,-73.0342639
2003-01-14,"NORTE DE SANTANDER","SARDINATA",241,"HECTAREA",8.215080767,-72.79580961
2003-01-15,"GUAVIARE","MIRAFLORES",224,"HECTAREA",1.363974932,-72.01810951
2003-01-15,"NORTE DE SANTANDER","TIBU",204,"HECTAREA",8.713507237,-72.79925855
2003-01-16,"GUAVIARE","MIRAFLORES",486.2,"HECTAREA",1.363974932,-72.01810951
2003-01-16,"NORTE DE SANTANDER","TIBU",231,"HECTAREA",8.713507237,-72.79925855
2003-01-17,"GUAVIARE","CALAMAR",333,"HECTAREA",1.613634284,-73.0342639
2003-01-17,"NORTE DE SANTANDER","EL TARRA",200,"HECTAREA",8.678263671,-73.0317597
2003-01-18,"GUAVIARE","CALAMAR",357,"HECTAREA",1.613634284,-73.0342639
2003-01-18,"NORTE DE SANTANDER","TIBU",190,"HECTAREA",8.713507237,-72.79925855
2003-01-19,"GUAVIARE","SAN JOSE DEL GUAVIARE",229.82,"HECTAREA",2.484286091,-71.91916993
2003-01-20,"META","VISTAHERMOSA",562.4,"HECTAREA",2.811616698,-73.66652234
2003-01-20,"NARIÑO","LA CRUZ",473.73,"HECTAREA",1.584175998,-76.92335262
2003-01-20,"NARIÑO","SAN ANDRES DE TUMACO",576.43,"HECTAREA",1.574550638,-78.61540963
2003-01-20,"NORTE DE SANTANDER","TIBU",112,"HECTAREA",8.713507237,-72.79925855
2003-01-22,"META","PUERTO RICO",312,"HECTAREA",2.758083657,-73.13780171
2003-01-22,"NORTE DE SANTANDER","TIBU",205,"HECTAREA",8.713507237,-72.79925855
2003-01-23,"GUAVIARE","CALAMAR",351.2,"HECTAREA",1.613634284,-73.0342639
2003-01-24,"GUAVIARE","CALAMAR",117.3,"HECTAREA",1.613634284,-73.0342639
2003-01-24,"NARIÑO","SAN ANDRES DE TUMACO",86.86,"HECTAREA",1.574550638,-78.61540963
2003-01-24,"NORTE DE SANTANDER","TIBU",79,"HECTAREA",8.713507237,-72.79925855
2003-01-25,"GUAVIARE","CALAMAR",315.1,"HECTAREA",1.613634284,-73.0342639
2003-01-25,"NARIÑO","SAN ANDRES DE TUMACO",264,"HECTAREA",1.574550638,-78.61540963
2003-01-26,"META","VISTAHERMOSA",306.6,"HECTAREA",2.811616698,-73.66652234
2003-01-26,"NARIÑO","SAN ANDRES DE TUMACO",3.8,"HECTAREA",1.574550638,-78.61540963
2003-01-27,"META","PUERTO CONCORDIA",45.2,"HECTAREA",2.752260112,-72.7210941
2003-01-27,"NORTE DE SANTANDER","EL TARRA",14,"HECTAREA",8.678263671,-73.0317597
2003-01-28,"GUAVIARE","MIRAFLORES",204.98,"HECTAREA",1.363974932,-72.01810951
2003-01-28,"NORTE DE SANTANDER","TIBU",40,"HECTAREA",8.713507237,-72.79925855
2003-01-29,"GUAVIARE","MIRAFLORES",489.88,"HECTAREA",1.363974932,-72.01810951
2003-01-30,"GUAVIARE","CALAMAR",360.99,"HECTAREA",1.613634284,-73.0342639
2003-01-30,"NARIÑO","SAN ANDRES DE TUMACO",302.03,"HECTAREA",1.574550638,-78.61540963
2003-01-31,"GUAVIARE","MIRAFLORES",331.01,"HECTAREA",1.363974932,-72.01810951
2003-02-01,"GUAVIARE","CALAMAR",155.31,"HECTAREA",1.613634284,-73.0342639
2003-02-01,"NARIÑO","MAGUI",743.69,"HECTAREA",1.906858429,-78.04473644
2003-02-01,"NORTE DE SANTANDER","TIBU",57,"HECTAREA",8.713507237,-72.79925855
2003-02-02,"GUAVIARE","MIRAFLORES",216.08,"HECTAREA",1.363974932,-72.01810951
2003-02-02,"NARIÑO","MAGUI",165.74,"HECTAREA",1.906858429,-78.04473644
2003-02-02,"NORTE DE SANTANDER","TIBU",46,"HECTAREA",8.713507237,-72.79925855
2003-02-03,"GUAVIARE","CALAMAR",318.23,"HECTAREA",1.613634284,-73.0342639
2003-02-03,"NARIÑO","MAGUI",472.34,"HECTAREA",1.906858429,-78.04473644
2003-02-03,"NORTE DE SANTANDER","TIBU",199,"HECTAREA",8.713507237,-72.79925855
2003-02-04,"NARIÑO","MAGUI",511.92,"HECTAREA",1.906858429,-78.04473644
2003-02-04,"NORTE DE SANTANDER","TIBU",97,"HECTAREA",8.713507237,-72.79925855
2003-02-05,"GUAVIARE","MIRAFLORES",222.32,"HECTAREA",1.363974932,-72.01810951
2003-02-05,"NARIÑO","MAGUI",232.4,"HECTAREA",1.906858429,-78.04473644
2003-02-05,"NORTE DE SANTANDER","TIBU",273,"HECTAREA",8.713507237,-72.79925855
2003-02-06,"GUAVIARE","SAN JOSE DEL GUAVIARE",384.58,"HECTAREA",2.484286091,-71.91916993
2003-02-06,"NARIÑO","SAN ANDRES DE TUMACO",176.5,"HECTAREA",1.574550638,-78.61540963
2003-02-06,"NORTE DE SANTANDER","TIBU",179,"HECTAREA",8.713507237,-72.79925855
2003-02-07,"GUAVIARE","CALAMAR",649.09,"HECTAREA",1.613634284,-73.0342639
2003-02-07,"NORTE DE SANTANDER","TIBU",122,"HECTAREA",8.713507237,-72.79925855
2003-02-08,"GUAVIARE","MIRAFLORES",504.99,"HECTAREA",1.363974932,-72.01810951
2003-02-08,"NORTE DE SANTANDER","TIBU",186,"HECTAREA",8.713507237,-72.79925855
2003-02-09,"GUAVIARE","SAN JOSE DEL GUAVIARE",167.57,"HECTAREA",2.484286091,-71.91916993
2003-02-09,"NARIÑO","MAGUI",159.7,"HECTAREA",1.906858429,-78.04473644
2003-02-09,"NORTE DE SANTANDER","TIBU",386,"HECTAREA",8.713507237,-72.79925855
2003-02-10,"GUAVIARE","CALAMAR",132.8,"HECTAREA",1.613634284,-73.0342639
2003-02-10,"NORTE DE SANTANDER","TIBU",337,"HECTAREA",8.713507237,-72.79925855
2003-02-11,"GUAVIARE","CALAMAR",220.6,"HECTAREA",1.613634284,-73.0342639
2003-02-12,"GUAVIARE","SAN JOSE DEL GUAVIARE",137.8,"HECTAREA",2.484286091,-71.91916993
2003-02-12,"NARIÑO","ROBERTO PAYAN",293.61,"HECTAREA",1.897581156,-78.3811163
2003-02-13,"GUAVIARE","CALAMAR",518,"HECTAREA",1.613634284,-73.0342639
2003-02-15,"NARIÑO","EL CHARCO",474.01,"HECTAREA",2.216382295,-77.99533234
2003-02-15,"NORTE DE SANTANDER","TIBU",179,"HECTAREA",8.713507237,-72.79925855
2003-02-16,"NORTE DE SANTANDER","TIBU",227.3,"HECTAREA",8.713507237,-72.79925855
2003-02-17,"GUAVIARE","CALAMAR",174.2,"HECTAREA",1.613634284,-73.0342639
2003-02-17,"NARIÑO","EL CHARCO",227.3,"HECTAREA",2.216382295,-77.99533234
2003-02-17,"NORTE DE SANTANDER","TIBU",319,"HECTAREA",8.713507237,-72.79925855
2003-02-18,"GUAVIARE","MIRAFLORES",227,"HECTAREA",1.363974932,-72.01810951
2003-02-18,"NARIÑO","EL CHARCO",298.83,"HECTAREA",2.216382295,-77.99533234
2003-02-18,"NORTE DE SANTANDER","TIBU",191,"HECTAREA",8.713507237,-72.79925855
2003-02-19,"GUAVIARE","MIRAFLORES",241,"HECTAREA",1.363974932,-72.01810951
2003-02-19,"NORTE DE SANTANDER","TIBU",286,"HECTAREA",8.713507237,-72.79925855
2003-02-20,"GUAVIARE","CALAMAR",202.5,"HECTAREA",1.613634284,-73.0342639
2003-02-20,"NARIÑO","SAN ANDRES DE TUMACO",959.77,"HECTAREA",1.574550638,-78.61540963
2003-02-21,"GUAVIARE","MIRAFLORES",152,"HECTAREA",1.363974932,-72.01810951
2003-02-21,"NARIÑO","BARBACOAS",451.3,"HECTAREA",1.44563774,-78.15621072
2003-02-21,"NORTE DE SANTANDER","TIBU",188,"HECTAREA",8.713507237,-72.79925855
2003-02-22,"GUAVIARE","MIRAFLORES",226.2,"HECTAREA",1.363974932,-72.01810951
2003-02-22,"NORTE DE SANTANDER","TIBU",329,"HECTAREA",8.713507237,-72.79925855
2003-02-23,"NORTE DE SANTANDER","TIBU",148,"HECTAREA",8.713507237,-72.79925855
2003-02-24,"NARIÑO","SANDONA",704.58,"HECTAREA",1.288105409,-77.45670068
2003-02-24,"NORTE DE SANTANDER","TIBU",56,"HECTAREA",8.713507237,-72.79925855
2003-02-25,"GUAVIARE","SAN JOSE DEL GUAVIARE",35.06,"HECTAREA",2.484286091,-71.91916993
2003-02-25,"NORTE DE SANTANDER","TIBU",162,"HECTAREA",8.713507237,-72.79925855
2003-02-26,"GUAVIARE","SAN JOSE DEL GUAVIARE",75.93,"HECTAREA",2.484286091,-71.91916993
2003-02-26,"NORTE DE SANTANDER","TIBU",87,"HECTAREA",8.713507237,-72.79925855
2003-02-27,"NARIÑO","ROBERTO PAYAN",348.5,"HECTAREA",1.897581156,-78.3811163
2003-02-27,"NORTE DE SANTANDER","TIBU",191,"HECTAREA",8.713507237,-72.79925855
2003-02-28,"GUAVIARE","EL RETORNO",379.09,"HECTAREA",2.143447362,-72.24364869
2003-03-01,"GUAVIARE","CALAMAR",24.04,"HECTAREA",1.613634284,-73.0342639
2003-03-01,"NARIÑO","SAN ANDRES DE TUMACO",945.6,"HECTAREA",1.574550638,-78.61540963
2003-03-01,"NORTE DE SANTANDER","TIBU",167,"HECTAREA",8.713507237,-72.79925855
2003-03-02,"NARIÑO","SAN ANDRES DE TUMACO",97.34,"HECTAREA",1.574550638,-78.61540963
2003-03-02,"NORTE DE SANTANDER","TIBU",97,"HECTAREA",8.713507237,-72.79925855
2003-03-03,"NARIÑO","BARBACOAS",802.74,"HECTAREA",1.44563774,-78.15621072
2003-03-04,"META","URIBE",329.42,"HECTAREA",3.047726858,-74.43066134
2003-03-04,"NARIÑO","ROBERTO PAYAN",498.36,"HECTAREA",1.897581156,-78.3811163
2003-03-05,"GUAVIARE","SAN JOSE DEL GUAVIARE",285.4,"HECTAREA",2.484286091,-71.91916993
2003-03-05,"NORTE DE SANTANDER","TIBU",71,"HECTAREA",8.713507237,-72.79925855
2003-03-06,"GUAVIARE","SAN JOSE DEL GUAVIARE",227.82,"HECTAREA",2.484286091,-71.91916993
2003-03-06,"NARIÑO","BARBACOAS",673.54,"HECTAREA",1.44563774,-78.15621072
2003-03-06,"NORTE DE SANTANDER","TIBU",48,"HECTAREA",8.713507237,-72.79925855
2003-03-07,"GUAVIARE","CALAMAR",552.16,"HECTAREA",1.613634284,-73.0342639
2003-03-07,"NARIÑO","SAN ANDRES DE TUMACO",9.02,"HECTAREA",1.574550638,-78.61540963
2003-03-08,"GUAVIARE","EL RETORNO",136.29,"HECTAREA",2.143447362,-72.24364869
2003-03-08,"NARIÑO","SAN ANDRES DE TUMACO",667.65,"HECTAREA",1.574550638,-78.61540963
2003-03-09,"META","MESETAS",103.47,"HECTAREA",3.154771201,-74.12454824
2003-03-09,"NARIÑO","ROBERTO PAYAN",163.52,"HECTAREA",1.897581156,-78.3811163
2003-03-10,"GUAVIARE","EL RETORNO",308.4,"HECTAREA",2.143447362,-72.24364869
2003-03-11,"META","MAPIRIPAN",267.23,"HECTAREA",3.117523361,-71.93805692
2003-03-12,"GUAVIARE","SAN JOSE DEL GUAVIARE",102.3,"HECTAREA",2.484286091,-71.91916993
2003-03-13,"GUAVIARE","SAN JOSE DEL GUAVIARE",342.6,"HECTAREA",2.484286091,-71.91916993
2003-03-14,"META","MAPIRIPAN",456.6,"HECTAREA",3.117523361,-71.93805692
2003-03-14,"NARIÑO","SAN ANDRES DE TUMACO",107.22,"HECTAREA",1.574550638,-78.61540963
2003-03-15,"GUAVIARE","EL RETORNO",148.5,"HECTAREA",2.143447362,-72.24364869
2003-03-15,"NARIÑO","SAN ANDRES DE TUMACO",234.41,"HECTAREA",1.574550638,-78.61540963
2003-03-16,"META","MAPIRIPAN",103.3,"HECTAREA",3.117523361,-71.93805692
2003-03-16,"NARIÑO","ROBERTO PAYAN",296.88,"HECTAREA",1.897581156,-78.3811163
2003-03-17,"CAUCA","POPAYAN",52,"HECTAREA",2.471704362,-76.59194419
2003-03-17,"META","MAPIRIPAN",57,"HECTAREA",3.117523361,-71.93805692
2003-03-17,"NARIÑO","ROBERTO PAYAN",828.04,"HECTAREA",1.897581156,-78.3811163
2003-03-18,"CAUCA","POPAYAN",52,"HECTAREA",2.471704362,-76.59194419
2003-03-18,"GUAVIARE","EL RETORNO",230.4,"HECTAREA",2.143447362,-72.24364869
2003-03-18,"NARIÑO","BARBACOAS",893.78,"HECTAREA",1.44563774,-78.15621072
2003-03-19,"GUAVIARE","SAN JOSE DEL GUAVIARE",141.3,"HECTAREA",2.484286091,-71.91916993
2003-03-20,"GUAVIARE","SAN JOSE DEL GUAVIARE",144.4,"HECTAREA",2.484286091,-71.91916993
2003-03-20,"NARIÑO","BARBACOAS",456,"HECTAREA",1.44563774,-78.15621072
2003-03-20,"NARIÑO","EL TABLON DE GOMEZ",91,"HECTAREA",1.409430207,-76.98526959
2003-03-20,"TOLIMA","PLANADAS",25,"HECTAREA",3.09897343,-75.81684413
2003-03-21,"GUAVIARE","MIRAFLORES",387.7,"HECTAREA",1.363974932,-72.01810951
2003-03-21,"NARIÑO","EL TABLON DE GOMEZ",130,"HECTAREA",1.409430207,-76.98526959
2003-03-21,"NARIÑO","SAN ANDRES DE TUMACO",350,"HECTAREA",1.574550638,-78.61540963
2003-03-21,"TOLIMA","CHAPARRAL",69,"HECTAREA",3.743693084,-75.58986634
2003-03-21,"TOLIMA","RIOBLANCO",13,"HECTAREA",3.468077548,-75.85481103
2003-03-22,"GUAVIARE","MIRAFLORES",84.2,"HECTAREA",1.363974932,-72.01810951
2003-03-22,"NARIÑO","EL TABLON DE GOMEZ",89,"HECTAREA",1.409430207,-76.98526959
2003-03-22,"NARIÑO","SAN ANDRES DE TUMACO",602.92,"HECTAREA",1.574550638,-78.61540963
2003-03-23,"GUAVIARE","SAN JOSE DEL GUAVIARE",100.7,"HECTAREA",2.484286091,-71.91916993
2003-03-23,"NARIÑO","SAN ANDRES DE TUMACO",835.06,"HECTAREA",1.574550638,-78.61540963
2003-03-24,"NARIÑO","BARBACOAS",192.91,"HECTAREA",1.44563774,-78.15621072
2003-03-24,"NARIÑO","EL TABLON DE GOMEZ",96,"HECTAREA",1.409430207,-76.98526959
2003-03-25,"NARIÑO","EL TABLON DE GOMEZ",115,"HECTAREA",1.409430207,-76.98526959
2003-03-26,"GUAVIARE","MIRAFLORES",165.66,"HECTAREA",1.363974932,-72.01810951
2003-03-26,"NARIÑO","BARBACOAS",774.54,"HECTAREA",1.44563774,-78.15621072
2003-03-27,"NARIÑO","BARBACOAS",1057.61,"HECTAREA",1.44563774,-78.15621072
2003-03-28,"GUAVIARE","EL RETORNO",171.64,"HECTAREA",2.143447362,-72.24364869
2003-03-28,"NARIÑO","SAN ANDRES DE TUMACO",804.4,"HECTAREA",1.574550638,-78.61540963
2003-03-29,"GUAVIARE","CALAMAR",59.68,"HECTAREA",1.613634284,-73.0342639
2003-03-30,"GUAVIARE","CALAMAR",127.48,"HECTAREA",1.613634284,-73.0342639
2003-03-31,"GUAVIARE","CALAMAR",245.66,"HECTAREA",1.613634284,-73.0342639
2003-04-01,"GUAVIARE","CALAMAR",62.19,"HECTAREA",1.613634284,-73.0342639
2003-04-01,"NARIÑO","BARBACOAS",1358.58,"HECTAREA",1.44563774,-78.15621072
2003-04-02,"NARIÑO","BARBACOAS",246.64,"HECTAREA",1.44563774,-78.15621072
2003-04-04,"NARIÑO","SAN ANDRES DE TUMACO",218.73,"HECTAREA",1.574550638,-78.61540963
2003-04-05,"GUAVIARE","CALAMAR",128.2,"HECTAREA",1.613634284,-73.0342639
2003-04-06,"GUAVIARE","MIRAFLORES",81.52,"HECTAREA",1.363974932,-72.01810951
2003-04-06,"NARIÑO","BARBACOAS",646.48,"HECTAREA",1.44563774,-78.15621072
2003-04-06,"NARIÑO","PASTO",7,"HECTAREA",1.083605497,-77.20610074
2003-04-07,"CAUCA","POPAYAN",51,"HECTAREA",2.471704362,-76.59194419
2003-04-07,"GUAVIARE","MIRAFLORES",108.2,"HECTAREA",1.363974932,-72.01810951
2003-04-07,"NARIÑO","BARBACOAS",179.79,"HECTAREA",1.44563774,-78.15621072
2003-04-08,"GUAVIARE","MIRAFLORES",299.8,"HECTAREA",1.363974932,-72.01810951
2003-04-08,"NARIÑO","SAN ANDRES DE TUMACO",192.39,"HECTAREA",1.574550638,-78.61540963
2003-04-09,"GUAVIARE","SAN JOSE DEL GUAVIARE",69.9,"HECTAREA",2.484286091,-71.91916993
2003-04-09,"NARIÑO","BARBACOAS",154.59,"HECTAREA",1.44563774,-78.15621072
2003-04-10,"GUAVIARE","EL RETORNO",229.8,"HECTAREA",2.143447362,-72.24364869
2003-04-10,"NARIÑO","BARBACOAS",206.22,"HECTAREA",1.44563774,-78.15621072
2003-04-11,"GUAVIARE","MIRAFLORES",426,"HECTAREA",1.363974932,-72.01810951
2003-04-11,"PUTUMAYO","SIBUNDOY",84,"HECTAREA",1.228746922,-76.91307585
2003-04-13,"NARIÑO","BARBACOAS",599.88,"HECTAREA",1.44563774,-78.15621072
2003-04-14,"NARIÑO","SAN ANDRES DE TUMACO",443.76,"HECTAREA",1.574550638,-78.61540963
2003-04-15,"LA GUAJIRA","MANAURE",15,"HECTAREA",11.60554263,-72.57160392
2003-04-16,"GUAVIARE","CALAMAR",469.2,"HECTAREA",1.613634284,-73.0342639
2003-04-16,"NARIÑO","CHACHAGUI",60,"HECTAREA",1.386497844,-77.26969022
2003-04-16,"NARIÑO","EL PEÑOL",176.54,"HECTAREA",1.512283967,-77.43050934
2003-04-17,"LA GUAJIRA","MANAURE",60,"HECTAREA",11.60554263,-72.57160392
2003-04-18,"GUAVIARE","CALAMAR",368.97,"HECTAREA",1.613634284,-73.0342639
2003-04-18,"NARIÑO","PASTO",302.98,"HECTAREA",1.083605497,-77.20610074
2003-04-19,"CESAR","AGUSTIN CODAZZI",58,"HECTAREA",9.949215908,-73.22358244
2003-04-19,"GUAVIARE","CALAMAR",80.7,"HECTAREA",1.613634284,-73.0342639
2003-04-20,"GUAVIARE","CALAMAR",507.7,"HECTAREA",1.613634284,-73.0342639
2003-04-20,"NARIÑO","BARBACOAS",932.14,"HECTAREA",1.44563774,-78.15621072
2003-04-21,"GUAVIARE","CALAMAR",225.57,"HECTAREA",1.613634284,-73.0342639
2003-04-21,"NARIÑO","CHACHAGUI",33,"HECTAREA",1.386497844,-77.26969022
2003-04-22,"GUAVIARE","EL RETORNO",195.87,"HECTAREA",2.143447362,-72.24364869
2003-04-22,"NARIÑO","BARBACOAS",526.88,"HECTAREA",1.44563774,-78.15621072
2003-04-23,"NARIÑO","BARBACOAS",562.2,"HECTAREA",1.44563774,-78.15621072
2003-04-24,"GUAVIARE","CALAMAR",28.8,"HECTAREA",1.613634284,-73.0342639
2003-04-24,"NARIÑO","ROBERTO PAYAN",88.99,"HECTAREA",1.897581156,-78.3811163
2003-04-26,"NARIÑO","BARBACOAS",79,"HECTAREA",1.44563774,-78.15621072
2003-04-26,"NARIÑO","ROBERTO PAYAN",754.45,"HECTAREA",1.897581156,-78.3811163
2003-04-27,"NARIÑO","BARBACOAS",421.13,"HECTAREA",1.44563774,-78.15621072
2003-04-28,"GUAVIARE","EL RETORNO",419.32,"HECTAREA",2.143447362,-72.24364869
2003-04-28,"NARIÑO","BARBACOAS",480.78,"HECTAREA",1.44563774,-78.15621072
2003-04-28,"NARIÑO","CHACHAGUI",22,"HECTAREA",1.386497844,-77.26969022
2003-04-29,"GUAVIARE","EL RETORNO",412.12,"HECTAREA",2.143447362,-72.24364869
2003-04-30,"GUAVIARE","EL RETORNO",111.23,"HECTAREA",2.143447362,-72.24364869
2003-05-01,"GUAVIARE","EL RETORNO",543.48,"HECTAREA",2.143447362,-72.24364869
2003-05-03,"GUAVIARE","EL RETORNO",129.77,"HECTAREA",2.143447362,-72.24364869
2003-05-03,"NARIÑO","CHACHAGUI",475.67,"HECTAREA",1.386497844,-77.26969022
2003-05-04,"GUAVIARE","EL RETORNO",151.48,"HECTAREA",2.143447362,-72.24364869
2003-05-05,"GUAVIARE","SAN JOSE DEL GUAVIARE",185,"HECTAREA",2.484286091,-71.91916993
2003-05-05,"NARIÑO","SAN ANDRES DE TUMACO",831.18,"HECTAREA",1.574550638,-78.61540963
2003-05-05,"PUTUMAYO","VILLAGARZON",112,"HECTAREA",0.911149515,-76.74495447
2003-05-06,"NARIÑO","SAN ANDRES DE TUMACO",297.27,"HECTAREA",1.574550638,-78.61540963
2003-05-08,"NARIÑO","CUMBITARA",603.7,"HECTAREA",1.72559011,-77.59281637
2003-05-09,"PUTUMAYO","VILLAGARZON",331,"HECTAREA",0.911149515,-76.74495447
2003-05-10,"GUAVIARE","MIRAFLORES",293.38,"HECTAREA",1.363974932,-72.01810951
2003-05-13,"NARIÑO","BARBACOAS",882.18,"HECTAREA",1.44563774,-78.15621072
2003-05-14,"GUAVIARE","SAN JOSE DEL GUAVIARE",199.5,"HECTAREA",2.484286091,-71.91916993
2003-05-15,"GUAVIARE","EL RETORNO",403.41,"HECTAREA",2.143447362,-72.24364869
2003-05-15,"NARIÑO","SAN ANDRES DE TUMACO",110,"HECTAREA",1.574550638,-78.61540963
2003-05-16,"GUAVIARE","EL RETORNO",354.2,"HECTAREA",2.143447362,-72.24364869
2003-05-19,"PUTUMAYO","VALLE DEL GUAMUEZ",30,"HECTAREA",0.42012589,-76.77067026
2003-05-21,"PUTUMAYO","MOCOA",278.7,"HECTAREA",1.26070915,-76.66584349
2003-05-22,"GUAVIARE","MIRAFLORES",166.55,"HECTAREA",1.363974932,-72.01810951
2003-05-22,"SANTANDER","CIMITARRA",5,"HECTAREA",6.40972961,-74.17030427
2003-05-23,"ANTIOQUIA","YARUMAL",405.27,"HECTAREA",6.9881309,-75.45439957
2003-05-23,"GUAVIARE","EL RETORNO",90.29,"HECTAREA",2.143447362,-72.24364869
2003-05-23,"PUTUMAYO","VILLAGARZON",319.2,"HECTAREA",0.911149515,-76.74495447
2003-05-24,"BOLÍVAR","CANTAGALLO",186.85,"HECTAREA",7.239229146,-74.10014043
2003-05-24,"PUTUMAYO","ORITO",130.34,"HECTAREA",0.673756323,-76.94313923
2003-05-25,"GUAVIARE","MIRAFLORES",305.74,"HECTAREA",1.363974932,-72.01810951
2003-05-25,"PUTUMAYO","SAN MIGUEL",124.68,"HECTAREA",0.272449048,-76.84510459
2003-05-26,"BOLÍVAR","SANTA ROSA DEL SUR",277.41,"HECTAREA",7.772519173,-74.26272843
2003-05-27,"BOLÍVAR","SANTA ROSA DEL SUR",202.06,"HECTAREA",7.772519173,-74.26272843
2003-05-29,"BOLÍVAR","CANTAGALLO",96.36,"HECTAREA",7.239229146,-74.10014043
2003-05-29,"PUTUMAYO","VILLAGARZON",42.8,"HECTAREA",0.911149515,-76.74495447
2003-05-30,"BOLÍVAR","MARIA LA BAJA",151.06,"HECTAREA",9.976017168,-75.34380265
2003-05-31,"BOLÍVAR","CANTAGALLO",82.39,"HECTAREA",7.239229146,-74.10014043
2003-06-01,"PUTUMAYO","ORITO",113.41,"HECTAREA",0.673756323,-76.94313923
2003-06-02,"GUAVIARE","MIRAFLORES",245.72,"HECTAREA",1.363974932,-72.01810951
2003-06-02,"PUTUMAYO","VALLE DEL GUAMUEZ",167.8,"HECTAREA",0.42012589,-76.77067026
2003-06-04,"GUAVIARE","MIRAFLORES",193.6,"HECTAREA",1.363974932,-72.01810951
2003-06-04,"PUTUMAYO","ORITO",183,"HECTAREA",0.673756323,-76.94313923
2003-06-04,"SANTANDER","BOLIVAR",5.89,"HECTAREA",6.181715586,-73.92065703
2003-06-05,"GUAVIARE","EL RETORNO",324.8,"HECTAREA",2.143447362,-72.24364869
2003-06-05,"PUTUMAYO","VILLAGARZON",165,"HECTAREA",0.911149515,-76.74495447
2003-06-07,"GUAVIARE","SAN JOSE DEL GUAVIARE",403.7,"HECTAREA",2.484286091,-71.91916993
2003-06-08,"BOLÍVAR","CARTAGENA",60.42,"HECTAREA",10.46343362,-75.45889915
2003-06-09,"GUAVIARE","MIRAFLORES",31.2,"HECTAREA",1.363974932,-72.01810951
2003-06-09,"PUTUMAYO","PUERTO ASIS",88.74,"HECTAREA",0.433884539,-76.52158203
2003-06-10,"BOLÍVAR","MARIA LA BAJA",179.83,"HECTAREA",9.976017168,-75.34380265
2003-06-10,"GUAVIARE","MIRAFLORES",408.4,"HECTAREA",1.363974932,-72.01810951
2003-06-10,"PUTUMAYO","VALLE DEL GUAMUEZ",68.22,"HECTAREA",0.42012589,-76.77067026
2003-06-11,"META","PUERTO CONCORDIA",331.8,"HECTAREA",2.752260112,-72.7210941
2003-06-13,"GUAVIARE","MIRAFLORES",395.5,"HECTAREA",1.363974932,-72.01810951
2003-06-14,"BOLÍVAR","MARIA LA BAJA",48.65,"HECTAREA",9.976017168,-75.34380265
2003-06-14,"GUAVIARE","MIRAFLORES",381.9,"HECTAREA",1.363974932,-72.01810951
2003-06-15,"PUTUMAYO","VILLAGARZON",18.25,"HECTAREA",0.911149515,-76.74495447
2003-06-16,"BOLÍVAR","SAN PABLO",46.89,"HECTAREA",7.507922612,-74.10356977
2003-06-16,"GUAVIARE","MIRAFLORES",374.19,"HECTAREA",1.363974932,-72.01810951
2003-06-16,"PUTUMAYO","VILLAGARZON",67.39,"HECTAREA",0.911149515,-76.74495447
2003-06-17,"BOLÍVAR","SAN PABLO",102.82,"HECTAREA",7.507922612,-74.10356977
2003-06-18,"PUTUMAYO","VILLAGARZON",55,"HECTAREA",0.911149515,-76.74495447
2003-06-19,"BOLÍVAR","SAN PABLO",103.47,"HECTAREA",7.507922612,-74.10356977
2003-06-19,"PUTUMAYO","VILLAGARZON",68.28,"HECTAREA",0.911149515,-76.74495447
2003-06-20,"BOLÍVAR","SAN PABLO",153.2,"HECTAREA",7.507922612,-74.10356977
2003-06-20,"GUAVIARE","MIRAFLORES",349.9,"HECTAREA",1.363974932,-72.01810951
2003-06-21,"BOLÍVAR","SAN PABLO",138.52,"HECTAREA",7.507922612,-74.10356977
2003-06-22,"BOLÍVAR","SAN PABLO",86.79,"HECTAREA",7.507922612,-74.10356977
2003-06-22,"PUTUMAYO","ORITO",187.39,"HECTAREA",0.673756323,-76.94313923
2003-06-23,"BOLÍVAR","MARIA LA BAJA",104.99,"HECTAREA",9.976017168,-75.34380265
2003-06-23,"GUAVIARE","CALAMAR",218.05,"HECTAREA",1.613634284,-73.0342639
2003-06-23,"PUTUMAYO","VILLAGARZON",336.86,"HECTAREA",0.911149515,-76.74495447
2003-06-24,"GUAVIARE","MIRAFLORES",362.55,"HECTAREA",1.363974932,-72.01810951
2003-06-24,"PUTUMAYO","ORITO",109.43,"HECTAREA",0.673756323,-76.94313923
2003-06-25,"BOLÍVAR","SAN PABLO",66.28,"HECTAREA",7.507922612,-74.10356977
2003-06-26,"BOLÍVAR","SAN PABLO",89.31,"HECTAREA",7.507922612,-74.10356977
2003-06-26,"GUAVIARE","CALAMAR",90.1,"HECTAREA",1.613634284,-73.0342639
2003-06-27,"GUAVIARE","MIRAFLORES",750.85,"HECTAREA",1.363974932,-72.01810951
2003-06-27,"PUTUMAYO","ORITO",415.73,"HECTAREA",0.673756323,-76.94313923
2003-06-28,"BOLÍVAR","CANTAGALLO",75,"HECTAREA",7.239229146,-74.10014043
2003-06-28,"PUTUMAYO","ORITO",254.34,"HECTAREA",0.673756323,-76.94313923
2003-06-30,"BOLÍVAR","CANTAGALLO",67.53,"HECTAREA",7.239229146,-74.10014043
2003-06-30,"PUTUMAYO","ORITO",243.17,"HECTAREA",0.673756323,-76.94313923
2003-07-01,"BOLÍVAR","SAN PABLO",60.63,"HECTAREA",7.507922612,-74.10356977
2003-07-01,"PUTUMAYO","ORITO",272.34,"HECTAREA",0.673756323,-76.94313923
2003-07-02,"BOLÍVAR","MARIA LA BAJA",151.31,"HECTAREA",9.976017168,-75.34380265
2003-07-02,"PUTUMAYO","VALLE DEL GUAMUEZ",638.66,"HECTAREA",0.42012589,-76.77067026
2003-07-04,"BOLÍVAR","CANTAGALLO",177.78,"HECTAREA",7.239229146,-74.10014043
2003-07-04,"BOLÍVAR","SAN PABLO",107.92,"HECTAREA",7.507922612,-74.10356977
2003-07-04,"GUAVIARE","EL RETORNO",152.4,"HECTAREA",2.143447362,-72.24364869
2003-07-04,"PUTUMAYO","VALLE DEL GUAMUEZ",380.08,"HECTAREA",0.42012589,-76.77067026
2003-07-05,"GUAVIARE","MIRAFLORES",724,"HECTAREA",1.363974932,-72.01810951
2003-07-05,"PUTUMAYO","ORITO",706,"HECTAREA",0.673756323,-76.94313923
2003-07-06,"GUAVIARE","MIRAFLORES",794,"HECTAREA",1.363974932,-72.01810951
2003-07-06,"PUTUMAYO","VALLE DEL GUAMUEZ",536.13,"HECTAREA",0.42012589,-76.77067026
2003-07-07,"GUAVIARE","MIRAFLORES",228.4,"HECTAREA",1.363974932,-72.01810951
2003-07-07,"PUTUMAYO","VALLE DEL GUAMUEZ",71.94,"HECTAREA",0.42012589,-76.77067026
2003-07-08,"GUAVIARE","CALAMAR",138.72,"HECTAREA",1.613634284,-73.0342639
2003-07-08,"GUAVIARE","MIRAFLORES",767.68,"HECTAREA",1.363974932,-72.01810951
2003-07-09,"GUAVIARE","EL RETORNO",87.7,"HECTAREA",2.143447362,-72.24364869
2003-07-09,"PUTUMAYO","VILLAGARZON",364.3,"HECTAREA",0.911149515,-76.74495447
2003-07-10,"BOLÍVAR","CANTAGALLO",70.01,"HECTAREA",7.239229146,-74.10014043
2003-07-10,"GUAVIARE","CALAMAR",355.8,"HECTAREA",1.613634284,-73.0342639
2003-07-10,"PUTUMAYO","VALLE DEL GUAMUEZ",315.26,"HECTAREA",0.42012589,-76.77067026
2003-07-12,"BOLÍVAR","SAN PABLO",69,"HECTAREA",7.507922612,-74.10356977
2003-07-12,"PUTUMAYO","VILLAGARZON",202.54,"HECTAREA",0.911149515,-76.74495447
2003-07-14,"ANTIOQUIA","ZARAGOZA",461.7,"HECTAREA",7.474004006,-74.85848326
2003-07-14,"GUAVIARE","EL RETORNO",90.04,"HECTAREA",2.143447362,-72.24364869
2003-07-14,"PUTUMAYO","VALLE DEL GUAMUEZ",441.35,"HECTAREA",0.42012589,-76.77067026
2003-07-15,"ANTIOQUIA","ZARAGOZA",127.47,"HECTAREA",7.474004006,-74.85848326
2003-07-15,"GUAVIARE","EL RETORNO",78.76,"HECTAREA",2.143447362,-72.24364869
2003-07-15,"PUTUMAYO","VALLE DEL GUAMUEZ",455.47,"HECTAREA",0.42012589,-76.77067026
2003-07-16,"ANTIOQUIA","CACERES",191.67,"HECTAREA",7.665155105,-75.22369744
2003-07-16,"PUTUMAYO","VALLE DEL GUAMUEZ",227.38,"HECTAREA",0.42012589,-76.77067026
2003-07-17,"ANTIOQUIA","CACERES",527.11,"HECTAREA",7.665155105,-75.22369744
2003-07-18,"ANTIOQUIA","CACERES",403.96,"HECTAREA",7.665155105,-75.22369744
2003-07-18,"GUAVIARE","SAN JOSE DEL GUAVIARE",371.64,"HECTAREA",2.484286091,-71.91916993
2003-07-19,"ANTIOQUIA","TARAZA",485.31,"HECTAREA",7.488875998,-75.40189438
2003-07-20,"ANTIOQUIA","TARAZA",243.35,"HECTAREA",7.488875998,-75.40189438
2003-07-21,"ANTIOQUIA","TARAZA",377.72,"HECTAREA",7.488875998,-75.40189438
2003-07-22,"ANTIOQUIA","CAUCASIA",325.66,"HECTAREA",7.867941792,-75.03501824
2003-07-22,"GUAVIARE","EL RETORNO",30.36,"HECTAREA",2.143447362,-72.24364869
2003-07-23,"ANTIOQUIA","TARAZA",143.21,"HECTAREA",7.488875998,-75.40189438
2003-07-23,"TOLIMA","CHAPARRAL",81.97,"HECTAREA",3.743693084,-75.58986634
2003-07-24,"ANTIOQUIA","TARAZA",447.71,"HECTAREA",7.488875998,-75.40189438
2003-07-24,"GUAVIARE","CALAMAR",469.03,"HECTAREA",1.613634284,-73.0342639
2003-07-25,"ANTIOQUIA","TARAZA",323.7,"HECTAREA",7.488875998,-75.40189438
2003-07-26,"ANTIOQUIA","ZARAGOZA",256.49,"HECTAREA",7.474004006,-74.85848326
2003-07-26,"HUILA","NEIVA",42.56,"HECTAREA",2.993360046,-75.27236232
2003-07-27,"ANTIOQUIA","TARAZA",288.31,"HECTAREA",7.488875998,-75.40189438
2003-07-28,"ANTIOQUIA","CAUCASIA",159.09,"HECTAREA",7.867941792,-75.03501824
2003-07-28,"HUILA","GIGANTE",98.95,"HECTAREA",2.371781539,-75.51699754
2003-07-29,"ANTIOQUIA","TARAZA",68.4,"HECTAREA",7.488875998,-75.40189438
2003-07-29,"HUILA","NEIVA",12.84,"HECTAREA",2.993360046,-75.27236232
2003-07-30,"ANTIOQUIA","TARAZA",372.75,"HECTAREA",7.488875998,-75.40189438
2003-07-31,"ANTIOQUIA","TARAZA",324.03,"HECTAREA",7.488875998,-75.40189438
2003-07-31,"TOLIMA","ANZOATEGUI",24.79,"HECTAREA",4.623390454,-75.20165423
2003-08-01,"ANTIOQUIA","CAUCASIA",348.65,"HECTAREA",7.867941792,-75.03501824
2003-08-01,"GUAVIARE","SAN JOSE DEL GUAVIARE",359,"HECTAREA",2.484286091,-71.91916993
2003-08-01,"TOLIMA","ANZOATEGUI",63.3,"HECTAREA",4.623390454,-75.20165423
2003-08-02,"ANTIOQUIA","TARAZA",345.23,"HECTAREA",7.488875998,-75.40189438
2003-08-02,"GUAVIARE","MIRAFLORES",682.4,"HECTAREA",1.363974932,-72.01810951
2003-08-03,"BOLÍVAR","SAN PABLO",53.58,"HECTAREA",7.507922612,-74.10356977
2003-08-03,"GUAVIARE","CALAMAR",252.2,"HECTAREA",1.613634284,-73.0342639
2003-08-04,"ANTIOQUIA","VALDIVIA",294.28,"HECTAREA",7.265404213,-75.40094502
2003-08-04,"GUAVIARE","MIRAFLORES",57.2,"HECTAREA",1.363974932,-72.01810951
2003-08-05,"ANTIOQUIA","CAUCASIA",266.96,"HECTAREA",7.867941792,-75.03501824
2003-08-05,"GUAVIARE","MIRAFLORES",446.5,"HECTAREA",1.363974932,-72.01810951
2003-08-06,"ANTIOQUIA","TARAZA",264.62,"HECTAREA",7.488875998,-75.40189438
2003-08-06,"GUAVIARE","SAN JOSE DEL GUAVIARE",225.1,"HECTAREA",2.484286091,-71.91916993
2003-08-07,"ANTIOQUIA","TARAZA",308.86,"HECTAREA",7.488875998,-75.40189438
2003-08-07,"CAUCA","BALBOA",63.31,"HECTAREA",2.084732945,-77.2088133
2003-08-07,"GUAVIARE","SAN JOSE DEL GUAVIARE",386.9,"HECTAREA",2.484286091,-71.91916993
2003-08-08,"ANTIOQUIA","TARAZA",507.36,"HECTAREA",7.488875998,-75.40189438
2003-08-08,"GUAVIARE","EL RETORNO",70.83,"HECTAREA",2.143447362,-72.24364869
2003-08-09,"ANTIOQUIA","TARAZA",28.75,"HECTAREA",7.488875998,-75.40189438
2003-08-09,"CAUCA","MERCADERES",100.3,"HECTAREA",1.793825164,-77.18060381
2003-08-10,"ANTIOQUIA","TARAZA",109.87,"HECTAREA",7.488875998,-75.40189438
2003-08-11,"CAUCA","LA VEGA",64,"HECTAREA",2.053933426,-76.7588062
2003-08-11,"NARIÑO","LEIVA",4.59,"HECTAREA",1.900862361,-77.31220073
2003-08-12,"CAUCA","MERCADERES",94.94,"HECTAREA",1.793825164,-77.18060381
2003-08-12,"CESAR","AGUSTIN CODAZZI",60,"HECTAREA",9.949215908,-73.22358244
2003-08-12,"GUAVIARE","SAN JOSE DEL GUAVIARE",18.41,"HECTAREA",2.484286091,-71.91916993
2003-08-13,"CAUCA","MERCADERES",96.38,"HECTAREA",1.793825164,-77.18060381
2003-08-13,"CESAR","AGUSTIN CODAZZI",67,"HECTAREA",9.949215908,-73.22358244
2003-08-14,"ANTIOQUIA","SANTA ROSA DE OSOS",503.35,"HECTAREA",6.675827825,-75.43814333
2003-08-14,"CAUCA","MERCADERES",99.79,"HECTAREA",1.793825164,-77.18060381
2003-08-14,"CESAR","LA PAZ",90.84,"HECTAREA",10.24440562,-73.07824569
2003-08-14,"GUAVIARE","SAN JOSE DEL GUAVIARE",153.56,"HECTAREA",2.484286091,-71.91916993
2003-08-15,"ANTIOQUIA","TARAZA",206.07,"HECTAREA",7.488875998,-75.40189438
2003-08-15,"CAUCA","BALBOA",104.46,"HECTAREA",2.084732945,-77.2088133
2003-08-15,"CESAR","LA PAZ",43,"HECTAREA",10.24440562,-73.07824569
2003-08-15,"GUAVIARE","SAN JOSE DEL GUAVIARE",296.78,"HECTAREA",2.484286091,-71.91916993
2003-08-16,"ANTIOQUIA","TARAZA",683.14,"HECTAREA",7.488875998,-75.40189438
2003-08-16,"GUAVIARE","MIRAFLORES",328.66,"HECTAREA",1.363974932,-72.01810951
2003-08-17,"ANTIOQUIA","TARAZA",238.42,"HECTAREA",7.488875998,-75.40189438
2003-08-17,"CAUCA","BALBOA",103.07,"HECTAREA",2.084732945,-77.2088133
2003-08-18,"ANTIOQUIA","TARAZA",499.48,"HECTAREA",7.488875998,-75.40189438
2003-08-18,"CAUCA","BALBOA",179.05,"HECTAREA",2.084732945,-77.2088133
2003-08-18,"GUAVIARE","MIRAFLORES",203.26,"HECTAREA",1.363974932,-72.01810951
2003-08-19,"BOLÍVAR","MOMPOS",137,"HECTAREA",9.142512064,-74.54519906
2003-08-19,"CAUCA","MERCADERES",79,"HECTAREA",1.793825164,-77.18060381
2003-08-19,"GUAVIARE","MIRAFLORES",215.73,"HECTAREA",1.363974932,-72.01810951
2003-08-21,"BOLÍVAR","SANTA ROSA DEL SUR",74.51,"HECTAREA",7.772519173,-74.26272843
2003-08-22,"BOLÍVAR","SANTA ROSA DEL SUR",121.45,"HECTAREA",7.772519173,-74.26272843
2003-08-22,"CAUCA","BALBOA",62.01,"HECTAREA",2.084732945,-77.2088133
2003-08-22,"GUAVIARE","MIRAFLORES",309.62,"HECTAREA",1.363974932,-72.01810951
2003-08-23,"ANTIOQUIA","RIONEGRO",173,"HECTAREA",6.150785807,-75.41076052
2003-08-23,"BOLÍVAR","SANTA ROSA DEL SUR",275.12,"HECTAREA",7.772519173,-74.26272843
2003-08-23,"GUAVIARE","SAN JOSE DEL GUAVIARE",40.67,"HECTAREA",2.484286091,-71.91916993
2003-08-24,"ANTIOQUIA","RIONEGRO",164.8,"HECTAREA",6.150785807,-75.41076052
2003-08-24,"BOLÍVAR","SANTA ROSA DEL SUR",229.9,"HECTAREA",7.772519173,-74.26272843
2003-08-24,"CAUCA","ARGELIA",80.47,"HECTAREA",2.329337283,-77.26314906
2003-08-24,"GUAVIARE","MIRAFLORES",161.77,"HECTAREA",1.363974932,-72.01810951
2003-08-25,"BOLÍVAR","SANTA ROSA DEL SUR",65.32,"HECTAREA",7.772519173,-74.26272843
2003-08-25,"GUAVIARE","SAN JOSE DEL GUAVIARE",119.79,"HECTAREA",2.484286091,-71.91916993
2003-08-26,"BOLÍVAR","SANTA ROSA DEL SUR",66.18,"HECTAREA",7.772519173,-74.26272843
2003-08-26,"CAUCA","BALBOA",41.72,"HECTAREA",2.084732945,-77.2088133
2003-08-27,"ANTIOQUIA","TARAZA",89.78,"HECTAREA",7.488875998,-75.40189438
2003-08-27,"CAUCA","BALBOA",34.72,"HECTAREA",2.084732945,-77.2088133
2003-08-28,"ANTIOQUIA","TARAZA",39.75,"HECTAREA",7.488875998,-75.40189438
2003-08-30,"GUAVIARE","MIRAFLORES",98.39,"HECTAREA",1.363974932,-72.01810951
2003-08-31,"GUAVIARE","MIRAFLORES",160.48,"HECTAREA",1.363974932,-72.01810951
2003-09-01,"CAUCA","BOLIVAR",104.72,"HECTAREA",1.853951938,-76.96337454
2003-09-01,"META","MAPIRIPAN",201.83,"HECTAREA",3.117523361,-71.93805692
2003-09-03,"GUAVIARE","MIRAFLORES",172.6,"HECTAREA",1.363974932,-72.01810951
2003-09-03,"NARIÑO","EL TABLON DE GOMEZ",2.68,"HECTAREA",1.409430207,-76.98526959
2003-09-05,"NARIÑO","EL CHARCO",83,"HECTAREA",2.216382295,-77.99533234
2003-09-05,"NARIÑO","EL TABLON DE GOMEZ",9.58,"HECTAREA",1.409430207,-76.98526959
2003-09-08,"NARIÑO","EL TABLON DE GOMEZ",97.81,"HECTAREA",1.409430207,-76.98526959
2003-09-09,"NARIÑO","EL TABLON DE GOMEZ",45.68,"HECTAREA",1.409430207,-76.98526959
2003-09-09,"NORTE DE SANTANDER","TIBU",351.9,"HECTAREA",8.713507237,-72.79925855
2003-09-10,"CAUCA","ARGELIA",48.82,"HECTAREA",2.329337283,-77.26314906
2003-09-10,"NORTE DE SANTANDER","TIBU",3.15,"HECTAREA",8.713507237,-72.79925855
2003-09-11,"NARIÑO","BUESACO",43.69,"HECTAREA",1.315215636,-77.1163664
2003-09-12,"NARIÑO","BARBACOAS",81.62,"HECTAREA",1.44563774,-78.15621072
2003-09-12,"NORTE DE SANTANDER","TIBU",413.38,"HECTAREA",8.713507237,-72.79925855
2003-09-13,"NORTE DE SANTANDER","TIBU",426.61,"HECTAREA",8.713507237,-72.79925855
2003-09-14,"NORTE DE SANTANDER","TIBU",107.18,"HECTAREA",8.713507237,-72.79925855
2003-09-15,"NORTE DE SANTANDER","TIBU",225.05,"HECTAREA",8.713507237,-72.79925855
2003-09-16,"NARIÑO","SAN ANDRES DE TUMACO",456.7,"HECTAREA",1.574550638,-78.61540963
2003-09-16,"NORTE DE SANTANDER","TIBU",379.68,"HECTAREA",8.713507237,-72.79925855
2003-09-17,"CAUCA","LA SIERRA",33.57,"HECTAREA",2.187473572,-76.78228032
2003-09-17,"NORTE DE SANTANDER","TIBU",152.87,"HECTAREA",8.713507237,-72.79925855
2003-09-18,"NORTE DE SANTANDER","TIBU",573.88,"HECTAREA",8.713507237,-72.79925855
2003-09-19,"ARAUCA","FORTUL",168,"HECTAREA",6.750907234,-71.79124241
2003-09-19,"NORTE DE SANTANDER","TIBU",128.86,"HECTAREA",8.713507237,-72.79925855
2003-09-20,"ARAUCA","FORTUL",115.9,"HECTAREA",6.750907234,-71.79124241
2003-09-20,"NORTE DE SANTANDER","TIBU",146.8,"HECTAREA",8.713507237,-72.79925855
2003-09-21,"ARAUCA","FORTUL",334.5,"HECTAREA",6.750907234,-71.79124241
2003-09-21,"NARIÑO","SAN ANDRES DE TUMACO",143.94,"HECTAREA",1.574550638,-78.61540963
2003-09-21,"NORTE DE SANTANDER","SARDINATA",44.18,"HECTAREA",8.215080767,-72.79580961
2003-09-22,"ARAUCA","ARAUQUITA",669,"HECTAREA",6.799338394,-71.29827429
2003-09-24,"ARAUCA","ARAUQUITA",169.86,"HECTAREA",6.799338394,-71.29827429
2003-09-25,"ARAUCA","ARAUQUITA",123.61,"HECTAREA",6.799338394,-71.29827429
2003-09-25,"NORTE DE SANTANDER","TIBU",256.59,"HECTAREA",8.713507237,-72.79925855
2003-09-26,"ARAUCA","ARAUQUITA",13.6,"HECTAREA",6.799338394,-71.29827429
2003-09-26,"NORTE DE SANTANDER","TIBU",127.64,"HECTAREA",8.713507237,-72.79925855
2003-09-27,"ARAUCA","FORTUL",330.2,"HECTAREA",6.750907234,-71.79124241
2003-09-28,"NORTE DE SANTANDER","TIBU",100.59,"HECTAREA",8.713507237,-72.79925855
2003-09-29,"ARAUCA","ARAUQUITA",536.16,"HECTAREA",6.799338394,-71.29827429
2003-09-29,"NORTE DE SANTANDER","TIBU",192.73,"HECTAREA",8.713507237,-72.79925855
2003-09-30,"ARAUCA","FORTUL",16.64,"HECTAREA",6.750907234,-71.79124241
2003-09-30,"NARIÑO","EL CHARCO",94.6,"HECTAREA",2.216382295,-77.99533234
2003-09-30,"NORTE DE SANTANDER","TIBU",269.49,"HECTAREA",8.713507237,-72.79925855
2003-10-01,"ARAUCA","FORTUL",74.86,"HECTAREA",6.750907234,-71.79124241
2003-10-02,"ARAUCA","ARAUQUITA",324.42,"HECTAREA",6.799338394,-71.29827429
2003-10-02,"NORTE DE SANTANDER","SARDINATA",138.66,"HECTAREA",8.215080767,-72.79580961
2003-10-02,"NORTE DE SANTANDER","TIBU",429.1,"HECTAREA",8.713507237,-72.79925855
2003-10-03,"ARAUCA","ARAUQUITA",444.45,"HECTAREA",6.799338394,-71.29827429
2003-10-03,"NORTE DE SANTANDER","TIBU",225,"HECTAREA",8.713507237,-72.79925855
2003-10-04,"ARAUCA","ARAUQUITA",677.35,"HECTAREA",6.799338394,-71.29827429
2003-10-04,"NORTE DE SANTANDER","TIBU",230.84,"HECTAREA",8.713507237,-72.79925855
2003-10-05,"ARAUCA","ARAUQUITA",268.22,"HECTAREA",6.799338394,-71.29827429
2003-10-05,"NORTE DE SANTANDER","TIBU",300.56,"HECTAREA",8.713507237,-72.79925855
2003-10-06,"ARAUCA","ARAUQUITA",265.64,"HECTAREA",6.799338394,-71.29827429
2003-10-06,"NORTE DE SANTANDER","TIBU",312.26,"HECTAREA",8.713507237,-72.79925855
2003-10-07,"ARAUCA","ARAUQUITA",123.92,"HECTAREA",6.799338394,-71.29827429
2003-10-07,"NORTE DE SANTANDER","TIBU",206.18,"HECTAREA",8.713507237,-72.79925855
2003-10-08,"ARAUCA","ARAUQUITA",356,"HECTAREA",6.799338394,-71.29827429
2003-10-08,"NORTE DE SANTANDER","TIBU",84.97,"HECTAREA",8.713507237,-72.79925855
2003-10-09,"ARAUCA","ARAUQUITA",246.5,"HECTAREA",6.799338394,-71.29827429
2003-10-09,"NARIÑO","SAN ANDRES DE TUMACO",296.11,"HECTAREA",1.574550638,-78.61540963
2003-10-09,"NORTE DE SANTANDER","TIBU",32.84,"HECTAREA",8.713507237,-72.79925855
2003-10-10,"NARIÑO","OLAYA HERRERA",415.59,"HECTAREA",2.287856547,-78.31219024
2003-10-10,"NORTE DE SANTANDER","TIBU",26.37,"HECTAREA",8.713507237,-72.79925855
2003-10-11,"ARAUCA","ARAUQUITA",86.21,"HECTAREA",6.799338394,-71.29827429
2003-10-12,"NARIÑO","EL CHARCO",32.42,"HECTAREA",2.216382295,-77.99533234
2003-10-12,"NORTE DE SANTANDER","TIBU",237.96,"HECTAREA",8.713507237,-72.79925855
2003-10-13,"NORTE DE SANTANDER","TIBU",15.78,"HECTAREA",8.713507237,-72.79925855
2003-10-14,"NORTE DE SANTANDER","TIBU",203.91,"HECTAREA",8.713507237,-72.79925855
2003-10-15,"CALDAS","PALESTINA",167.61,"HECTAREA",5.050342543,-75.66176266
2003-10-17,"ARAUCA","ARAUQUITA",366,"HECTAREA",6.799338394,-71.29827429
2003-10-17,"NORTE DE SANTANDER","TIBU",157.39,"HECTAREA",8.713507237,-72.79925855
2003-10-18,"ARAUCA","ARAUQUITA",667.74,"HECTAREA",6.799338394,-71.29827429
2003-10-18,"NORTE DE SANTANDER","TIBU",82.12,"HECTAREA",8.713507237,-72.79925855
2003-10-19,"ARAUCA","ARAUQUITA",465,"HECTAREA",6.799338394,-71.29827429
2003-10-19,"NORTE DE SANTANDER","TIBU",41.18,"HECTAREA",8.713507237,-72.79925855
2003-10-21,"ARAUCA","ARAUQUITA",517.96,"HECTAREA",6.799338394,-71.29827429
2003-10-21,"NORTE DE SANTANDER","TIBU",16.94,"HECTAREA",8.713507237,-72.79925855
2003-10-22,"ARAUCA","ARAUQUITA",115.91,"HECTAREA",6.799338394,-71.29827429
2003-10-23,"ARAUCA","ARAUQUITA",231.55,"HECTAREA",6.799338394,-71.29827429
2003-10-24,"ARAUCA","ARAUQUITA",219.95,"HECTAREA",6.799338394,-71.29827429
2003-10-25,"ARAUCA","ARAUQUITA",111,"HECTAREA",6.799338394,-71.29827429
2003-10-26,"ARAUCA","ARAUQUITA",342,"HECTAREA",6.799338394,-71.29827429
2003-10-26,"NORTE DE SANTANDER","TIBU",277,"HECTAREA",8.713507237,-72.79925855
2003-10-27,"ARAUCA","ARAUQUITA",130.19,"HECTAREA",6.799338394,-71.29827429
2003-10-31,"NORTE DE SANTANDER","TIBU",167.19,"HECTAREA",8.713507237,-72.79925855
2003-11-02,"ARAUCA","ARAUQUITA",48.76,"HECTAREA",6.799338394,-71.29827429
2003-11-05,"ARAUCA","FORTUL",56.86,"HECTAREA",6.750907234,-71.79124241
2003-11-07,"META","MAPIRIPAN",112.68,"HECTAREA",3.117523361,-71.93805692
2003-11-08,"GUAVIARE","SAN JOSE DEL GUAVIARE",32.86,"HECTAREA",2.484286091,-71.91916993
2003-11-08,"META","MAPIRIPAN",353.53,"HECTAREA",3.117523361,-71.93805692
2003-11-09,"GUAVIARE","SAN JOSE DEL GUAVIARE",12.35,"HECTAREA",2.484286091,-71.91916993
2003-11-09,"META","MAPIRIPAN",5.59,"HECTAREA",3.117523361,-71.93805692
2003-11-11,"META","MAPIRIPAN",424.56,"HECTAREA",3.117523361,-71.93805692
2003-11-11,"META","PUERTO CONCORDIA",164.65,"HECTAREA",2.752260112,-72.7210941
2003-11-11,"META","PUERTO LLERAS",34.25,"HECTAREA",3.193092925,-73.23671436
2003-11-12,"META","MAPIRIPAN",228.2,"HECTAREA",3.117523361,-71.93805692
2003-11-13,"META","BARRANCA DE UPIA",406.15,"HECTAREA",4.519076127,-72.99548981
2003-11-13,"META","VILLAVICENCIO",35.49,"HECTAREA",4.09166877,-73.49291595
2003-11-15,"META","CUMARAL",28.49,"HECTAREA",4.232526389,-73.31477539
2003-11-16,"META","CUMARAL",141.68,"HECTAREA",4.232526389,-73.31477539
2003-11-16,"META","VILLAVICENCIO",2.87,"HECTAREA",4.09166877,-73.49291595
2003-11-17,"ARAUCA","ARAUQUITA",293.24,"HECTAREA",6.799338394,-71.29827429
2003-11-17,"META","MESETAS",16.97,"HECTAREA",3.154771201,-74.12454824
2003-11-17,"META","VILLAVICENCIO",109.94,"HECTAREA",4.09166877,-73.49291595
2003-11-18,"ARAUCA","ARAUQUITA",107,"HECTAREA",6.799338394,-71.29827429
2003-11-18,"META","MAPIRIPAN",14.87,"HECTAREA",3.117523361,-71.93805692
2003-11-18,"META","VILLAVICENCIO",51.87,"HECTAREA",4.09166877,-73.49291595
2003-11-19,"ARAUCA","ARAUQUITA",505.73,"HECTAREA",6.799338394,-71.29827429
2003-11-19,"META","MESETAS",50.94,"HECTAREA",3.154771201,-74.12454824
2003-11-20,"ARAUCA","ARAUQUITA",174.65,"HECTAREA",6.799338394,-71.29827429
2003-11-21,"ARAUCA","ARAUQUITA",79.63,"HECTAREA",6.799338394,-71.29827429
2003-11-22,"ARAUCA","ARAUQUITA",140.69,"HECTAREA",6.799338394,-71.29827429
2003-11-22,"META","MESETAS",91.09,"HECTAREA",3.154771201,-74.12454824
2003-11-23,"ARAUCA","ARAUQUITA",628.76,"HECTAREA",6.799338394,-71.29827429
2003-11-23,"META","PUERTO CONCORDIA",208.91,"HECTAREA",2.752260112,-72.7210941
2003-11-24,"ARAUCA","ARAUQUITA",398.18,"HECTAREA",6.799338394,-71.29827429
2003-11-24,"META","MESETAS",67.07,"HECTAREA",3.154771201,-74.12454824
2003-11-26,"ARAUCA","ARAUQUITA",220.11,"HECTAREA",6.799338394,-71.29827429
2003-11-26,"META","PUERTO RICO",34.39,"HECTAREA",2.758083657,-73.13780171
2003-11-27,"ARAUCA","ARAUQUITA",373.72,"HECTAREA",6.799338394,-71.29827429
2003-11-27,"GUAVIARE","SAN JOSE DEL GUAVIARE",175.25,"HECTAREA",2.484286091,-71.91916993
2003-11-27,"META","PUERTO RICO",134.25,"HECTAREA",2.758083657,-73.13780171
2003-11-29,"ARAUCA","TAME",25.76,"HECTAREA",6.390650479,-71.79178647
2003-11-29,"META","PUERTO RICO",221.77,"HECTAREA",2.758083657,-73.13780171
2003-11-30,"META","PUERTO RICO",15.6,"HECTAREA",2.758083657,-73.13780171
2003-12-04,"META","MAPIRIPAN",1.65,"HECTAREA",3.117523361,-71.93805692
2003-12-05,"META","PUERTO CONCORDIA",416.99,"HECTAREA",2.752260112,-72.7210941
2003-12-07,"CESAR","AGUSTIN CODAZZI",60,"HECTAREA",9.949215908,-73.22358244
2003-12-07,"META","PUERTO CONCORDIA",512.95,"HECTAREA",2.752260112,-72.7210941
2003-12-07,"NARIÑO","MAGUI",186.86,"HECTAREA",1.906858429,-78.04473644
2003-12-08,"CAUCA","ALMAGUER",58.91,"HECTAREA",1.912440521,-76.83494519
2003-12-08,"CESAR","AGUSTIN CODAZZI",60,"HECTAREA",9.949215908,-73.22358244
2003-12-08,"GUAVIARE","SAN JOSE DEL GUAVIARE",485.87,"HECTAREA",2.484286091,-71.91916993
2003-12-09,"CAUCA","POPAYAN",14.55,"HECTAREA",2.471704362,-76.59194419
2003-12-09,"CESAR","AGUSTIN CODAZZI",30,"HECTAREA",9.949215908,-73.22358244
2003-12-09,"GUAVIARE","SAN JOSE DEL GUAVIARE",149.83,"HECTAREA",2.484286091,-71.91916993
2003-12-09,"NARIÑO","MAGUI",186.86,"HECTAREA",1.906858429,-78.04473644
2003-12-10,"CESAR","AGUSTIN CODAZZI",18,"HECTAREA",9.949215908,-73.22358244
2003-12-10,"GUAVIARE","SAN JOSE DEL GUAVIARE",89.27,"HECTAREA",2.484286091,-71.91916993
2003-12-10,"NARIÑO","SAN ANDRES DE TUMACO",92.2,"HECTAREA",1.574550638,-78.61540963
2003-12-11,"GUAVIARE","SAN JOSE DEL GUAVIARE",302.26,"HECTAREA",2.484286091,-71.91916993
2003-12-12,"GUAVIARE","SAN JOSE DEL GUAVIARE",154.59,"HECTAREA",2.484286091,-71.91916993
2003-12-13,"GUAVIARE","SAN JOSE DEL GUAVIARE",267.38,"HECTAREA",2.484286091,-71.91916993
2003-12-15,"CAUCA","SAN SEBASTIAN",14,"HECTAREA",1.856261815,-76.71652424
2003-12-15,"GUAVIARE","EL RETORNO",253.11,"HECTAREA",2.143447362,-72.24364869
2003-12-15,"HUILA","COLOMBIA",40.41,"HECTAREA",3.262763564,-74.78516117
2003-12-16,"GUAVIARE","SAN JOSE DEL GUAVIARE",111.21,"HECTAREA",2.484286091,-71.91916993
2003-12-17,"TOLIMA","RIOBLANCO",11.38,"HECTAREA",3.468077548,-75.85481103
2003-12-18,"HUILA","IQUIRA",13.87,"HECTAREA",2.691517773,-75.67383141
2003-12-19,"NARIÑO","SAN ANDRES DE TUMACO",253.7,"HECTAREA",1.574550638,-78.61540963
2003-12-21,"GUAVIARE","SAN JOSE DEL GUAVIARE",115.21,"HECTAREA",2.484286091,-71.91916993
2003-12-21,"HUILA","ALGECIRAS",29.15,"HECTAREA",2.49785068,-75.29134946
2003-12-22,"NARIÑO","SAN ANDRES DE TUMACO",320.53,"HECTAREA",1.574550638,-78.61540963
2003-12-23,"GUAVIARE","CALAMAR",149.68,"HECTAREA",1.613634284,-73.0342639
2003-12-24,"GUAVIARE","SAN JOSE DEL GUAVIARE",196.81,"HECTAREA",2.484286091,-71.91916993
2003-12-24,"HUILA","COLOMBIA",24,"HECTAREA",3.262763564,-74.78516117
2003-12-25,"GUAVIARE","CALAMAR",244.78,"HECTAREA",1.613634284,-73.0342639
2003-12-25,"HUILA","ALGECIRAS",30,"HECTAREA",2.49785068,-75.29134946
2003-12-25,"NARIÑO","SAN ANDRES DE TUMACO",212.98,"HECTAREA",1.574550638,-78.61540963
2003-12-26,"GUAVIARE","CALAMAR",82.38,"HECTAREA",1.613634284,-73.0342639
2003-12-26,"HUILA","ALGECIRAS",30,"HECTAREA",2.49785068,-75.29134946
2003-12-26,"NARIÑO","SAN ANDRES DE TUMACO",942.24,"HECTAREA",1.574550638,-78.61540963
2003-12-27,"GUAVIARE","SAN JOSE DEL GUAVIARE",14.78,"HECTAREA",2.484286091,-71.91916993
2003-12-27,"NARIÑO","SAN ANDRES DE TUMACO",1027,"HECTAREA",1.574550638,-78.61540963
2003-12-28,"NARIÑO","SAN ANDRES DE TUMACO",284.48,"HECTAREA",1.574550638,-78.61540963
2003-12-30,"GUAVIARE","EL RETORNO",61.48,"HECTAREA",2.143447362,-72.24364869
2003-12-30,"NARIÑO","EL CHARCO",377.28,"HECTAREA",2.216382295,-77.99533234
2003-12-31,"GUAVIARE","SAN JOSE DEL GUAVIARE",36.66,"HECTAREA",2.484286091,-71.91916993
2003-12-31,"NARIÑO","EL CHARCO",776.58,"HECTAREA",2.216382295,-77.99533234
2003-12-31,"TOLIMA","PLANADAS",30.3,"HECTAREA",3.09897343,-75.81684413
2004-01-01,"GUAVIARE","EL RETORNO",156.86,"HECTAREA",2.143447362,-72.24364869
2004-01-01,"TOLIMA","PLANADAS",51.78,"HECTAREA",3.09897343,-75.81684413
2004-01-02,"GUAVIARE","SAN JOSE DEL GUAVIARE",48.43,"HECTAREA",2.484286091,-71.91916993
2004-01-02,"NARIÑO","SAN ANDRES DE TUMACO",743.31,"HECTAREA",1.574550638,-78.61540963
2004-01-03,"GUAVIARE","EL RETORNO",120.33,"HECTAREA",2.143447362,-72.24364869
2004-01-03,"GUAVIARE","SAN JOSE DEL GUAVIARE",120.33,"HECTAREA",2.484286091,-71.91916993
2004-01-03,"TOLIMA","CHAPARRAL",8.45,"HECTAREA",3.743693084,-75.58986634
2004-01-03,"TOLIMA","RIOBLANCO",8.45,"HECTAREA",3.468077548,-75.85481103
2004-01-04,"GUAVIARE","EL RETORNO",233.52,"HECTAREA",2.143447362,-72.24364869
2004-01-04,"HUILA","ALGECIRAS",26.67,"HECTAREA",2.49785068,-75.29134946
2004-01-04,"NARIÑO","MAGUI",378.5,"HECTAREA",1.906858429,-78.04473644
2004-01-04,"NARIÑO","ROBERTO PAYAN",378.5,"HECTAREA",1.897581156,-78.3811163
2004-01-04,"NARIÑO","SAN ANDRES DE TUMACO",378.51,"HECTAREA",1.574550638,-78.61540963
2004-01-05,"GUAVIARE","EL RETORNO",257.4,"HECTAREA",2.143447362,-72.24364869
2004-01-05,"HUILA","ALGECIRAS",17.18,"HECTAREA",2.49785068,-75.29134946
2004-01-06,"GUAVIARE","EL RETORNO",63.15,"HECTAREA",2.143447362,-72.24364869
2004-01-06,"NARIÑO","MAGUI",1610.5,"HECTAREA",1.906858429,-78.04473644
2004-01-07,"GUAVIARE","SAN JOSE DEL GUAVIARE",123.7,"HECTAREA",2.484286091,-71.91916993
2004-01-07,"HUILA","IQUIRA",16.59,"HECTAREA",2.691517773,-75.67383141
2004-01-08,"NARIÑO","SAN ANDRES DE TUMACO",144.65,"HECTAREA",1.574550638,-78.61540963
2004-01-09,"GUAVIARE","EL RETORNO",141.5,"HECTAREA",2.143447362,-72.24364869
2004-01-10,"GUAVIARE","EL RETORNO",122.11,"HECTAREA",2.143447362,-72.24364869
2004-01-10,"NARIÑO","ROBERTO PAYAN",527.93,"HECTAREA",1.897581156,-78.3811163
2004-01-11,"NARIÑO","ROBERTO PAYAN",597.44,"HECTAREA",1.897581156,-78.3811163
2004-01-12,"CAQUETÁ","SAN VICENTE DEL CAGUAN",7.4,"HECTAREA",1.308465061,-74.19746971
2004-01-12,"GUAVIARE","SAN JOSE DEL GUAVIARE",106.06,"HECTAREA",2.484286091,-71.91916993
2004-01-12,"NARIÑO","ROBERTO PAYAN",379.46,"HECTAREA",1.897581156,-78.3811163
2004-01-13,"CAQUETÁ","SAN VICENTE DEL CAGUAN",31.6,"HECTAREA",1.308465061,-74.19746971
2004-01-13,"GUAVIARE","SAN JOSE DEL GUAVIARE",91.92,"HECTAREA",2.484286091,-71.91916993
2004-01-14,"GUAVIARE","SAN JOSE DEL GUAVIARE",349.37,"HECTAREA",2.484286091,-71.91916993
2004-01-15,"GUAVIARE","EL RETORNO",155.26,"HECTAREA",2.143447362,-72.24364869
2004-01-16,"GUAVIARE","EL RETORNO",357.27,"HECTAREA",2.143447362,-72.24364869
2004-01-17,"GUAVIARE","SAN JOSE DEL GUAVIARE",528.9,"HECTAREA",2.484286091,-71.91916993
2004-01-17,"NARIÑO","ROBERTO PAYAN",946.07,"HECTAREA",1.897581156,-78.3811163
2004-01-18,"GUAVIARE","SAN JOSE DEL GUAVIARE",301.88,"HECTAREA",2.484286091,-71.91916993
2004-01-18,"HUILA","ALGECIRAS",30.36,"HECTAREA",2.49785068,-75.29134946
2004-01-18,"NARIÑO","BARBACOAS",377.5,"HECTAREA",1.44563774,-78.15621072
2004-01-18,"NARIÑO","BUESACO",43.43,"HECTAREA",1.315215636,-77.1163664
2004-01-18,"NARIÑO","SAN ANDRES DE TUMACO",377.51,"HECTAREA",1.574550638,-78.61540963
2004-01-19,"GUAVIARE","SAN JOSE DEL GUAVIARE",319.73,"HECTAREA",2.484286091,-71.91916993
2004-01-19,"NARIÑO","BARBACOAS",716.45,"HECTAREA",1.44563774,-78.15621072
2004-01-19,"NARIÑO","BUESACO",42.25,"HECTAREA",1.315215636,-77.1163664
2004-01-20,"GUAVIARE","SAN JOSE DEL GUAVIARE",457,"HECTAREA",2.484286091,-71.91916993
2004-01-20,"NARIÑO","BARBACOAS",304.69,"HECTAREA",1.44563774,-78.15621072
2004-01-20,"NARIÑO","BUESACO",7.63,"HECTAREA",1.315215636,-77.1163664
2004-01-20,"NARIÑO","EL TABLON DE GOMEZ",7.64,"HECTAREA",1.409430207,-76.98526959
2004-01-21,"GUAVIARE","SAN JOSE DEL GUAVIARE",180.53,"HECTAREA",2.484286091,-71.91916993
2004-01-22,"GUAVIARE","SAN JOSE DEL GUAVIARE",147.41,"HECTAREA",2.484286091,-71.91916993
2004-01-22,"NARIÑO","BARBACOAS",545.47,"HECTAREA",1.44563774,-78.15621072
2004-01-23,"GUAVIARE","SAN JOSE DEL GUAVIARE",201.34,"HECTAREA",2.484286091,-71.91916993
2004-01-23,"NARIÑO","MAGUI",499.82,"HECTAREA",1.906858429,-78.04473644
2004-01-24,"GUAVIARE","SAN JOSE DEL GUAVIARE",213.09,"HECTAREA",2.484286091,-71.91916993
2004-01-24,"NARIÑO","EL TABLON DE GOMEZ",26.61,"HECTAREA",1.409430207,-76.98526959
2004-01-24,"NARIÑO","MAGUI",313.82,"HECTAREA",1.906858429,-78.04473644
2004-01-25,"CAUCA","LA VEGA",60.41,"HECTAREA",2.053933426,-76.7588062
2004-01-25,"GUAVIARE","SAN JOSE DEL GUAVIARE",235.99,"HECTAREA",2.484286091,-71.91916993
2004-01-26,"GUAVIARE","SAN JOSE DEL GUAVIARE",92.34,"HECTAREA",2.484286091,-71.91916993
2004-01-26,"NARIÑO","LA CRUZ",39.96,"HECTAREA",1.584175998,-76.92335262
2004-01-26,"NARIÑO","MAGUI",394.25,"HECTAREA",1.906858429,-78.04473644
2004-01-27,"GUAVIARE","EL RETORNO",224.85,"HECTAREA",2.143447362,-72.24364869
2004-01-27,"NARIÑO","LA CRUZ",76.24,"HECTAREA",1.584175998,-76.92335262
2004-01-27,"NARIÑO","MAGUI",649.96,"HECTAREA",1.906858429,-78.04473644
2004-01-28,"CAUCA","BOLIVAR",70.78,"HECTAREA",1.853951938,-76.96337454
2004-01-28,"GUAVIARE","EL RETORNO",96.4,"HECTAREA",2.143447362,-72.24364869
2004-01-29,"CAUCA","BOLIVAR",8.3,"HECTAREA",1.853951938,-76.96337454
2004-01-29,"NARIÑO","MAGUI",52.9,"HECTAREA",1.906858429,-78.04473644
2004-01-29,"NARIÑO","ROBERTO PAYAN",52.9,"HECTAREA",1.897581156,-78.3811163
2004-01-31,"NARIÑO","BARBACOAS",629.22,"HECTAREA",1.44563774,-78.15621072
2004-02-01,"CAQUETÁ","CURILLO",11.35,"HECTAREA",1.115379292,-75.97328452
2004-02-02,"CAQUETÁ","CURILLO",21.22,"HECTAREA",1.115379292,-75.97328452
2004-02-02,"NARIÑO","MAGUI",809.81,"HECTAREA",1.906858429,-78.04473644
2004-02-02,"NARIÑO","ROBERTO PAYAN",138,"HECTAREA",1.897581156,-78.3811163
2004-02-03,"CAQUETÁ","ALBANIA",58.91,"HECTAREA",1.22786549,-75.88232651
2004-02-03,"CAQUETÁ","CURILLO",60.34,"HECTAREA",1.115379292,-75.97328452
2004-02-04,"NARIÑO","ROBERTO PAYAN",589.87,"HECTAREA",1.897581156,-78.3811163
2004-02-05,"CAQUETÁ","MILAN",4.48,"HECTAREA",1.146692554,-75.38664764
2004-02-05,"NARIÑO","ROBERTO PAYAN",239.33,"HECTAREA",1.897581156,-78.3811163
2004-02-06,"CAUCA","SAN SEBASTIAN",74.56,"HECTAREA",1.856261815,-76.71652424
2004-02-07,"CAUCA","SAN SEBASTIAN",5.38,"HECTAREA",1.856261815,-76.71652424
2004-02-07,"NARIÑO","EL TABLON DE GOMEZ",39.53,"HECTAREA",1.409430207,-76.98526959
2004-02-08,"NARIÑO","ROBERTO PAYAN",190.69,"HECTAREA",1.897581156,-78.3811163
2004-02-10,"CAQUETÁ","SAN VICENTE DEL CAGUAN",156.58,"HECTAREA",1.308465061,-74.19746971
2004-02-10,"NARIÑO","ROBERTO PAYAN",376.46,"HECTAREA",1.897581156,-78.3811163
2004-02-11,"CAUCA","BALBOA",209.87,"HECTAREA",2.084732945,-77.2088133
2004-02-11,"NARIÑO","ROBERTO PAYAN",489.39,"HECTAREA",1.897581156,-78.3811163
2004-02-12,"CAQUETÁ","MILAN",53.35,"HECTAREA",1.146692554,-75.38664764
2004-02-12,"CAUCA","BALBOA",227.01,"HECTAREA",2.084732945,-77.2088133
2004-02-12,"NARIÑO","ROBERTO PAYAN",460.34,"HECTAREA",1.897581156,-78.3811163
2004-02-13,"CAQUETÁ","MILAN",40.48,"HECTAREA",1.146692554,-75.38664764
2004-02-13,"CAUCA","BALBOA",111.03,"HECTAREA",2.084732945,-77.2088133
2004-02-13,"CAUCA","SAN SEBASTIAN",6.77,"HECTAREA",1.856261815,-76.71652424
2004-02-13,"NARIÑO","LA CRUZ",30.56,"HECTAREA",1.584175998,-76.92335262
2004-02-13,"NARIÑO","MAGUI",137,"HECTAREA",1.906858429,-78.04473644
2004-02-13,"NARIÑO","ROBERTO PAYAN",757.78,"HECTAREA",1.897581156,-78.3811163
2004-02-14,"NARIÑO","MAGUI",297.17,"HECTAREA",1.906858429,-78.04473644
2004-02-15,"CAQUETÁ","MILAN",17.74,"HECTAREA",1.146692554,-75.38664764
2004-02-15,"CAUCA","BALBOA",129.79,"HECTAREA",2.084732945,-77.2088133
2004-02-15,"NARIÑO","ROBERTO PAYAN",902.25,"HECTAREA",1.897581156,-78.3811163
2004-02-15,"PUTUMAYO","PUERTO GUZMAN",17.74,"HECTAREA",0.746432215,-75.88022979
2004-02-17,"NARIÑO","BARBACOAS",259.99,"HECTAREA",1.44563774,-78.15621072
2004-02-18,"CAUCA","MERCADERES",31.06,"HECTAREA",1.793825164,-77.18060381
2004-02-18,"NARIÑO","EL ROSARIO",28.44,"HECTAREA",1.887689437,-77.48319589
2004-02-18,"NARIÑO","ROBERTO PAYAN",18.27,"HECTAREA",1.897581156,-78.3811163
2004-02-19,"PUTUMAYO","PUERTO GUZMAN",25,"HECTAREA",0.746432215,-75.88022979
2004-02-20,"CAQUETÁ","SOLANO",185.77,"HECTAREA",0.096131862,-72.32036402
2004-02-20,"CAUCA","MERCADERES",44.24,"HECTAREA",1.793825164,-77.18060381
2004-02-20,"NARIÑO","EL TABLON DE GOMEZ",27.65,"HECTAREA",1.409430207,-76.98526959
2004-02-20,"NARIÑO","ROBERTO PAYAN",317.97,"HECTAREA",1.897581156,-78.3811163
2004-02-20,"PUTUMAYO","PUERTO GUZMAN",159.78,"HECTAREA",0.746432215,-75.88022979
2004-02-21,"NARIÑO","ROBERTO PAYAN",224.44,"HECTAREA",1.897581156,-78.3811163
2004-02-22,"NARIÑO","ROBERTO PAYAN",920.64,"HECTAREA",1.897581156,-78.3811163
2004-02-23,"CAQUETÁ","ALBANIA",14.28,"HECTAREA",1.22786549,-75.88232651
2004-02-23,"NARIÑO","ROBERTO PAYAN",440.8,"HECTAREA",1.897581156,-78.3811163
2004-02-24,"CAQUETÁ","ALBANIA",22.66,"HECTAREA",1.22786549,-75.88232651
2004-02-24,"CAQUETÁ","MILAN",219.08,"HECTAREA",1.146692554,-75.38664764
2004-02-24,"CAQUETÁ","SAN JOSE DEL FRAGUA",50.32,"HECTAREA",1.304702314,-76.11000594
2004-02-24,"NARIÑO","ROBERTO PAYAN",737.54,"HECTAREA",1.897581156,-78.3811163
2004-02-25,"NARIÑO","EL CHARCO",255.4,"HECTAREA",2.216382295,-77.99533234
2004-02-25,"NARIÑO","ROBERTO PAYAN",255.4,"HECTAREA",1.897581156,-78.3811163
2004-02-26,"CAQUETÁ","SAN JOSE DEL FRAGUA",201.11,"HECTAREA",1.304702314,-76.11000594
2004-02-27,"ANTIOQUIA","TARAZA",209.52,"HECTAREA",7.488875998,-75.40189438
2004-02-28,"ANTIOQUIA","TARAZA",221.62,"HECTAREA",7.488875998,-75.40189438
2004-02-28,"CAQUETÁ","MILAN",72.99,"HECTAREA",1.146692554,-75.38664764
2004-02-28,"CAQUETÁ","SOLANO",72.99,"HECTAREA",0.096131862,-72.32036402
2004-02-29,"ANTIOQUIA","TARAZA",297.65,"HECTAREA",7.488875998,-75.40189438
2004-02-29,"CAQUETÁ","SAN JOSE DEL FRAGUA",73,"HECTAREA",1.304702314,-76.11000594
2004-02-29,"NARIÑO","BARBACOAS",145.14,"HECTAREA",1.44563774,-78.15621072
2004-02-29,"NARIÑO","MAGUI",431.44,"HECTAREA",1.906858429,-78.04473644
2004-02-29,"PUTUMAYO","PUERTO GUZMAN",71.21,"HECTAREA",0.746432215,-75.88022979
2004-03-01,"ANTIOQUIA","TARAZA",230.6,"HECTAREA",7.488875998,-75.40189438
2004-03-01,"CAQUETÁ","SOLITA",124.15,"HECTAREA",0.943939454,-75.64668544
2004-03-02,"ANTIOQUIA","TARAZA",168.13,"HECTAREA",7.488875998,-75.40189438
2004-03-02,"NARIÑO","EL CHARCO",380.12,"HECTAREA",2.216382295,-77.99533234
2004-03-02,"NARIÑO","SAN ANDRES DE TUMACO",380.13,"HECTAREA",1.574550638,-78.61540963
2004-03-03,"ANTIOQUIA","TARAZA",888.89,"HECTAREA",7.488875998,-75.40189438
2004-03-04,"ANTIOQUIA","TARAZA",452.66,"HECTAREA",7.488875998,-75.40189438
2004-03-04,"CAQUETÁ","SAN JOSE DEL FRAGUA",90.83,"HECTAREA",1.304702314,-76.11000594
2004-03-04,"PUTUMAYO","PUERTO GUZMAN",206.11,"HECTAREA",0.746432215,-75.88022979
2004-03-05,"ANTIOQUIA","TARAZA",378.6,"HECTAREA",7.488875998,-75.40189438
2004-03-05,"NARIÑO","EL CHARCO",159.09,"HECTAREA",2.216382295,-77.99533234
2004-03-05,"NARIÑO","SAN ANDRES DE TUMACO",159.09,"HECTAREA",1.574550638,-78.61540963
2004-03-06,"NARIÑO","SAN ANDRES DE TUMACO",204.25,"HECTAREA",1.574550638,-78.61540963
2004-03-06,"PUTUMAYO","PUERTO CAICEDO",191.67,"HECTAREA",0.70416861,-76.49864415
2004-03-07,"ANTIOQUIA","CACERES",506.52,"HECTAREA",7.665155105,-75.22369744
2004-03-07,"NARIÑO","SAN ANDRES DE TUMACO",137.4,"HECTAREA",1.574550638,-78.61540963
2004-03-07,"PUTUMAYO","ORITO",144.39,"HECTAREA",0.673756323,-76.94313923
2004-03-07,"PUTUMAYO","PUERTO CAICEDO",288.79,"HECTAREA",0.70416861,-76.49864415
2004-03-08,"PUTUMAYO","ORITO",157.44,"HECTAREA",0.673756323,-76.94313923
2004-03-08,"PUTUMAYO","PUERTO ASIS",159.51,"HECTAREA",0.433884539,-76.52158203
2004-03-09,"ANTIOQUIA","CACERES",112.35,"HECTAREA",7.665155105,-75.22369744
2004-03-10,"NARIÑO","SAN ANDRES DE TUMACO",215.46,"HECTAREA",1.574550638,-78.61540963
2004-03-11,"NARIÑO","BARBACOAS",281.2,"HECTAREA",1.44563774,-78.15621072
2004-03-12,"PUTUMAYO","PUERTO ASIS",164.62,"HECTAREA",0.433884539,-76.52158203
2004-03-12,"PUTUMAYO","PUERTO GUZMAN",164.65,"HECTAREA",0.746432215,-75.88022979
2004-03-14,"ANTIOQUIA","TARAZA",94.83,"HECTAREA",7.488875998,-75.40189438
2004-03-14,"NARIÑO","SAN ANDRES DE TUMACO",340.21,"HECTAREA",1.574550638,-78.61540963
2004-03-14,"PUTUMAYO","PUERTO GUZMAN",194.67,"HECTAREA",0.746432215,-75.88022979
2004-03-15,"ANTIOQUIA","TARAZA",138.09,"HECTAREA",7.488875998,-75.40189438
2004-03-15,"NARIÑO","SAN ANDRES DE TUMACO",480.31,"HECTAREA",1.574550638,-78.61540963
2004-03-16,"NARIÑO","SAN ANDRES DE TUMACO",211.74,"HECTAREA",1.574550638,-78.61540963
2004-03-16,"PUTUMAYO","VALLE DEL GUAMUEZ",435.99,"HECTAREA",0.42012589,-76.77067026
2004-03-18,"NARIÑO","SAN ANDRES DE TUMACO",61.93,"HECTAREA",1.574550638,-78.61540963
2004-03-18,"PUTUMAYO","VALLE DEL GUAMUEZ",489.85,"HECTAREA",0.42012589,-76.77067026
2004-03-19,"NARIÑO","SAN ANDRES DE TUMACO",313.65,"HECTAREA",1.574550638,-78.61540963
2004-03-21,"PUTUMAYO","PUERTO CAICEDO",283.67,"HECTAREA",0.70416861,-76.49864415
2004-03-22,"ANTIOQUIA","EL BAGRE",112.89,"HECTAREA",7.704633351,-74.66427726
2004-03-22,"NARIÑO","SAN ANDRES DE TUMACO",686.47,"HECTAREA",1.574550638,-78.61540963
2004-03-25,"ANTIOQUIA","EL BAGRE",170,"HECTAREA",7.704633351,-74.66427726
2004-03-26,"NARIÑO","SAN ANDRES DE TUMACO",383.96,"HECTAREA",1.574550638,-78.61540963
2004-03-27,"PUTUMAYO","VALLE DEL GUAMUEZ",483.79,"HECTAREA",0.42012589,-76.77067026
2004-03-28,"ANTIOQUIA","EL BAGRE",261.41,"HECTAREA",7.704633351,-74.66427726
2004-03-28,"NARIÑO","SAN ANDRES DE TUMACO",228.9,"HECTAREA",1.574550638,-78.61540963
2004-03-29,"NARIÑO","SAN ANDRES DE TUMACO",377.69,"HECTAREA",1.574550638,-78.61540963
2004-03-29,"PUTUMAYO","VALLE DEL GUAMUEZ",106.16,"HECTAREA",0.42012589,-76.77067026
2004-03-30,"NARIÑO","EL CHARCO",323.84,"HECTAREA",2.216382295,-77.99533234
2004-03-31,"ANTIOQUIA","CACERES",322.42,"HECTAREA",7.665155105,-75.22369744
2004-04-01,"ANTIOQUIA","TARAZA",106.26,"HECTAREA",7.488875998,-75.40189438
2004-04-01,"PUTUMAYO","VALLE DEL GUAMUEZ",190.03,"HECTAREA",0.42012589,-76.77067026
2004-04-02,"ANTIOQUIA","TARAZA",326.72,"HECTAREA",7.488875998,-75.40189438
2004-04-02,"NARIÑO","SAN ANDRES DE TUMACO",696.25,"HECTAREA",1.574550638,-78.61540963
2004-04-04,"CESAR","MANAURE",59.26,"HECTAREA",10.38027852,-73.00706275
2004-04-04,"NARIÑO","SAN ANDRES DE TUMACO",399.3,"HECTAREA",1.574550638,-78.61540963
2004-04-04,"PUTUMAYO","VALLE DEL GUAMUEZ",160.44,"HECTAREA",0.42012589,-76.77067026
2004-04-05,"ANTIOQUIA","TARAZA",386.09,"HECTAREA",7.488875998,-75.40189438
2004-04-05,"PUTUMAYO","VALLE DEL GUAMUEZ",594.51,"HECTAREA",0.42012589,-76.77067026
2004-04-06,"ANTIOQUIA","TARAZA",90.89,"HECTAREA",7.488875998,-75.40189438
2004-04-06,"PUTUMAYO","VALLE DEL GUAMUEZ",185.16,"HECTAREA",0.42012589,-76.77067026
2004-04-07,"ANTIOQUIA","EL BAGRE",53.41,"HECTAREA",7.704633351,-74.66427726
2004-04-07,"CESAR","AGUSTIN CODAZZI",60.33,"HECTAREA",9.949215908,-73.22358244
2004-04-07,"PUTUMAYO","ORITO",172.25,"HECTAREA",0.673756323,-76.94313923
2004-04-08,"ANTIOQUIA","EL BAGRE",49.94,"HECTAREA",7.704633351,-74.66427726
2004-04-08,"CESAR","MANAURE",43.89,"HECTAREA",10.38027852,-73.00706275
2004-04-08,"NARIÑO","EL CHARCO",170.72,"HECTAREA",2.216382295,-77.99533234
2004-04-09,"ANTIOQUIA","TARAZA",107.4,"HECTAREA",7.488875998,-75.40189438
2004-04-09,"PUTUMAYO","PUERTO ASIS",156.96,"HECTAREA",0.433884539,-76.52158203
2004-04-10,"NARIÑO","SAN ANDRES DE TUMACO",193.86,"HECTAREA",1.574550638,-78.61540963
2004-04-10,"PUTUMAYO","PUERTO ASIS",473.74,"HECTAREA",0.433884539,-76.52158203
2004-04-11,"NARIÑO","SAN ANDRES DE TUMACO",118.38,"HECTAREA",1.574550638,-78.61540963
2004-04-11,"PUTUMAYO","PUERTO ASIS",819.55,"HECTAREA",0.433884539,-76.52158203
2004-04-12,"HUILA","IQUIRA",30,"HECTAREA",2.691517773,-75.67383141
2004-04-12,"TOLIMA","RIOBLANCO",25.4,"HECTAREA",3.468077548,-75.85481103
2004-04-14,"PUTUMAYO","VALLE DEL GUAMUEZ",511.32,"HECTAREA",0.42012589,-76.77067026
2004-04-15,"NARIÑO","SAN ANDRES DE TUMACO",596.79,"HECTAREA",1.574550638,-78.61540963
2004-04-15,"PUTUMAYO","ORITO",150,"HECTAREA",0.673756323,-76.94313923
2004-04-15,"PUTUMAYO","PUERTO ASIS",150.49,"HECTAREA",0.433884539,-76.52158203
2004-04-16,"NARIÑO","SAN ANDRES DE TUMACO",723.16,"HECTAREA",1.574550638,-78.61540963
2004-04-17,"CAUCA","LA VEGA",18.33,"HECTAREA",2.053933426,-76.7588062
2004-04-17,"NARIÑO","SAN ANDRES DE TUMACO",306.47,"HECTAREA",1.574550638,-78.61540963
2004-04-19,"CAUCA","BOLIVAR",10,"HECTAREA",1.853951938,-76.96337454
2004-04-19,"CAUCA","LA VEGA",10.24,"HECTAREA",2.053933426,-76.7588062
2004-04-19,"HUILA","COLOMBIA",29.3,"HECTAREA",3.262763564,-74.78516117
2004-04-19,"NARIÑO","SAN ANDRES DE TUMACO",733.11,"HECTAREA",1.574550638,-78.61540963
2004-04-20,"TOLIMA","RIOBLANCO",4.04,"HECTAREA",3.468077548,-75.85481103
2004-04-21,"NARIÑO","SAN ANDRES DE TUMACO",527.54,"HECTAREA",1.574550638,-78.61540963
2004-04-24,"CAUCA","LA VEGA",16.04,"HECTAREA",2.053933426,-76.7588062
2004-04-24,"HUILA","IQUIRA",16.09,"HECTAREA",2.691517773,-75.67383141
2004-04-24,"NARIÑO","SAN ANDRES DE TUMACO",460.89,"HECTAREA",1.574550638,-78.61540963
2004-04-24,"PUTUMAYO","PUERTO ASIS",141.89,"HECTAREA",0.433884539,-76.52158203
2004-04-25,"CAUCA","LA VEGA",46.63,"HECTAREA",2.053933426,-76.7588062
2004-04-25,"NARIÑO","SAN ANDRES DE TUMACO",357.21,"HECTAREA",1.574550638,-78.61540963
2004-04-25,"PUTUMAYO","PUERTO CAICEDO",214.07,"HECTAREA",0.70416861,-76.49864415
2004-04-25,"PUTUMAYO","VALLE DEL GUAMUEZ",154.06,"HECTAREA",0.42012589,-76.77067026
2004-04-26,"CAUCA","BOLIVAR",28.31,"HECTAREA",1.853951938,-76.96337454
2004-04-26,"HUILA","ALGECIRAS",21.45,"HECTAREA",2.49785068,-75.29134946
2004-04-26,"HUILA","RIVERA",21.45,"HECTAREA",2.79286115,-75.23536868
2004-04-27,"CAUCA","BOLIVAR",12.82,"HECTAREA",1.853951938,-76.96337454
2004-04-27,"PUTUMAYO","PUERTO CAICEDO",298.25,"HECTAREA",0.70416861,-76.49864415
2004-04-29,"CAUCA","PAEZ",54.81,"HECTAREA",2.733887702,-75.99368264
2004-04-29,"PUTUMAYO","PUERTO ASIS",400.3,"HECTAREA",0.433884539,-76.52158203
2004-04-30,"HUILA","IQUIRA",28.04,"HECTAREA",2.691517773,-75.67383141
2004-04-30,"TOLIMA","RIOBLANCO",28.85,"HECTAREA",3.468077548,-75.85481103
2004-05-01,"HUILA","SANTA MARIA",61.62,"HECTAREA",2.926265937,-75.63359786
2004-05-01,"NARIÑO","SAN ANDRES DE TUMACO",114.41,"HECTAREA",1.574550638,-78.61540963
2004-05-01,"PUTUMAYO","PUERTO ASIS",50,"HECTAREA",0.433884539,-76.52158203
2004-05-01,"PUTUMAYO","PUERTO GUZMAN",85.69,"HECTAREA",0.746432215,-75.88022979
2004-05-03,"TOLIMA","RIOBLANCO",30.56,"HECTAREA",3.468077548,-75.85481103
2004-05-04,"PUTUMAYO","PUERTO GUZMAN",168.55,"HECTAREA",0.746432215,-75.88022979
2004-05-04,"TOLIMA","CHAPARRAL",25.27,"HECTAREA",3.743693084,-75.58986634
2004-05-08,"CAUCA","INZA",15.2,"HECTAREA",2.499058783,-76.13762531
2004-05-10,"PUTUMAYO","PUERTO GUZMAN",430.6,"HECTAREA",0.746432215,-75.88022979
2004-05-12,"HUILA","ALGECIRAS",25.86,"HECTAREA",2.49785068,-75.29134946
2004-05-13,"ANTIOQUIA","ZARAGOZA",163.46,"HECTAREA",7.474004006,-74.85848326
2004-05-13,"HUILA","ALGECIRAS",48,"HECTAREA",2.49785068,-75.29134946
2004-05-14,"ANTIOQUIA","ANORI",277.17,"HECTAREA",7.193110778,-75.10848954
2004-05-14,"CAUCA","BOLIVAR",2.34,"HECTAREA",1.853951938,-76.96337454
2004-05-15,"ANTIOQUIA","ANORI",150.63,"HECTAREA",7.193110778,-75.10848954
2004-05-15,"CAUCA","ROSAS",44.04,"HECTAREA",2.260421954,-76.74582033
2004-05-15,"TOLIMA","PLANADAS",93.3,"HECTAREA",3.09897343,-75.81684413
2004-05-16,"ANTIOQUIA","SEGOVIA",294.34,"HECTAREA",7.26692339,-74.62163926
2004-05-17,"ANTIOQUIA","ZARAGOZA",310.55,"HECTAREA",7.474004006,-74.85848326
2004-05-19,"ANTIOQUIA","TARAZA",150.54,"HECTAREA",7.488875998,-75.40189438
2004-05-20,"PUTUMAYO","ORITO",609.58,"HECTAREA",0.673756323,-76.94313923
2004-05-21,"ANTIOQUIA","TARAZA",193.83,"HECTAREA",7.488875998,-75.40189438
2004-05-21,"PUTUMAYO","PUERTO GUZMAN",162.62,"HECTAREA",0.746432215,-75.88022979
2004-05-22,"PUTUMAYO","VALLE DEL GUAMUEZ",641.5,"HECTAREA",0.42012589,-76.77067026
2004-05-23,"ANTIOQUIA","SEGOVIA",342.14,"HECTAREA",7.26692339,-74.62163926
2004-05-24,"ANTIOQUIA","TARAZA",298.32,"HECTAREA",7.488875998,-75.40189438
2004-05-24,"PUTUMAYO","PUERTO GUZMAN",66.77,"HECTAREA",0.746432215,-75.88022979
2004-05-25,"ANTIOQUIA","TARAZA",191.38,"HECTAREA",7.488875998,-75.40189438
2004-05-26,"ANTIOQUIA","TARAZA",202.96,"HECTAREA",7.488875998,-75.40189438
2004-05-27,"ANTIOQUIA","EL BAGRE",170.56,"HECTAREA",7.704633351,-74.66427726
2004-05-27,"CAQUETÁ","SAN VICENTE DEL CAGUAN",595.92,"HECTAREA",1.308465061,-74.19746971
2004-05-28,"VICHADA","CUMARIBO",143.02,"HECTAREA",4.262454746,-69.52140484
2004-05-29,"ANTIOQUIA","NECHI",83.23,"HECTAREA",7.983477394,-74.65844186
2004-05-30,"ANTIOQUIA","TARAZA",169.77,"HECTAREA",7.488875998,-75.40189438
2004-06-01,"ANTIOQUIA","TARAZA",181.33,"HECTAREA",7.488875998,-75.40189438
2004-06-02,"ANTIOQUIA","ZARAGOZA",114.74,"HECTAREA",7.474004006,-74.85848326
2004-06-03,"META","PUERTO GAITAN",161.44,"HECTAREA",4.005034467,-71.63157429
2004-06-03,"PUTUMAYO","PUERTO GUZMAN",66.9,"HECTAREA",0.746432215,-75.88022979
2004-06-05,"ANTIOQUIA","TARAZA",216.12,"HECTAREA",7.488875998,-75.40189438
2004-06-06,"ANTIOQUIA","TARAZA",94.89,"HECTAREA",7.488875998,-75.40189438
2004-06-06,"PUTUMAYO","PUERTO ASIS",118.38,"HECTAREA",0.433884539,-76.52158203
2004-06-07,"ANTIOQUIA","EL BAGRE",46.19,"HECTAREA",7.704633351,-74.66427726
2004-06-07,"VICHADA","CUMARIBO",343.51,"HECTAREA",4.262454746,-69.52140484
2004-06-08,"ANTIOQUIA","EL BAGRE",149.59,"HECTAREA",7.704633351,-74.66427726
2004-06-08,"VICHADA","CUMARIBO",321.25,"HECTAREA",4.262454746,-69.52140484
2004-06-09,"VICHADA","CUMARIBO",162.34,"HECTAREA",4.262454746,-69.52140484
2004-06-10,"CAQUETÁ","ALBANIA",4.18,"HECTAREA",1.22786549,-75.88232651
2004-06-10,"META","MAPIRIPAN",52.64,"HECTAREA",3.117523361,-71.93805692
2004-06-11,"ANTIOQUIA","VALDIVIA",17.45,"HECTAREA",7.265404213,-75.40094502
2004-06-11,"META","MAPIRIPAN",22.55,"HECTAREA",3.117523361,-71.93805692
2004-06-11,"PUTUMAYO","ORITO",247.89,"HECTAREA",0.673756323,-76.94313923
2004-06-11,"PUTUMAYO","VALLE DEL GUAMUEZ",124.04,"HECTAREA",0.42012589,-76.77067026
2004-06-13,"CAQUETÁ","SAN JOSE DEL FRAGUA",176.71,"HECTAREA",1.304702314,-76.11000594
2004-06-17,"PUTUMAYO","PUERTO ASIS",344.99,"HECTAREA",0.433884539,-76.52158203
2004-06-18,"ANTIOQUIA","EL BAGRE",227.77,"HECTAREA",7.704633351,-74.66427726
2004-06-21,"ANTIOQUIA","EL BAGRE",155.9,"HECTAREA",7.704633351,-74.66427726
2004-06-21,"ANTIOQUIA","TARAZA",155.9,"HECTAREA",7.488875998,-75.40189438
2004-06-21,"META","MAPIRIPAN",46.05,"HECTAREA",3.117523361,-71.93805692
2004-06-22,"ANTIOQUIA","TARAZA",103.71,"HECTAREA",7.488875998,-75.40189438
2004-06-24,"ANTIOQUIA","TARAZA",171.04,"HECTAREA",7.488875998,-75.40189438
2004-06-25,"META","PUERTO GAITAN",101.77,"HECTAREA",4.005034467,-71.63157429
2004-06-26,"VICHADA","CUMARIBO",192.93,"HECTAREA",4.262454746,-69.52140484
2004-06-27,"VICHADA","CUMARIBO",172.91,"HECTAREA",4.262454746,-69.52140484
2004-06-29,"VICHADA","CUMARIBO",109.68,"HECTAREA",4.262454746,-69.52140484
2004-06-30,"ANTIOQUIA","EL BAGRE",63.41,"HECTAREA",7.704633351,-74.66427726
2004-07-01,"NORTE DE SANTANDER","SARDINATA",73.19,"HECTAREA",8.215080767,-72.79580961
2004-07-02,"ANTIOQUIA","TARAZA",61.49,"HECTAREA",7.488875998,-75.40189438
2004-07-02,"NORTE DE SANTANDER","SARDINATA",287.58,"HECTAREA",8.215080767,-72.79580961
2004-07-03,"LA GUAJIRA","DIBULLA",187.78,"HECTAREA",11.09029715,-73.43568788
2004-07-03,"MAGDALENA","SANTA MARTA",187.78,"HECTAREA",11.12189436,-73.88527855
2004-07-03,"NORTE DE SANTANDER","TIBU",593.51,"HECTAREA",8.713507237,-72.79925855
2004-07-04,"ANTIOQUIA","VALDIVIA",167.02,"HECTAREA",7.265404213,-75.40094502
2004-07-04,"CESAR","AGUSTIN CODAZZI",28.84,"HECTAREA",9.949215908,-73.22358244
2004-07-04,"NORTE DE SANTANDER","EL TARRA",203.99,"HECTAREA",8.678263671,-73.0317597
2004-07-04,"NORTE DE SANTANDER","TIBU",204,"HECTAREA",8.713507237,-72.79925855
2004-07-05,"ANTIOQUIA","TARAZA",167.03,"HECTAREA",7.488875998,-75.40189438
2004-07-05,"LA GUAJIRA","DIBULLA",161.45,"HECTAREA",11.09029715,-73.43568788
2004-07-05,"MAGDALENA","SANTA MARTA",161.46,"HECTAREA",11.12189436,-73.88527855
2004-07-06,"LA GUAJIRA","DIBULLA",99.37,"HECTAREA",11.09029715,-73.43568788
2004-07-06,"NORTE DE SANTANDER","TIBU",35.88,"HECTAREA",8.713507237,-72.79925855
2004-07-07,"CESAR","LA PAZ",12.83,"HECTAREA",10.24440562,-73.07824569
2004-07-07,"NORTE DE SANTANDER","SARDINATA",254.62,"HECTAREA",8.215080767,-72.79580961
2004-07-08,"NORTE DE SANTANDER","TIBU",279.33,"HECTAREA",8.713507237,-72.79925855
2004-07-09,"MAGDALENA","SANTA MARTA",202.42,"HECTAREA",11.12189436,-73.88527855
2004-07-10,"MAGDALENA","SANTA MARTA",147.59,"HECTAREA",11.12189436,-73.88527855
2004-07-10,"NORTE DE SANTANDER","SARDINATA",79.03,"HECTAREA",8.215080767,-72.79580961
2004-07-11,"CESAR","MANAURE",62.08,"HECTAREA",10.38027852,-73.00706275
2004-07-11,"NORTE DE SANTANDER","TIBU",209.9,"HECTAREA",8.713507237,-72.79925855
2004-07-12,"CESAR","MANAURE",32.48,"HECTAREA",10.38027852,-73.00706275
2004-07-12,"MAGDALENA","SANTA MARTA",260.5,"HECTAREA",11.12189436,-73.88527855
2004-07-12,"NORTE DE SANTANDER","TIBU",322.72,"HECTAREA",8.713507237,-72.79925855
2004-07-13,"MAGDALENA","SANTA MARTA",246.29,"HECTAREA",11.12189436,-73.88527855
2004-07-13,"NORTE DE SANTANDER","SARDINATA",75,"HECTAREA",8.215080767,-72.79580961
2004-07-13,"NORTE DE SANTANDER","TIBU",115.3,"HECTAREA",8.713507237,-72.79925855
2004-07-14,"MAGDALENA","SANTA MARTA",97.04,"HECTAREA",11.12189436,-73.88527855
2004-07-15,"CESAR","MANAURE",29.43,"HECTAREA",10.38027852,-73.00706275
2004-07-15,"MAGDALENA","SANTA MARTA",66.98,"HECTAREA",11.12189436,-73.88527855
2004-07-16,"CESAR","AGUSTIN CODAZZI",37.65,"HECTAREA",9.949215908,-73.22358244
2004-07-16,"CESAR","LA PAZ",37.64,"HECTAREA",10.24440562,-73.07824569
2004-07-16,"NORTE DE SANTANDER","TIBU",203.53,"HECTAREA",8.713507237,-72.79925855
2004-07-17,"CESAR","AGUSTIN CODAZZI",33.54,"HECTAREA",9.949215908,-73.22358244
2004-07-17,"MAGDALENA","SANTA MARTA",77.33,"HECTAREA",11.12189436,-73.88527855
2004-07-17,"NORTE DE SANTANDER","TIBU",16.64,"HECTAREA",8.713507237,-72.79925855
2004-07-17,"SANTANDER","BOLIVAR",307.23,"HECTAREA",6.181715586,-73.92065703
2004-07-18,"NORTE DE SANTANDER","TIBU",71.32,"HECTAREA",8.713507237,-72.79925855
2004-07-18,"SANTANDER","BOLIVAR",165.06,"HECTAREA",6.181715586,-73.92065703
2004-07-19,"MAGDALENA","SANTA MARTA",184.25,"HECTAREA",11.12189436,-73.88527855
2004-07-19,"NORTE DE SANTANDER","TIBU",146.99,"HECTAREA",8.713507237,-72.79925855
2004-07-19,"SANTANDER","BOLIVAR",364.21,"HECTAREA",6.181715586,-73.92065703
2004-07-20,"NORTE DE SANTANDER","TIBU",67.38,"HECTAREA",8.713507237,-72.79925855
2004-07-20,"SANTANDER","BOLIVAR",366.58,"HECTAREA",6.181715586,-73.92065703
2004-07-21,"NORTE DE SANTANDER","TIBU",33.52,"HECTAREA",8.713507237,-72.79925855
2004-07-21,"SANTANDER","BOLIVAR",282.98,"HECTAREA",6.181715586,-73.92065703
2004-07-25,"HUILA","IQUIRA",74.15,"HECTAREA",2.691517773,-75.67383141
2004-07-25,"HUILA","SANTA MARIA",74.15,"HECTAREA",2.926265937,-75.63359786
2004-07-25,"SANTANDER","BOLIVAR",76.08,"HECTAREA",6.181715586,-73.92065703
2004-07-26,"ANTIOQUIA","PUERTO TRIUNFO",42.7,"HECTAREA",5.954830151,-74.6861918
2004-07-26,"ANTIOQUIA","SONSON",42.69,"HECTAREA",5.826388779,-74.83637623
2004-07-26,"CALDAS","SAMANA",15,"HECTAREA",5.519692873,-74.99718577
2004-07-26,"HUILA","COLOMBIA",43.82,"HECTAREA",3.262763564,-74.78516117
2004-07-27,"BOLÍVAR","CANTAGALLO",111,"HECTAREA",7.239229146,-74.10014043
2004-07-27,"META","MAPIRIPAN",49.83,"HECTAREA",3.117523361,-71.93805692
2004-07-30,"BOLÍVAR","SAN PABLO",169.17,"HECTAREA",7.507922612,-74.10356977
2004-07-30,"BOLÍVAR","SIMITI",169.17,"HECTAREA",7.851315534,-73.98371609
2004-07-30,"GUAVIARE","SAN JOSE DEL GUAVIARE",154.86,"HECTAREA",2.484286091,-71.91916993
2004-07-30,"HUILA","COLOMBIA",46.16,"HECTAREA",3.262763564,-74.78516117
2004-07-31,"BOLÍVAR","CANTAGALLO",32,"HECTAREA",7.239229146,-74.10014043
2004-07-31,"BOLÍVAR","SAN PABLO",100.82,"HECTAREA",7.507922612,-74.10356977
2004-07-31,"GUAVIARE","SAN JOSE DEL GUAVIARE",165.05,"HECTAREA",2.484286091,-71.91916993
2004-08-01,"BOLÍVAR","SAN PABLO",44.78,"HECTAREA",7.507922612,-74.10356977
2004-08-01,"BOLÍVAR","SIMITI",44.78,"HECTAREA",7.851315534,-73.98371609
2004-08-01,"TOLIMA","RIOBLANCO",48.23,"HECTAREA",3.468077548,-75.85481103
2004-08-02,"BOLÍVAR","CANTAGALLO",201.26,"HECTAREA",7.239229146,-74.10014043
2004-08-02,"GUAVIARE","MIRAFLORES",490.11,"HECTAREA",1.363974932,-72.01810951
2004-08-02,"SANTANDER","SUCRE",201.26,"HECTAREA",5.983203734,-73.95936235
2004-08-02,"TOLIMA","RIOBLANCO",48.52,"HECTAREA",3.468077548,-75.85481103
2004-08-03,"GUAVIARE","EL RETORNO",31.77,"HECTAREA",2.143447362,-72.24364869
2004-08-03,"TOLIMA","CHAPARRAL",46.05,"HECTAREA",3.743693084,-75.58986634
2004-08-05,"GUAVIARE","SAN JOSE DEL GUAVIARE",129.65,"HECTAREA",2.484286091,-71.91916993
2004-08-05,"META","PUERTO CONCORDIA",64.85,"HECTAREA",2.752260112,-72.7210941
2004-08-05,"TOLIMA","RIOBLANCO",42.75,"HECTAREA",3.468077548,-75.85481103
2004-08-06,"TOLIMA","PLANADAS",37.49,"HECTAREA",3.09897343,-75.81684413
2004-08-07,"BOLÍVAR","SIMITI",93.28,"HECTAREA",7.851315534,-73.98371609
2004-08-07,"GUAVIARE","SAN JOSE DEL GUAVIARE",106.13,"HECTAREA",2.484286091,-71.91916993
2004-08-07,"HUILA","SANTA MARIA",47.45,"HECTAREA",2.926265937,-75.63359786
2004-08-07,"META","MAPIRIPAN",184.22,"HECTAREA",3.117523361,-71.93805692
2004-08-07,"META","PUERTO CONCORDIA",225.89,"HECTAREA",2.752260112,-72.7210941
2004-08-07,"TOLIMA","PLANADAS",57.89,"HECTAREA",3.09897343,-75.81684413
2004-08-08,"BOLÍVAR","SIMITI",95.15,"HECTAREA",7.851315534,-73.98371609
2004-08-08,"HUILA","SANTA MARIA",37.05,"HECTAREA",2.926265937,-75.63359786
2004-08-09,"BOLÍVAR","SIMITI",395.14,"HECTAREA",7.851315534,-73.98371609
2004-08-10,"BOLÍVAR","SIMITI",273.61,"HECTAREA",7.851315534,-73.98371609
2004-08-10,"GUAVIARE","SAN JOSE DEL GUAVIARE",161.66,"HECTAREA",2.484286091,-71.91916993
2004-08-10,"TOLIMA","RIOBLANCO",97.47,"HECTAREA",3.468077548,-75.85481103
2004-08-11,"BOLÍVAR","SIMITI",122.88,"HECTAREA",7.851315534,-73.98371609
2004-08-11,"GUAVIARE","SAN JOSE DEL GUAVIARE",143.38,"HECTAREA",2.484286091,-71.91916993
2004-08-11,"TOLIMA","RIOBLANCO",41.66,"HECTAREA",3.468077548,-75.85481103
2004-08-12,"GUAVIARE","SAN JOSE DEL GUAVIARE",52.07,"HECTAREA",2.484286091,-71.91916993
2004-08-12,"META","MAPIRIPAN",52.07,"HECTAREA",3.117523361,-71.93805692
2004-08-13,"BOLÍVAR","SIMITI",413.77,"HECTAREA",7.851315534,-73.98371609
2004-08-13,"GUAVIARE","MIRAFLORES",97.36,"HECTAREA",1.363974932,-72.01810951
2004-08-13,"GUAVIARE","SAN JOSE DEL GUAVIARE",97.37,"HECTAREA",2.484286091,-71.91916993
2004-08-14,"BOLÍVAR","SANTA ROSA DEL SUR",98.32,"HECTAREA",7.772519173,-74.26272843
2004-08-14,"BOLÍVAR","SIMITI",98.32,"HECTAREA",7.851315534,-73.98371609
2004-08-14,"GUAVIARE","SAN JOSE DEL GUAVIARE",54.9,"HECTAREA",2.484286091,-71.91916993
2004-08-14,"TOLIMA","SAN ANTONIO",6.75,"HECTAREA",3.926088268,-75.50991004
2004-08-15,"BOLÍVAR","SANTA ROSA DEL SUR",515.2,"HECTAREA",7.772519173,-74.26272843
2004-08-15,"CAUCA","PAEZ",9.67,"HECTAREA",2.733887702,-75.99368264
2004-08-15,"GUAVIARE","CALAMAR",64.99,"HECTAREA",1.613634284,-73.0342639
2004-08-15,"GUAVIARE","MIRAFLORES",64.99,"HECTAREA",1.363974932,-72.01810951
2004-08-15,"GUAVIARE","SAN JOSE DEL GUAVIARE",129.97,"HECTAREA",2.484286091,-71.91916993
2004-08-15,"HUILA","ALGECIRAS",21.98,"HECTAREA",2.49785068,-75.29134946
2004-08-16,"BOLÍVAR","SAN PABLO",432.71,"HECTAREA",7.507922612,-74.10356977
2004-08-16,"CAUCA","LA VEGA",15.09,"HECTAREA",2.053933426,-76.7588062
2004-08-16,"GUAVIARE","MIRAFLORES",136.87,"HECTAREA",1.363974932,-72.01810951
2004-08-16,"GUAVIARE","SAN JOSE DEL GUAVIARE",136.88,"HECTAREA",2.484286091,-71.91916993
2004-08-16,"HUILA","ALGECIRAS",51.2,"HECTAREA",2.49785068,-75.29134946
2004-08-16,"HUILA","RIVERA",48.79,"HECTAREA",2.79286115,-75.23536868
2004-08-17,"GUAVIARE","EL RETORNO",55.4,"HECTAREA",2.143447362,-72.24364869
2004-08-17,"GUAVIARE","SAN JOSE DEL GUAVIARE",55.4,"HECTAREA",2.484286091,-71.91916993
2004-08-18,"BOLÍVAR","SAN PABLO",164.36,"HECTAREA",7.507922612,-74.10356977
2004-08-18,"GUAVIARE","MIRAFLORES",195.62,"HECTAREA",1.363974932,-72.01810951
2004-08-19,"BOLÍVAR","SAN PABLO",206.97,"HECTAREA",7.507922612,-74.10356977
2004-08-19,"BOLÍVAR","SIMITI",207,"HECTAREA",7.851315534,-73.98371609
2004-08-20,"GUAVIARE","EL RETORNO",23.17,"HECTAREA",2.143447362,-72.24364869
2004-08-20,"META","PUERTO CONCORDIA",23.17,"HECTAREA",2.752260112,-72.7210941
2004-08-20,"NORTE DE SANTANDER","SARDINATA",224.82,"HECTAREA",8.215080767,-72.79580961
2004-08-21,"GUAVIARE","SAN JOSE DEL GUAVIARE",309.81,"HECTAREA",2.484286091,-71.91916993
2004-08-22,"ANTIOQUIA","SONSON",102.97,"HECTAREA",5.826388779,-74.83637623
2004-08-22,"CALDAS","SAMANA",102.97,"HECTAREA",5.519692873,-74.99718577
2004-08-22,"GUAVIARE","MIRAFLORES",181.92,"HECTAREA",1.363974932,-72.01810951
2004-08-22,"NORTE DE SANTANDER","EL TARRA",101.49,"HECTAREA",8.678263671,-73.0317597
2004-08-22,"NORTE DE SANTANDER","TIBU",710.46,"HECTAREA",8.713507237,-72.79925855
2004-08-23,"GUAVIARE","MIRAFLORES",184.51,"HECTAREA",1.363974932,-72.01810951
2004-08-23,"NORTE DE SANTANDER","SARDINATA",138.55,"HECTAREA",8.215080767,-72.79580961
2004-08-23,"NORTE DE SANTANDER","TIBU",138.55,"HECTAREA",8.713507237,-72.79925855
2004-08-24,"NORTE DE SANTANDER","SARDINATA",211.43,"HECTAREA",8.215080767,-72.79580961
2004-08-24,"NORTE DE SANTANDER","TIBU",211.43,"HECTAREA",8.713507237,-72.79925855
2004-08-25,"GUAVIARE","MIRAFLORES",46,"HECTAREA",1.363974932,-72.01810951
2004-08-25,"META","PUERTO CONCORDIA",46,"HECTAREA",2.752260112,-72.7210941
2004-08-25,"NORTE DE SANTANDER","TEORAMA",47.13,"HECTAREA",8.760013794,-73.15714097
2004-08-26,"ANTIOQUIA","SONSON",80.56,"HECTAREA",5.826388779,-74.83637623
2004-08-26,"CALDAS","SAMANA",40.29,"HECTAREA",5.519692873,-74.99718577
2004-08-26,"GUAVIARE","EL RETORNO",378.86,"HECTAREA",2.143447362,-72.24364869
2004-08-26,"GUAVIARE","SAN JOSE DEL GUAVIARE",253.17,"HECTAREA",2.484286091,-71.91916993
2004-08-26,"NORTE DE SANTANDER","TIBU",118.78,"HECTAREA",8.713507237,-72.79925855
2004-08-27,"GUAVIARE","EL RETORNO",164.43,"HECTAREA",2.143447362,-72.24364869
2004-08-27,"GUAVIARE","SAN JOSE DEL GUAVIARE",328.86,"HECTAREA",2.484286091,-71.91916993
2004-08-27,"META","PUERTO CONCORDIA",164.42,"HECTAREA",2.752260112,-72.7210941
2004-08-27,"NORTE DE SANTANDER","SAN CALIXTO",64.05,"HECTAREA",8.414441404,-73.2176038
2004-08-28,"GUAVIARE","EL RETORNO",150.31,"HECTAREA",2.143447362,-72.24364869
2004-08-28,"META","PUERTO CONCORDIA",150.31,"HECTAREA",2.752260112,-72.7210941
2004-08-29,"BOLÍVAR","CANTAGALLO",98.98,"HECTAREA",7.239229146,-74.10014043
2004-08-29,"BOLÍVAR","SAN PABLO",49.49,"HECTAREA",7.507922612,-74.10356977
2004-08-29,"GUAVIARE","EL RETORNO",248.66,"HECTAREA",2.143447362,-72.24364869
2004-08-29,"GUAVIARE","MIRAFLORES",248.67,"HECTAREA",1.363974932,-72.01810951
2004-08-29,"GUAVIARE","SAN JOSE DEL GUAVIARE",248.66,"HECTAREA",2.484286091,-71.91916993
2004-08-30,"BOLÍVAR","CANTAGALLO",161.77,"HECTAREA",7.239229146,-74.10014043
2004-08-30,"BOLÍVAR","MARIA LA BAJA",161.77,"HECTAREA",9.976017168,-75.34380265
2004-08-30,"GUAVIARE","EL RETORNO",31.89,"HECTAREA",2.143447362,-72.24364869
2004-08-30,"GUAVIARE","SAN JOSE DEL GUAVIARE",69.93,"HECTAREA",2.484286091,-71.91916993
2004-08-31,"BOLÍVAR","CANTAGALLO",72.01,"HECTAREA",7.239229146,-74.10014043
2004-08-31,"BOLÍVAR","SAN PABLO",72.01,"HECTAREA",7.507922612,-74.10356977
2004-08-31,"GUAVIARE","MIRAFLORES",405.03,"HECTAREA",1.363974932,-72.01810951
2004-08-31,"NORTE DE SANTANDER","SAN CALIXTO",51.14,"HECTAREA",8.414441404,-73.2176038
2004-09-01,"GUAVIARE","CALAMAR",337.08,"HECTAREA",1.613634284,-73.0342639
2004-09-01,"GUAVIARE","MIRAFLORES",337.09,"HECTAREA",1.363974932,-72.01810951
2004-09-01,"NORTE DE SANTANDER","EL TARRA",60.19,"HECTAREA",8.678263671,-73.0317597
2004-09-02,"BOLÍVAR","CANTAGALLO",108.36,"HECTAREA",7.239229146,-74.10014043
2004-09-02,"BOLÍVAR","SAN PABLO",108.36,"HECTAREA",7.507922612,-74.10356977
2004-09-02,"META","MAPIRIPAN",555.69,"HECTAREA",3.117523361,-71.93805692
2004-09-02,"NORTE DE SANTANDER","EL TARRA",87.17,"HECTAREA",8.678263671,-73.0317597
2004-09-03,"BOLÍVAR","CANTAGALLO",91.32,"HECTAREA",7.239229146,-74.10014043
2004-09-03,"BOLÍVAR","SAN PABLO",91.33,"HECTAREA",7.507922612,-74.10356977
2004-09-03,"SANTANDER","BETULIA",91.32,"HECTAREA",7.033255886,-73.37872388
2004-09-04,"BOLÍVAR","SANTA ROSA DEL SUR",99.01,"HECTAREA",7.772519173,-74.26272843
2004-09-04,"META","MAPIRIPAN",31.56,"HECTAREA",3.117523361,-71.93805692
2004-09-05,"GUAVIARE","MIRAFLORES",507.88,"HECTAREA",1.363974932,-72.01810951
2004-09-06,"GUAVIARE","EL RETORNO",93.55,"HECTAREA",2.143447362,-72.24364869
2004-09-06,"GUAVIARE","MIRAFLORES",272.49,"HECTAREA",1.363974932,-72.01810951
2004-09-06,"GUAVIARE","SAN JOSE DEL GUAVIARE",158.45,"HECTAREA",2.484286091,-71.91916993
2004-09-06,"NORTE DE SANTANDER","EL TARRA",198.15,"HECTAREA",8.678263671,-73.0317597
2004-09-07,"BOLÍVAR","SAN PABLO",61.03,"HECTAREA",7.507922612,-74.10356977
2004-09-08,"NORTE DE SANTANDER","EL TARRA",32.52,"HECTAREA",8.678263671,-73.0317597
2004-09-09,"GUAVIARE","SAN JOSE DEL GUAVIARE",144.16,"HECTAREA",2.484286091,-71.91916993
2004-09-09,"NORTE DE SANTANDER","EL TARRA",16.41,"HECTAREA",8.678263671,-73.0317597
2004-09-10,"ARAUCA","ARAUQUITA",123.06,"HECTAREA",6.799338394,-71.29827429
2004-09-10,"GUAVIARE","SAN JOSE DEL GUAVIARE",46.57,"HECTAREA",2.484286091,-71.91916993
2004-09-10,"META","PUERTO CONCORDIA",46.57,"HECTAREA",2.752260112,-72.7210941
2004-09-11,"ARAUCA","ARAUQUITA",355.17,"HECTAREA",6.799338394,-71.29827429
2004-09-11,"GUAVIARE","EL RETORNO",255.6,"HECTAREA",2.143447362,-72.24364869
2004-09-11,"GUAVIARE","MIRAFLORES",255.85,"HECTAREA",1.363974932,-72.01810951
2004-09-12,"BOLÍVAR","SANTA ROSA DEL SUR",306.96,"HECTAREA",7.772519173,-74.26272843
2004-09-12,"GUAVIARE","EL RETORNO",172.1,"HECTAREA",2.143447362,-72.24364869
2004-09-12,"GUAVIARE","MIRAFLORES",516.3,"HECTAREA",1.363974932,-72.01810951
2004-09-13,"ARAUCA","SARAVENA",12.66,"HECTAREA",6.906941714,-71.85070757
2004-09-13,"BOLÍVAR","SANTA ROSA DEL SUR",165.33,"HECTAREA",7.772519173,-74.26272843
2004-09-13,"GUAVIARE","CALAMAR",278.07,"HECTAREA",1.613634284,-73.0342639
2004-09-13,"GUAVIARE","EL RETORNO",278.08,"HECTAREA",2.143447362,-72.24364869
2004-09-14,"ARAUCA","ARAUQUITA",55.14,"HECTAREA",6.799338394,-71.29827429
2004-09-14,"BOLÍVAR","SANTA ROSA DEL SUR",45.41,"HECTAREA",7.772519173,-74.26272843
2004-09-15,"ARAUCA","TAME",98.11,"HECTAREA",6.390650479,-71.79178647
2004-09-16,"CALDAS","SAMANA",31.36,"HECTAREA",5.519692873,-74.99718577
2004-09-16,"GUAVIARE","SAN JOSE DEL GUAVIARE",129.29,"HECTAREA",2.484286091,-71.91916993
2004-09-17,"ARAUCA","ARAUQUITA",334.03,"HECTAREA",6.799338394,-71.29827429
2004-09-17,"ARAUCA","SARAVENA",47.57,"HECTAREA",6.906941714,-71.85070757
2004-09-17,"BOLÍVAR","SAN PABLO",84.03,"HECTAREA",7.507922612,-74.10356977
2004-09-17,"BOLÍVAR","SANTA ROSA DEL SUR",84.02,"HECTAREA",7.772519173,-74.26272843
2004-09-18,"ARAUCA","ARAUQUITA",241.51,"HECTAREA",6.799338394,-71.29827429
2004-09-18,"BOLÍVAR","MORALES",29.63,"HECTAREA",8.253700061,-73.9713459
2004-09-18,"BOLÍVAR","SANTA ROSA DEL SUR",88.86,"HECTAREA",7.772519173,-74.26272843
2004-09-18,"BOLÍVAR","SIMITI",59.24,"HECTAREA",7.851315534,-73.98371609
2004-09-18,"GUAVIARE","EL RETORNO",29.32,"HECTAREA",2.143447362,-72.24364869
2004-09-19,"ARAUCA","FORTUL",383.03,"HECTAREA",6.750907234,-71.79124241
2004-09-19,"BOLÍVAR","SANTA ROSA DEL SUR",132.16,"HECTAREA",7.772519173,-74.26272843
2004-09-20,"ARAUCA","ARAUQUITA",70.1,"HECTAREA",6.799338394,-71.29827429
2004-09-20,"ARAUCA","SARAVENA",70.11,"HECTAREA",6.906941714,-71.85070757
2004-09-20,"GUAVIARE","CALAMAR",147,"HECTAREA",1.613634284,-73.0342639
2004-09-20,"GUAVIARE","EL RETORNO",147,"HECTAREA",2.143447362,-72.24364869
2004-09-20,"GUAVIARE","SAN JOSE DEL GUAVIARE",1.82,"HECTAREA",2.484286091,-71.91916993
2004-09-21,"GUAVIARE","MIRAFLORES",248.6,"HECTAREA",1.363974932,-72.01810951
2004-09-21,"META","PUERTO CONCORDIA",248.6,"HECTAREA",2.752260112,-72.7210941
2004-09-22,"ARAUCA","TAME",98.63,"HECTAREA",6.390650479,-71.79178647
2004-09-22,"BOLÍVAR","SANTA ROSA DEL SUR",201.72,"HECTAREA",7.772519173,-74.26272843
2004-09-22,"GUAVIARE","MIRAFLORES",282.36,"HECTAREA",1.363974932,-72.01810951
2004-09-22,"META","PUERTO CONCORDIA",135.55,"HECTAREA",2.752260112,-72.7210941
2004-09-23,"ARAUCA","ARAUQUITA",32.25,"HECTAREA",6.799338394,-71.29827429
2004-09-23,"BOLÍVAR","SAN PABLO",93.92,"HECTAREA",7.507922612,-74.10356977
2004-09-23,"GUAVIARE","SAN JOSE DEL GUAVIARE",136.49,"HECTAREA",2.484286091,-71.91916993
2004-09-24,"ARAUCA","ARAUQUITA",67.4,"HECTAREA",6.799338394,-71.29827429
2004-09-24,"GUAVIARE","EL RETORNO",208.23,"HECTAREA",2.143447362,-72.24364869
2004-09-24,"GUAVIARE","MIRAFLORES",208.23,"HECTAREA",1.363974932,-72.01810951
2004-09-25,"ARAUCA","ARAUQUITA",52.72,"HECTAREA",6.799338394,-71.29827429
2004-09-25,"GUAVIARE","EL RETORNO",153.67,"HECTAREA",2.143447362,-72.24364869
2004-09-25,"GUAVIARE","SAN JOSE DEL GUAVIARE",37.78,"HECTAREA",2.484286091,-71.91916993
2004-09-26,"ARAUCA","ARAUQUITA",108.14,"HECTAREA",6.799338394,-71.29827429
2004-09-26,"ARAUCA","TAME",54.07,"HECTAREA",6.390650479,-71.79178647
2004-09-27,"ARAUCA","ARAUQUITA",82.12,"HECTAREA",6.799338394,-71.29827429
2004-09-27,"ARAUCA","TAME",82.13,"HECTAREA",6.390650479,-71.79178647
2004-09-27,"CAQUETÁ","BELEN DE LOS ANDAQUIES",136.85,"HECTAREA",1.536174657,-75.90947504
2004-09-27,"CAQUETÁ","EL PAUJIL",68.43,"HECTAREA",1.476630016,-75.20231825
2004-09-27,"CAQUETÁ","SAN JOSE DEL FRAGUA",68.42,"HECTAREA",1.304702314,-76.11000594
2004-09-28,"ARAUCA","ARAUQUITA",1.42,"HECTAREA",6.799338394,-71.29827429
2004-09-28,"PUTUMAYO","PUERTO GUZMAN",583.5,"HECTAREA",0.746432215,-75.88022979
2004-09-29,"ARAUCA","TAME",88.05,"HECTAREA",6.390650479,-71.79178647
2004-09-29,"GUAVIARE","SAN JOSE DEL GUAVIARE",620.49,"HECTAREA",2.484286091,-71.91916993
2004-09-30,"ARAUCA","ARAUQUITA",132.36,"HECTAREA",6.799338394,-71.29827429
2004-09-30,"CAQUETÁ","PUERTO RICO",434.83,"HECTAREA",2.018940891,-75.07308627
2004-09-30,"GUAVIARE","CALAMAR",189.86,"HECTAREA",1.613634284,-73.0342639
2004-09-30,"META","PUERTO CONCORDIA",29.87,"HECTAREA",2.752260112,-72.7210941
2004-10-01,"ARAUCA","ARAUQUITA",226.9,"HECTAREA",6.799338394,-71.29827429
2004-10-01,"ARAUCA","FORTUL",226.9,"HECTAREA",6.750907234,-71.79124241
2004-10-02,"ARAUCA","ARAUQUITA",168.85,"HECTAREA",6.799338394,-71.29827429
2004-10-02,"CAQUETÁ","CARTAGENA DEL CHAIRA",613.44,"HECTAREA",0.647693081,-74.27235499
2004-10-02,"GUAVIARE","SAN JOSE DEL GUAVIARE",416.08,"HECTAREA",2.484286091,-71.91916993
2004-10-02,"META","MAPIRIPAN",213.84,"HECTAREA",3.117523361,-71.93805692
2004-10-03,"ARAUCA","ARAUQUITA",482.02,"HECTAREA",6.799338394,-71.29827429
2004-10-03,"CAQUETÁ","SAN VICENTE DEL CAGUAN",349.32,"HECTAREA",1.308465061,-74.19746971
2004-10-03,"GUAVIARE","SAN JOSE DEL GUAVIARE",252.49,"HECTAREA",2.484286091,-71.91916993
2004-10-03,"META","MAPIRIPAN",151.97,"HECTAREA",3.117523361,-71.93805692
2004-10-04,"GUAVIARE","EL RETORNO",179.61,"HECTAREA",2.143447362,-72.24364869
2004-10-04,"GUAVIARE","SAN JOSE DEL GUAVIARE",179.61,"HECTAREA",2.484286091,-71.91916993
2004-10-05,"ARAUCA","ARAUQUITA",522.6,"HECTAREA",6.799338394,-71.29827429
2004-10-06,"ARAUCA","FORTUL",257.24,"HECTAREA",6.750907234,-71.79124241
2004-10-06,"PUTUMAYO","PUERTO GUZMAN",224.2,"HECTAREA",0.746432215,-75.88022979
2004-10-07,"ARAUCA","ARAUQUITA",313.81,"HECTAREA",6.799338394,-71.29827429
2004-10-07,"GUAVIARE","CALAMAR",305.84,"HECTAREA",1.613634284,-73.0342639
2004-10-07,"GUAVIARE","MIRAFLORES",152.92,"HECTAREA",1.363974932,-72.01810951
2004-10-08,"ARAUCA","ARAUQUITA",322.28,"HECTAREA",6.799338394,-71.29827429
2004-10-08,"CAQUETÁ","CARTAGENA DEL CHAIRA",62.02,"HECTAREA",0.647693081,-74.27235499
2004-10-08,"CAQUETÁ","SOLANO",63.65,"HECTAREA",0.096131862,-72.32036402
2004-10-08,"GUAVIARE","EL RETORNO",86.7,"HECTAREA",2.143447362,-72.24364869
2004-10-08,"GUAVIARE","SAN JOSE DEL GUAVIARE",343.69,"HECTAREA",2.484286091,-71.91916993
2004-10-09,"ARAUCA","ARAUQUITA",225.86,"HECTAREA",6.799338394,-71.29827429
2004-10-09,"GUAVIARE","CALAMAR",34.24,"HECTAREA",1.613634284,-73.0342639
2004-10-09,"PUTUMAYO","PUERTO GUZMAN",153.7,"HECTAREA",0.746432215,-75.88022979
2004-10-10,"CAQUETÁ","CARTAGENA DEL CHAIRA",51.9,"HECTAREA",0.647693081,-74.27235499
2004-10-10,"GUAVIARE","CALAMAR",150,"HECTAREA",1.613634284,-73.0342639
2004-10-10,"GUAVIARE","EL RETORNO",149.24,"HECTAREA",2.143447362,-72.24364869
2004-10-10,"PUTUMAYO","ORITO",51.95,"HECTAREA",0.673756323,-76.94313923
2004-10-11,"CAQUETÁ","CURILLO",22.65,"HECTAREA",1.115379292,-75.97328452
2004-10-11,"CESAR","MANAURE",25.42,"HECTAREA",10.38027852,-73.00706275
2004-10-11,"GUAVIARE","CALAMAR",233.36,"HECTAREA",1.613634284,-73.0342639
2004-10-11,"GUAVIARE","SAN JOSE DEL GUAVIARE",233.35,"HECTAREA",2.484286091,-71.91916993
2004-10-11,"PUTUMAYO","PUERTO GUZMAN",22.7,"HECTAREA",0.746432215,-75.88022979
2004-10-12,"GUAVIARE","CALAMAR",71.74,"HECTAREA",1.613634284,-73.0342639
2004-10-13,"CESAR","AGUSTIN CODAZZI",23.11,"HECTAREA",9.949215908,-73.22358244
2004-10-13,"CESAR","LA PAZ",12.77,"HECTAREA",10.24440562,-73.07824569
2004-10-13,"LA GUAJIRA","URUMITA",13.11,"HECTAREA",10.4947021,-72.98623991
2004-10-13,"GUAVIARE","CALAMAR",5.91,"HECTAREA",1.613634284,-73.0342639
2004-10-13,"TOLIMA","RIOBLANCO",29.86,"HECTAREA",3.468077548,-75.85481103
2004-10-14,"CESAR","MANAURE",5.46,"HECTAREA",10.38027852,-73.00706275
2004-10-14,"LA GUAJIRA","URUMITA",5,"HECTAREA",10.4947021,-72.98623991
2004-10-14,"GUAVIARE","CALAMAR",229.65,"HECTAREA",1.613634284,-73.0342639
2004-10-15,"CAQUETÁ","CARTAGENA DEL CHAIRA",213.36,"HECTAREA",0.647693081,-74.27235499
2004-10-15,"GUAVIARE","CALAMAR",369.41,"HECTAREA",1.613634284,-73.0342639
2004-10-15,"TOLIMA","RIOBLANCO",46.55,"HECTAREA",3.468077548,-75.85481103
2004-10-16,"HUILA","IQUIRA",30.5,"HECTAREA",2.691517773,-75.67383141
2004-10-16,"TOLIMA","RIOBLANCO",30.24,"HECTAREA",3.468077548,-75.85481103
2004-10-17,"CAUCA","PIAMONTE",85,"HECTAREA",1.054128816,-76.4443271
2004-10-17,"GUAVIARE","EL RETORNO",418.86,"HECTAREA",2.143447362,-72.24364869
2004-10-17,"PUTUMAYO","VILLAGARZON",174.37,"HECTAREA",0.911149515,-76.74495447
2004-10-18,"GUAVIARE","CALAMAR",184.57,"HECTAREA",1.613634284,-73.0342639
2004-10-18,"GUAVIARE","MIRAFLORES",184.57,"HECTAREA",1.363974932,-72.01810951
2004-10-18,"PUTUMAYO","PUERTO GUZMAN",837.14,"HECTAREA",0.746432215,-75.88022979
2004-10-19,"CAQUETÁ","CARTAGENA DEL CHAIRA",95.2,"HECTAREA",0.647693081,-74.27235499
2004-10-19,"CAQUETÁ","PUERTO RICO",95.39,"HECTAREA",2.018940891,-75.07308627
2004-10-19,"GUAVIARE","CALAMAR",14.9,"HECTAREA",1.613634284,-73.0342639
2004-10-21,"GUAVIARE","CALAMAR",109.5,"HECTAREA",1.613634284,-73.0342639
2004-10-21,"GUAVIARE","EL RETORNO",109.67,"HECTAREA",2.143447362,-72.24364869
2004-10-21,"GUAVIARE","MIRAFLORES",108.5,"HECTAREA",1.363974932,-72.01810951
2004-10-22,"CAQUETÁ","PUERTO RICO",290.12,"HECTAREA",2.018940891,-75.07308627
2004-10-22,"GUAVIARE","MIRAFLORES",216.15,"HECTAREA",1.363974932,-72.01810951
2004-10-23,"GUAVIARE","EL RETORNO",40.42,"HECTAREA",2.143447362,-72.24364869
2004-10-23,"GUAVIARE","MIRAFLORES",208.75,"HECTAREA",1.363974932,-72.01810951
2004-10-23,"GUAVIARE","SAN JOSE DEL GUAVIARE",107.15,"HECTAREA",2.484286091,-71.91916993
2004-10-24,"GUAVIARE","CALAMAR",39.33,"HECTAREA",1.613634284,-73.0342639
2004-10-24,"GUAVIARE","MIRAFLORES",18.87,"HECTAREA",1.363974932,-72.01810951
2004-10-24,"PUTUMAYO","PUERTO GUZMAN",170.05,"HECTAREA",0.746432215,-75.88022979
2004-10-25,"GUAVIARE","MIRAFLORES",245.25,"HECTAREA",1.363974932,-72.01810951
2004-10-25,"HUILA","COLOMBIA",17.65,"HECTAREA",3.262763564,-74.78516117
2004-10-25,"PUTUMAYO","PUERTO ASIS",333.24,"HECTAREA",0.433884539,-76.52158203
2004-10-26,"CAQUETÁ","CARTAGENA DEL CHAIRA",165.03,"HECTAREA",0.647693081,-74.27235499
2004-10-26,"GUAVIARE","MIRAFLORES",483.48,"HECTAREA",1.363974932,-72.01810951
2004-10-26,"PUTUMAYO","VILLAGARZON",330.06,"HECTAREA",0.911149515,-76.74495447
2004-10-27,"GUAVIARE","MIRAFLORES",247.12,"HECTAREA",1.363974932,-72.01810951
2004-10-28,"CAQUETÁ","VALPARAISO",217.01,"HECTAREA",1.07534915,-75.73779004
2004-10-28,"HUILA","ALGECIRAS",5.31,"HECTAREA",2.49785068,-75.29134946
2004-10-29,"CAQUETÁ","CARTAGENA DEL CHAIRA",272.38,"HECTAREA",0.647693081,-74.27235499
2004-10-29,"CAQUETÁ","VALPARAISO",272.38,"HECTAREA",1.07534915,-75.73779004
2004-10-29,"GUAVIARE","CALAMAR",232.32,"HECTAREA",1.613634284,-73.0342639
2004-10-29,"GUAVIARE","MIRAFLORES",144.95,"HECTAREA",1.363974932,-72.01810951
2004-10-30,"CAQUETÁ","CARTAGENA DEL CHAIRA",523.64,"HECTAREA",0.647693081,-74.27235499
2004-10-30,"CAQUETÁ","VALPARAISO",261.82,"HECTAREA",1.07534915,-75.73779004
2004-10-30,"GUAVIARE","MIRAFLORES",115.39,"HECTAREA",1.363974932,-72.01810951
2004-10-30,"META","MAPIRIPAN",38.46,"HECTAREA",3.117523361,-71.93805692
2004-10-31,"CAQUETÁ","CARTAGENA DEL CHAIRA",17.12,"HECTAREA",0.647693081,-74.27235499
2004-10-31,"GUAVIARE","EL RETORNO",89.69,"HECTAREA",2.143447362,-72.24364869
2004-10-31,"HUILA","ALGECIRAS",33.67,"HECTAREA",2.49785068,-75.29134946
2004-11-01,"CAQUETÁ","CARTAGENA DEL CHAIRA",96.65,"HECTAREA",0.647693081,-74.27235499
2004-11-01,"GUAVIARE","CALAMAR",149.64,"HECTAREA",1.613634284,-73.0342639
2004-11-01,"GUAVIARE","MIRAFLORES",188.82,"HECTAREA",1.363974932,-72.01810951
2004-11-01,"GUAVIARE","SAN JOSE DEL GUAVIARE",39.21,"HECTAREA",2.484286091,-71.91916993
2004-11-01,"HUILA","COLOMBIA",8.21,"HECTAREA",3.262763564,-74.78516117
2004-11-01,"META","MAPIRIPAN",94.41,"HECTAREA",3.117523361,-71.93805692
2004-11-04,"CAQUETÁ","CARTAGENA DEL CHAIRA",183.28,"HECTAREA",0.647693081,-74.27235499
2004-11-04,"GUAVIARE","EL RETORNO",112.32,"HECTAREA",2.143447362,-72.24364869
2004-11-04,"GUAVIARE","SAN JOSE DEL GUAVIARE",112.31,"HECTAREA",2.484286091,-71.91916993
2004-11-04,"PUTUMAYO","VILLAGARZON",128.2,"HECTAREA",0.911149515,-76.74495447
2004-11-05,"GUAVIARE","EL RETORNO",80.53,"HECTAREA",2.143447362,-72.24364869
2004-11-05,"META","MAPIRIPAN",84.52,"HECTAREA",3.117523361,-71.93805692
2004-11-06,"CAUCA","POPAYAN",147.16,"HECTAREA",2.471704362,-76.59194419
2004-11-06,"GUAVIARE","EL RETORNO",67.57,"HECTAREA",2.143447362,-72.24364869
2004-11-06,"GUAVIARE","SAN JOSE DEL GUAVIARE",67.57,"HECTAREA",2.484286091,-71.91916993
2004-11-06,"PUTUMAYO","MOCOA",96.58,"HECTAREA",1.26070915,-76.66584349
2004-11-06,"PUTUMAYO","VILLAGARZON",50.58,"HECTAREA",0.911149515,-76.74495447
2004-11-07,"CAQUETÁ","PUERTO RICO",385.32,"HECTAREA",2.018940891,-75.07308627
2004-11-07,"META","PUERTO RICO",21.32,"HECTAREA",2.758083657,-73.13780171
2004-11-08,"GUAVIARE","EL RETORNO",451.35,"HECTAREA",2.143447362,-72.24364869
2004-11-09,"CAQUETÁ","PUERTO RICO",272.32,"HECTAREA",2.018940891,-75.07308627
2004-11-09,"CAUCA","POPAYAN",80.01,"HECTAREA",2.471704362,-76.59194419
2004-11-09,"GUAVIARE","SAN JOSE DEL GUAVIARE",77.03,"HECTAREA",2.484286091,-71.91916993
2004-11-09,"META","PUERTO CONCORDIA",19.87,"HECTAREA",2.752260112,-72.7210941
2004-11-09,"PUTUMAYO","ORITO",82,"HECTAREA",0.673756323,-76.94313923
2004-11-10,"CAQUETÁ","PUERTO RICO",59.43,"HECTAREA",2.018940891,-75.07308627
2004-11-10,"GUAVIARE","MIRAFLORES",505.35,"HECTAREA",1.363974932,-72.01810951
2004-11-10,"GUAVIARE","SAN JOSE DEL GUAVIARE",253.92,"HECTAREA",2.484286091,-71.91916993
2004-11-10,"PUTUMAYO","ORITO",323.82,"HECTAREA",0.673756323,-76.94313923
2004-11-11,"CAQUETÁ","VALPARAISO",116.82,"HECTAREA",1.07534915,-75.73779004
2004-11-11,"GUAVIARE","SAN JOSE DEL GUAVIARE",69.86,"HECTAREA",2.484286091,-71.91916993
2004-11-11,"PUTUMAYO","ORITO",106.61,"HECTAREA",0.673756323,-76.94313923
2004-11-12,"CAQUETÁ","SOLITA",203.28,"HECTAREA",0.943939454,-75.64668544
2004-11-12,"GUAVIARE","SAN JOSE DEL GUAVIARE",119.75,"HECTAREA",2.484286091,-71.91916993
2004-11-12,"PUTUMAYO","ORITO",32.58,"HECTAREA",0.673756323,-76.94313923
2004-11-12,"PUTUMAYO","VILLAGARZON",32.58,"HECTAREA",0.911149515,-76.74495447
2004-11-14,"CAQUETÁ","PUERTO RICO",196.11,"HECTAREA",2.018940891,-75.07308627
2004-11-14,"PUTUMAYO","VILLAGARZON",65.13,"HECTAREA",0.911149515,-76.74495447
2004-11-15,"CAQUETÁ","CARTAGENA DEL CHAIRA",178.89,"HECTAREA",0.647693081,-74.27235499
2004-11-15,"META","MAPIRIPAN",51.74,"HECTAREA",3.117523361,-71.93805692
2004-11-15,"PUTUMAYO","PUERTO CAICEDO",143.59,"HECTAREA",0.70416861,-76.49864415
2004-11-16,"CAQUETÁ","LA MONTAÑITA",239.51,"HECTAREA",1.302860442,-75.23572732
2004-11-16,"CAQUETÁ","SOLITA",49.66,"HECTAREA",0.943939454,-75.64668544
2004-11-16,"CAQUETÁ","VALPARAISO",87.64,"HECTAREA",1.07534915,-75.73779004
2004-11-16,"PUTUMAYO","PUERTO CAICEDO",130.97,"HECTAREA",0.70416861,-76.49864415
2004-11-17,"CAQUETÁ","SOLANO",137.44,"HECTAREA",0.096131862,-72.32036402
2004-11-17,"CAQUETÁ","VALPARAISO",49.19,"HECTAREA",1.07534915,-75.73779004
2004-11-17,"GUAVIARE","CALAMAR",178.55,"HECTAREA",1.613634284,-73.0342639
2004-11-17,"PUTUMAYO","PUERTO ASIS",80.95,"HECTAREA",0.433884539,-76.52158203
2004-11-17,"PUTUMAYO","PUERTO CAICEDO",80.95,"HECTAREA",0.70416861,-76.49864415
2004-11-18,"CAQUETÁ","PUERTO RICO",193.97,"HECTAREA",2.018940891,-75.07308627
2004-11-18,"VAUPÉS","CARURU",120.94,"HECTAREA",1.052762314,-71.33093035
2004-11-19,"CAQUETÁ","PUERTO RICO",105.89,"HECTAREA",2.018940891,-75.07308627
2004-11-20,"GUAVIARE","EL RETORNO",204.57,"HECTAREA",2.143447362,-72.24364869
2004-11-21,"CAQUETÁ","SAN JOSE DEL FRAGUA",67.25,"HECTAREA",1.304702314,-76.11000594
2004-11-21,"GUAVIARE","CALAMAR",252.1,"HECTAREA",1.613634284,-73.0342639
2004-11-21,"VAUPÉS","CARURU",168.04,"HECTAREA",1.052762314,-71.33093035
2004-11-22,"CAQUETÁ","ALBANIA",257.4,"HECTAREA",1.22786549,-75.88232651
2004-11-22,"CAQUETÁ","VALPARAISO",417.39,"HECTAREA",1.07534915,-75.73779004
2004-11-22,"GUAVIARE","CALAMAR",64.68,"HECTAREA",1.613634284,-73.0342639
2004-11-22,"GUAVIARE","MIRAFLORES",64.67,"HECTAREA",1.363974932,-72.01810951
2004-11-23,"CAQUETÁ","EL PAUJIL",22.29,"HECTAREA",1.476630016,-75.20231825
2004-11-23,"CAQUETÁ","FLORENCIA",160.01,"HECTAREA",1.749138704,-75.55823906
2004-11-23,"CAQUETÁ","LA MONTAÑITA",27.7,"HECTAREA",1.302860442,-75.23572732
2004-11-23,"CAQUETÁ","SAN JOSE DEL FRAGUA",90.05,"HECTAREA",1.304702314,-76.11000594
2004-11-23,"CAQUETÁ","SOLANO",97.55,"HECTAREA",0.096131862,-72.32036402
2004-11-23,"CAQUETÁ","VALPARAISO",44.4,"HECTAREA",1.07534915,-75.73779004
2004-11-23,"PUTUMAYO","PUERTO GUZMAN",25.8,"HECTAREA",0.746432215,-75.88022979
2004-11-23,"VAUPÉS","CARURU",118.07,"HECTAREA",1.052762314,-71.33093035
2004-11-24,"CAQUETÁ","LA MONTAÑITA",236.98,"HECTAREA",1.302860442,-75.23572732
2004-11-24,"PUTUMAYO","PUERTO GUZMAN",166.12,"HECTAREA",0.746432215,-75.88022979
2004-11-26,"CAQUETÁ","EL PAUJIL",241.69,"HECTAREA",1.476630016,-75.20231825
2004-11-26,"CAUCA","PIAMONTE",297.64,"HECTAREA",1.054128816,-76.4443271
2004-11-26,"GUAVIARE","CALAMAR",209.62,"HECTAREA",1.613634284,-73.0342639
2004-11-26,"GUAVIARE","SAN JOSE DEL GUAVIARE",64.51,"HECTAREA",2.484286091,-71.91916993
2004-11-27,"CAQUETÁ","LA MONTAÑITA",319.04,"HECTAREA",1.302860442,-75.23572732
2004-11-27,"CAQUETÁ","SAN JOSE DEL FRAGUA",107,"HECTAREA",1.304702314,-76.11000594
2004-11-27,"CAUCA","PIAMONTE",373.9,"HECTAREA",1.054128816,-76.4443271
2004-11-27,"GUAVIARE","EL RETORNO",211.94,"HECTAREA",2.143447362,-72.24364869
2004-11-27,"META","MAPIRIPAN",173.39,"HECTAREA",3.117523361,-71.93805692
2004-11-28,"CAQUETÁ","LA MONTAÑITA",81,"HECTAREA",1.302860442,-75.23572732
2004-11-28,"CAQUETÁ","MILAN",81.38,"HECTAREA",1.146692554,-75.38664764
2004-11-28,"CAQUETÁ","SAN JOSE DEL FRAGUA",296.17,"HECTAREA",1.304702314,-76.11000594
2004-11-28,"VAUPÉS","CARURU",117.01,"HECTAREA",1.052762314,-71.33093035
2004-11-29,"CAQUETÁ","CARTAGENA DEL CHAIRA",96.86,"HECTAREA",0.647693081,-74.27235499
2004-11-29,"CAQUETÁ","LA MONTAÑITA",173.79,"HECTAREA",1.302860442,-75.23572732
2004-11-29,"CAQUETÁ","MILAN",112.38,"HECTAREA",1.146692554,-75.38664764
2004-11-29,"CAQUETÁ","SAN JOSE DEL FRAGUA",211.37,"HECTAREA",1.304702314,-76.11000594
2004-11-29,"CAQUETÁ","SAN VICENTE DEL CAGUAN",25.77,"HECTAREA",1.308465061,-74.19746971
2004-11-29,"GUAVIARE","MIRAFLORES",319.26,"HECTAREA",1.363974932,-72.01810951
2004-11-30,"CAQUETÁ","CARTAGENA DEL CHAIRA",59.48,"HECTAREA",0.647693081,-74.27235499
2004-12-02,"GUAVIARE","CALAMAR",127.71,"HECTAREA",1.613634284,-73.0342639
2004-12-03,"CAQUETÁ","CARTAGENA DEL CHAIRA",19.01,"HECTAREA",0.647693081,-74.27235499
2004-12-03,"CAQUETÁ","CURILLO",116.38,"HECTAREA",1.115379292,-75.97328452
2004-12-03,"CAQUETÁ","SAN JOSE DEL FRAGUA",331.59,"HECTAREA",1.304702314,-76.11000594
2004-12-03,"GUAVIARE","CALAMAR",73.09,"HECTAREA",1.613634284,-73.0342639
2004-12-03,"GUAVIARE","SAN JOSE DEL GUAVIARE",128.33,"HECTAREA",2.484286091,-71.91916993
2004-12-04,"CAQUETÁ","LA MONTAÑITA",123.38,"HECTAREA",1.302860442,-75.23572732
2004-12-04,"GUAVIARE","CALAMAR",51.26,"HECTAREA",1.613634284,-73.0342639
2004-12-04,"GUAVIARE","MIRAFLORES",82.75,"HECTAREA",1.363974932,-72.01810951
2004-12-04,"VAUPÉS","CARURU",13.07,"HECTAREA",1.052762314,-71.33093035
2004-12-05,"META","PUERTO RICO",113.09,"HECTAREA",2.758083657,-73.13780171
2004-12-06,"CAQUETÁ","CARTAGENA DEL CHAIRA",215.17,"HECTAREA",0.647693081,-74.27235499
2004-12-06,"CAQUETÁ","SAN JOSE DEL FRAGUA",121.82,"HECTAREA",1.304702314,-76.11000594
2004-12-06,"GUAVIARE","SAN JOSE DEL GUAVIARE",50.1,"HECTAREA",2.484286091,-71.91916993
2004-12-07,"CAQUETÁ","CARTAGENA DEL CHAIRA",59.92,"HECTAREA",0.647693081,-74.27235499
2004-12-07,"GUAVIARE","SAN JOSE DEL GUAVIARE",159.49,"HECTAREA",2.484286091,-71.91916993
2004-12-07,"PUTUMAYO","VILLAGARZON",51.12,"HECTAREA",0.911149515,-76.74495447
2004-12-08,"CAQUETÁ","CARTAGENA DEL CHAIRA",26.05,"HECTAREA",0.647693081,-74.27235499
2004-12-08,"CAQUETÁ","FLORENCIA",59.75,"HECTAREA",1.749138704,-75.55823906
2004-12-08,"GUAVIARE","CALAMAR",3.5,"HECTAREA",1.613634284,-73.0342639
2004-12-08,"PUTUMAYO","PUERTO CAICEDO",62.79,"HECTAREA",0.70416861,-76.49864415
2004-12-09,"CAQUETÁ","CARTAGENA DEL CHAIRA",24.47,"HECTAREA",0.647693081,-74.27235499
2004-12-09,"GUAVIARE","MIRAFLORES",228.68,"HECTAREA",1.363974932,-72.01810951
2004-12-10,"CAQUETÁ","SOLANO",51.65,"HECTAREA",0.096131862,-72.32036402
2004-12-10,"CAQUETÁ","SOLITA",150.51,"HECTAREA",0.943939454,-75.64668544
2004-12-10,"CAQUETÁ","VALPARAISO",13.4,"HECTAREA",1.07534915,-75.73779004
2004-12-10,"GUAVIARE","MIRAFLORES",158.68,"HECTAREA",1.363974932,-72.01810951
2004-12-11,"CAQUETÁ","CARTAGENA DEL CHAIRA",157.74,"HECTAREA",0.647693081,-74.27235499
2004-12-11,"CAQUETÁ","SAN VICENTE DEL CAGUAN",94.26,"HECTAREA",1.308465061,-74.19746971
2004-12-11,"GUAVIARE","CALAMAR",14.6,"HECTAREA",1.613634284,-73.0342639
2004-12-11,"GUAVIARE","MIRAFLORES",119.53,"HECTAREA",1.363974932,-72.01810951
2004-12-12,"CAQUETÁ","CARTAGENA DEL CHAIRA",8.6,"HECTAREA",0.647693081,-74.27235499
2004-12-12,"GUAVIARE","SAN JOSE DEL GUAVIARE",55.33,"HECTAREA",2.484286091,-71.91916993
2004-12-12,"PUTUMAYO","VALLE DEL GUAMUEZ",167.46,"HECTAREA",0.42012589,-76.77067026
2004-12-13,"CAQUETÁ","EL DONCELLO",50.35,"HECTAREA",1.713734697,-75.26878109
2004-12-13,"CAQUETÁ","EL PAUJIL",110.85,"HECTAREA",1.476630016,-75.20231825
2004-12-13,"PUTUMAYO","VILLAGARZON",136.12,"HECTAREA",0.911149515,-76.74495447
2004-12-14,"CAQUETÁ","CARTAGENA DEL CHAIRA",126.89,"HECTAREA",0.647693081,-74.27235499
2004-12-14,"GUAVIARE","SAN JOSE DEL GUAVIARE",181.74,"HECTAREA",2.484286091,-71.91916993
2004-12-15,"CAQUETÁ","EL DONCELLO",140.4,"HECTAREA",1.713734697,-75.26878109
2004-12-15,"CAQUETÁ","EL PAUJIL",41.24,"HECTAREA",1.476630016,-75.20231825
2004-12-15,"GUAVIARE","SAN JOSE DEL GUAVIARE",124.86,"HECTAREA",2.484286091,-71.91916993
2004-12-16,"GUAVIARE","EL RETORNO",111.68,"HECTAREA",2.143447362,-72.24364869
2004-12-16,"META","MAPIRIPAN",50.49,"HECTAREA",3.117523361,-71.93805692
2004-12-17,"GUAVIARE","EL RETORNO",161.15,"HECTAREA",2.143447362,-72.24364869
2004-12-17,"GUAVIARE","SAN JOSE DEL GUAVIARE",205.7,"HECTAREA",2.484286091,-71.91916993
2004-12-17,"PUTUMAYO","VALLE DEL GUAMUEZ",97.1,"HECTAREA",0.42012589,-76.77067026
2004-12-17,"PUTUMAYO","VILLAGARZON",66.07,"HECTAREA",0.911149515,-76.74495447
2004-12-18,"GUAVIARE","EL RETORNO",63.73,"HECTAREA",2.143447362,-72.24364869
2004-12-18,"PUTUMAYO","VILLAGARZON",52.96,"HECTAREA",0.911149515,-76.74495447
2004-12-19,"CAQUETÁ","CARTAGENA DEL CHAIRA",77.98,"HECTAREA",0.647693081,-74.27235499
2004-12-19,"CAQUETÁ","SAN VICENTE DEL CAGUAN",77.97,"HECTAREA",1.308465061,-74.19746971
2004-12-19,"VAUPÉS","CARURU",218.53,"HECTAREA",1.052762314,-71.33093035
2004-12-20,"CAQUETÁ","SAN VICENTE DEL CAGUAN",45.62,"HECTAREA",1.308465061,-74.19746971
2004-12-20,"GUAVIARE","SAN JOSE DEL GUAVIARE",355.18,"HECTAREA",2.484286091,-71.91916993
2004-12-20,"PUTUMAYO","PUERTO ASIS",74.49,"HECTAREA",0.433884539,-76.52158203
2004-12-21,"CAQUETÁ","PUERTO RICO",67.78,"HECTAREA",2.018940891,-75.07308627
2004-12-21,"GUAVIARE","EL RETORNO",349.56,"HECTAREA",2.143447362,-72.24364869
2004-12-21,"PUTUMAYO","PUERTO CAICEDO",9.53,"HECTAREA",0.70416861,-76.49864415
2004-12-21,"PUTUMAYO","PUERTO GUZMAN",20.52,"HECTAREA",0.746432215,-75.88022979
2004-12-22,"GUAVIARE","SAN JOSE DEL GUAVIARE",60.37,"HECTAREA",2.484286091,-71.91916993
2004-12-22,"PUTUMAYO","PUERTO ASIS",129.96,"HECTAREA",0.433884539,-76.52158203
2004-12-23,"CAQUETÁ","PUERTO RICO",492.46,"HECTAREA",2.018940891,-75.07308627
2004-12-23,"GUAVIARE","SAN JOSE DEL GUAVIARE",33.89,"HECTAREA",2.484286091,-71.91916993
2004-12-24,"CAQUETÁ","PUERTO RICO",150.96,"HECTAREA",2.018940891,-75.07308627
2004-12-24,"META","PUERTO CONCORDIA",69.2,"HECTAREA",2.752260112,-72.7210941
2004-12-24,"NARIÑO","IPIALES",115.98,"HECTAREA",0.497708465,-77.24047625
2004-12-24,"PUTUMAYO","VALLE DEL GUAMUEZ",66.77,"HECTAREA",0.42012589,-76.77067026
2004-12-25,"CAQUETÁ","PUERTO RICO",150.96,"HECTAREA",2.018940891,-75.07308627
2004-12-25,"PUTUMAYO","VALLE DEL GUAMUEZ",340.67,"HECTAREA",0.42012589,-76.77067026
2004-12-26,"CAQUETÁ","PUERTO RICO",225.21,"HECTAREA",2.018940891,-75.07308627
2004-12-26,"PUTUMAYO","VALLE DEL GUAMUEZ",177.14,"HECTAREA",0.42012589,-76.77067026
2004-12-27,"META","MAPIRIPAN",58.58,"HECTAREA",3.117523361,-71.93805692
2004-12-27,"META","PUERTO RICO",357.31,"HECTAREA",2.758083657,-73.13780171
2004-12-28,"META","MAPIRIPAN",99.8,"HECTAREA",3.117523361,-71.93805692
2004-12-28,"NARIÑO","IPIALES",44.91,"HECTAREA",0.497708465,-77.24047625
2004-12-29,"META","PUERTO CONCORDIA",193.37,"HECTAREA",2.752260112,-72.7210941
2004-12-30,"CAQUETÁ","SAN VICENTE DEL CAGUAN",164.24,"HECTAREA",1.308465061,-74.19746971
2004-12-30,"GUAVIARE","MIRAFLORES",26.74,"HECTAREA",1.363974932,-72.01810951
2004-12-30,"PUTUMAYO","PUERTO GUZMAN",8.27,"HECTAREA",0.746432215,-75.88022979
2004-12-31,"CAQUETÁ","CARTAGENA DEL CHAIRA",16.2,"HECTAREA",0.647693081,-74.27235499
2004-12-31,"GUAVIARE","CALAMAR",8.6,"HECTAREA",1.613634284,-73.0342639
2005-01-01,"GUAVIARE","SAN JOSE DEL GUAVIARE",159.64,"HECTAREA",2.484286091,-71.91916993
2005-01-02,"GUAVIARE","SAN JOSE DEL GUAVIARE",156.25,"HECTAREA",2.484286091,-71.91916993
2005-01-03,"GUAVIARE","EL RETORNO",11.6,"HECTAREA",2.143447362,-72.24364869
2005-01-03,"GUAVIARE","SAN JOSE DEL GUAVIARE",238.83,"HECTAREA",2.484286091,-71.91916993
2005-01-04,"GUAVIARE","EL RETORNO",156.09,"HECTAREA",2.143447362,-72.24364869
2005-01-05,"GUAVIARE","EL RETORNO",185.27,"HECTAREA",2.143447362,-72.24364869
2005-01-07,"GUAVIARE","SAN JOSE DEL GUAVIARE",89.19,"HECTAREA",2.484286091,-71.91916993
2005-01-07,"META","PUERTO CONCORDIA",203.9,"HECTAREA",2.752260112,-72.7210941
2005-01-08,"META","PUERTO CONCORDIA",160.99,"HECTAREA",2.752260112,-72.7210941
2005-01-09,"NARIÑO","EL CHARCO",69.85,"HECTAREA",2.216382295,-77.99533234
2005-01-09,"NARIÑO","FRANCISCO PIZARRO",176.11,"HECTAREA",2.088531925,-78.59193099
2005-01-09,"NARIÑO","SAN ANDRES DE TUMACO",400.37,"HECTAREA",1.574550638,-78.61540963
2005-01-10,"CHOCÓ","SIPI",50.69,"HECTAREA",4.594415157,-76.54194459
2005-01-10,"META","PUERTO CONCORDIA",86.33,"HECTAREA",2.752260112,-72.7210941
2005-01-11,"GUAVIARE","EL RETORNO",25.87,"HECTAREA",2.143447362,-72.24364869
2005-01-11,"META","PUERTO CONCORDIA",197.63,"HECTAREA",2.752260112,-72.7210941
2005-01-11,"NARIÑO","EL CHARCO",316.47,"HECTAREA",2.216382295,-77.99533234
2005-01-11,"NARIÑO","MAGUI",80.33,"HECTAREA",1.906858429,-78.04473644
2005-01-12,"GUAVIARE","SAN JOSE DEL GUAVIARE",113.97,"HECTAREA",2.484286091,-71.91916993
2005-01-12,"NARIÑO","FRANCISCO PIZARRO",226.85,"HECTAREA",2.088531925,-78.59193099
2005-01-12,"NARIÑO","SAN ANDRES DE TUMACO",67.66,"HECTAREA",1.574550638,-78.61540963
2005-01-13,"CHOCÓ","SIPI",57.16,"HECTAREA",4.594415157,-76.54194459
2005-01-13,"GUAVIARE","SAN JOSE DEL GUAVIARE",5.74,"HECTAREA",2.484286091,-71.91916993
2005-01-14,"CHOCÓ","SIPI",67.9,"HECTAREA",4.594415157,-76.54194459
2005-01-14,"GUAVIARE","SAN JOSE DEL GUAVIARE",61.2,"HECTAREA",2.484286091,-71.91916993
2005-01-14,"META","PUERTO CONCORDIA",186.13,"HECTAREA",2.752260112,-72.7210941
2005-01-14,"NARIÑO","SAN ANDRES DE TUMACO",296.16,"HECTAREA",1.574550638,-78.61540963
2005-01-15,"CHOCÓ","SIPI",66.35,"HECTAREA",4.594415157,-76.54194459
2005-01-15,"META","PUERTO CONCORDIA",262.57,"HECTAREA",2.752260112,-72.7210941
2005-01-15,"NARIÑO","SAN ANDRES DE TUMACO",245.02,"HECTAREA",1.574550638,-78.61540963
2005-01-16,"META","MAPIRIPAN",230.65,"HECTAREA",3.117523361,-71.93805692
2005-01-16,"META","PUERTO LLERAS",108.47,"HECTAREA",3.193092925,-73.23671436
2005-01-17,"CHOCÓ","SIPI",126.03,"HECTAREA",4.594415157,-76.54194459
2005-01-17,"GUAVIARE","CALAMAR",61.7,"HECTAREA",1.613634284,-73.0342639
2005-01-17,"GUAVIARE","SAN JOSE DEL GUAVIARE",113.64,"HECTAREA",2.484286091,-71.91916993
2005-01-17,"META","MAPIRIPAN",136.85,"HECTAREA",3.117523361,-71.93805692
2005-01-17,"NARIÑO","BARBACOAS",65.72,"HECTAREA",1.44563774,-78.15621072
2005-01-17,"NARIÑO","EL CHARCO",258.49,"HECTAREA",2.216382295,-77.99533234
2005-01-18,"META","MAPIRIPAN",145.78,"HECTAREA",3.117523361,-71.93805692
2005-01-18,"META","PUERTO LLERAS",48.61,"HECTAREA",3.193092925,-73.23671436
2005-01-19,"GUAVIARE","SAN JOSE DEL GUAVIARE",38.47,"HECTAREA",2.484286091,-71.91916993
2005-01-19,"META","PUERTO LLERAS",229.1,"HECTAREA",3.193092925,-73.23671436
2005-01-20,"NARIÑO","MAGUI",476.78,"HECTAREA",1.906858429,-78.04473644
2005-01-20,"NARIÑO","SAN ANDRES DE TUMACO",854.8,"HECTAREA",1.574550638,-78.61540963
2005-01-21,"CHOCÓ","SIPI",57.09,"HECTAREA",4.594415157,-76.54194459
2005-01-21,"GUAVIARE","EL RETORNO",64.66,"HECTAREA",2.143447362,-72.24364869
2005-01-21,"GUAVIARE","SAN JOSE DEL GUAVIARE",214.05,"HECTAREA",2.484286091,-71.91916993
2005-01-21,"NARIÑO","EL CHARCO",156.42,"HECTAREA",2.216382295,-77.99533234
2005-01-21,"NARIÑO","MAGUI",241.98,"HECTAREA",1.906858429,-78.04473644
2005-01-22,"GUAVIARE","SAN JOSE DEL GUAVIARE",157.54,"HECTAREA",2.484286091,-71.91916993
2005-01-22,"NARIÑO","EL CHARCO",1492.79,"HECTAREA",2.216382295,-77.99533234
2005-01-23,"GUAVIARE","SAN JOSE DEL GUAVIARE",88.23,"HECTAREA",2.484286091,-71.91916993
2005-01-23,"META","MAPIRIPAN",26,"HECTAREA",3.117523361,-71.93805692
2005-01-23,"NARIÑO","SAN ANDRES DE TUMACO",567.28,"HECTAREA",1.574550638,-78.61540963
2005-01-24,"GUAVIARE","SAN JOSE DEL GUAVIARE",172.59,"HECTAREA",2.484286091,-71.91916993
2005-01-25,"GUAVIARE","SAN JOSE DEL GUAVIARE",74.5,"HECTAREA",2.484286091,-71.91916993
2005-01-25,"NARIÑO","SAN ANDRES DE TUMACO",1536.08,"HECTAREA",1.574550638,-78.61540963
2005-01-26,"GUAVIARE","SAN JOSE DEL GUAVIARE",82.73,"HECTAREA",2.484286091,-71.91916993
2005-01-26,"META","PUERTO CONCORDIA",120.4,"HECTAREA",2.752260112,-72.7210941
2005-01-26,"NARIÑO","EL CHARCO",573.2,"HECTAREA",2.216382295,-77.99533234
2005-01-27,"GUAVIARE","CALAMAR",12.78,"HECTAREA",1.613634284,-73.0342639
2005-01-27,"GUAVIARE","EL RETORNO",90.58,"HECTAREA",2.143447362,-72.24364869
2005-01-27,"GUAVIARE","SAN JOSE DEL GUAVIARE",33.21,"HECTAREA",2.484286091,-71.91916993
2005-01-27,"NARIÑO","SAN ANDRES DE TUMACO",1062.08,"HECTAREA",1.574550638,-78.61540963
2005-01-27,"VALLE DEL CAUCA","PRADERA",5.26,"HECTAREA",3.42063665,-76.17841841
2005-01-28,"GUAVIARE","CALAMAR",114.09,"HECTAREA",1.613634284,-73.0342639
2005-01-28,"GUAVIARE","SAN JOSE DEL GUAVIARE",114.09,"HECTAREA",2.484286091,-71.91916993
2005-01-28,"NARIÑO","EL CHARCO",441.7,"HECTAREA",2.216382295,-77.99533234
2005-01-29,"GUAVIARE","CALAMAR",64.16,"HECTAREA",1.613634284,-73.0342639
2005-01-29,"GUAVIARE","EL RETORNO",107.17,"HECTAREA",2.143447362,-72.24364869
2005-01-29,"NARIÑO","BARBACOAS",346.41,"HECTAREA",1.44563774,-78.15621072
2005-01-30,"GUAVIARE","CALAMAR",178.51,"HECTAREA",1.613634284,-73.0342639
2005-01-30,"GUAVIARE","SAN JOSE DEL GUAVIARE",6.96,"HECTAREA",2.484286091,-71.91916993
2005-01-31,"GUAVIARE","MIRAFLORES",203.63,"HECTAREA",1.363974932,-72.01810951
2005-02-01,"GUAVIARE","MIRAFLORES",126.13,"HECTAREA",1.363974932,-72.01810951
2005-02-01,"VAUPÉS","CARURU",121.64,"HECTAREA",1.052762314,-71.33093035
2005-02-02,"GUAVIARE","MIRAFLORES",79,"HECTAREA",1.363974932,-72.01810951
2005-02-02,"VAUPÉS","CARURU",80.92,"HECTAREA",1.052762314,-71.33093035
2005-02-03,"GUAVIARE","EL RETORNO",28.86,"HECTAREA",2.143447362,-72.24364869
2005-02-03,"GUAVIARE","MIRAFLORES",56.8,"HECTAREA",1.363974932,-72.01810951
2005-02-03,"GUAVIARE","SAN JOSE DEL GUAVIARE",16.2,"HECTAREA",2.484286091,-71.91916993
2005-02-03,"META","PUERTO CONCORDIA",32.77,"HECTAREA",2.752260112,-72.7210941
2005-02-03,"VAUPÉS","CARURU",137.61,"HECTAREA",1.052762314,-71.33093035
2005-02-04,"NARIÑO","SAN ANDRES DE TUMACO",231,"HECTAREA",1.574550638,-78.61540963
2005-02-06,"NARIÑO","MAGUI",208.61,"HECTAREA",1.906858429,-78.04473644
2005-02-07,"GUAVIARE","MIRAFLORES",50.39,"HECTAREA",1.363974932,-72.01810951
2005-02-07,"GUAVIARE","SAN JOSE DEL GUAVIARE",126.89,"HECTAREA",2.484286091,-71.91916993
2005-02-07,"NARIÑO","MAGUI",270.44,"HECTAREA",1.906858429,-78.04473644
2005-02-08,"META","MAPIRIPAN",140.85,"HECTAREA",3.117523361,-71.93805692
2005-02-09,"GUAVIARE","CALAMAR",35,"HECTAREA",1.613634284,-73.0342639
2005-02-09,"META","PUERTO CONCORDIA",34.95,"HECTAREA",2.752260112,-72.7210941
2005-02-09,"NARIÑO","ROBERTO PAYAN",164.9,"HECTAREA",1.897581156,-78.3811163
2005-02-09,"NARIÑO","SAN ANDRES DE TUMACO",164.77,"HECTAREA",1.574550638,-78.61540963
2005-02-10,"NARIÑO","BUESACO",8.28,"HECTAREA",1.315215636,-77.1163664
2005-02-10,"NARIÑO","EL TABLON DE GOMEZ",8.28,"HECTAREA",1.409430207,-76.98526959
2005-02-10,"NARIÑO","LA CRUZ",8.27,"HECTAREA",1.584175998,-76.92335262
2005-02-13,"GUAVIARE","SAN JOSE DEL GUAVIARE",18.06,"HECTAREA",2.484286091,-71.91916993
2005-02-13,"META","MAPIRIPAN",85.05,"HECTAREA",3.117523361,-71.93805692
2005-02-13,"NARIÑO","BARBACOAS",82.67,"HECTAREA",1.44563774,-78.15621072
2005-02-13,"NARIÑO","BUESACO",61.32,"HECTAREA",1.315215636,-77.1163664
2005-02-13,"NARIÑO","EL TABLON DE GOMEZ",14.61,"HECTAREA",1.409430207,-76.98526959
2005-02-13,"NARIÑO","ROBERTO PAYAN",624.64,"HECTAREA",1.897581156,-78.3811163
2005-02-13,"NARIÑO","SAN ANDRES DE TUMACO",305.22,"HECTAREA",1.574550638,-78.61540963
2005-02-14,"CAUCA","BALBOA",34.31,"HECTAREA",2.084732945,-77.2088133
2005-02-14,"GUAVIARE","EL RETORNO",110.79,"HECTAREA",2.143447362,-72.24364869
2005-02-14,"GUAVIARE","MIRAFLORES",221.58,"HECTAREA",1.363974932,-72.01810951
2005-02-14,"NARIÑO","BUESACO",76.53,"HECTAREA",1.315215636,-77.1163664
2005-02-14,"NARIÑO","LEIVA",34.31,"HECTAREA",1.900862361,-77.31220073
2005-02-15,"GUAVIARE","EL RETORNO",101.41,"HECTAREA",2.143447362,-72.24364869
2005-02-15,"GUAVIARE","MIRAFLORES",101.41,"HECTAREA",1.363974932,-72.01810951
2005-02-16,"GUAVIARE","MIRAFLORES",273.16,"HECTAREA",1.363974932,-72.01810951
2005-02-16,"NARIÑO","BARBACOAS",596.44,"HECTAREA",1.44563774,-78.15621072
2005-02-17,"GUAVIARE","EL RETORNO",77.32,"HECTAREA",2.143447362,-72.24364869
2005-02-17,"NARIÑO","BUESACO",46.96,"HECTAREA",1.315215636,-77.1163664
2005-02-17,"NARIÑO","ROBERTO PAYAN",302.22,"HECTAREA",1.897581156,-78.3811163
2005-02-17,"NARIÑO","SAN ANDRES DE TUMACO",453.94,"HECTAREA",1.574550638,-78.61540963
2005-02-18,"GUAVIARE","EL RETORNO",7.53,"HECTAREA",2.143447362,-72.24364869
2005-02-18,"GUAVIARE","MIRAFLORES",159.67,"HECTAREA",1.363974932,-72.01810951
2005-02-18,"GUAVIARE","SAN JOSE DEL GUAVIARE",4.4,"HECTAREA",2.484286091,-71.91916993
2005-02-18,"NARIÑO","BARBACOAS",751.1,"HECTAREA",1.44563774,-78.15621072
2005-02-19,"NARIÑO","ROBERTO PAYAN",153.56,"HECTAREA",1.897581156,-78.3811163
2005-02-19,"NARIÑO","SAN ANDRES DE TUMACO",650.06,"HECTAREA",1.574550638,-78.61540963
2005-02-20,"GUAVIARE","EL RETORNO",2.99,"HECTAREA",2.143447362,-72.24364869
2005-02-20,"META","MAPIRIPAN",2.09,"HECTAREA",3.117523361,-71.93805692
2005-02-20,"NARIÑO","BUESACO",42.24,"HECTAREA",1.315215636,-77.1163664
2005-02-20,"NARIÑO","SAN ANDRES DE TUMACO",483.16,"HECTAREA",1.574550638,-78.61540963
2005-02-21,"GUAVIARE","EL RETORNO",58.49,"HECTAREA",2.143447362,-72.24364869
2005-02-21,"GUAVIARE","SAN JOSE DEL GUAVIARE",116.96,"HECTAREA",2.484286091,-71.91916993
2005-02-21,"NARIÑO","BARBACOAS",1249.65,"HECTAREA",1.44563774,-78.15621072
2005-02-21,"NARIÑO","BUESACO",17.2,"HECTAREA",1.315215636,-77.1163664
2005-02-21,"NARIÑO","LA CRUZ",34.4,"HECTAREA",1.584175998,-76.92335262
2005-02-21,"NARIÑO","MAGUI",165.48,"HECTAREA",1.906858429,-78.04473644
2005-02-22,"NARIÑO","EL CHARCO",181.42,"HECTAREA",2.216382295,-77.99533234
2005-02-22,"NARIÑO","LA CRUZ",57.29,"HECTAREA",1.584175998,-76.92335262
2005-02-22,"NARIÑO","MAGUI",802.96,"HECTAREA",1.906858429,-78.04473644
2005-02-23,"GUAVIARE","EL RETORNO",135.6,"HECTAREA",2.143447362,-72.24364869
2005-02-23,"NARIÑO","EL CHARCO",195.56,"HECTAREA",2.216382295,-77.99533234
2005-02-23,"NARIÑO","SAN ANDRES DE TUMACO",806.49,"HECTAREA",1.574550638,-78.61540963
2005-02-24,"CAUCA","BALBOA",64.12,"HECTAREA",2.084732945,-77.2088133
2005-02-24,"CAUCA","BOLIVAR",32.07,"HECTAREA",1.853951938,-76.96337454
2005-02-24,"GUAVIARE","EL RETORNO",55.43,"HECTAREA",2.143447362,-72.24364869
2005-02-24,"GUAVIARE","SAN JOSE DEL GUAVIARE",55.44,"HECTAREA",2.484286091,-71.91916993
2005-02-24,"NARIÑO","EL CHARCO",256.77,"HECTAREA",2.216382295,-77.99533234
2005-02-24,"NARIÑO","LA CRUZ",31.06,"HECTAREA",1.584175998,-76.92335262
2005-02-24,"NARIÑO","LEIVA",32.06,"HECTAREA",1.900862361,-77.31220073
2005-02-24,"NARIÑO","MAGUI",512.76,"HECTAREA",1.906858429,-78.04473644
2005-02-25,"GUAVIARE","SAN JOSE DEL GUAVIARE",249.67,"HECTAREA",2.484286091,-71.91916993
2005-02-25,"NARIÑO","MAGUI",769.76,"HECTAREA",1.906858429,-78.04473644
2005-02-26,"CAUCA","BALBOA",32,"HECTAREA",2.084732945,-77.2088133
2005-02-26,"GUAVIARE","EL RETORNO",147.19,"HECTAREA",2.143447362,-72.24364869
2005-02-26,"GUAVIARE","SAN JOSE DEL GUAVIARE",203.74,"HECTAREA",2.484286091,-71.91916993
2005-02-26,"NARIÑO","SAN ANDRES DE TUMACO",893.7,"HECTAREA",1.574550638,-78.61540963
2005-02-27,"GUAVIARE","SAN JOSE DEL GUAVIARE",160.32,"HECTAREA",2.484286091,-71.91916993
2005-02-27,"NARIÑO","SAN ANDRES DE TUMACO",1562.58,"HECTAREA",1.574550638,-78.61540963
2005-02-28,"GUAVIARE","CALAMAR",69.2,"HECTAREA",1.613634284,-73.0342639
2005-02-28,"GUAVIARE","EL RETORNO",69.19,"HECTAREA",2.143447362,-72.24364869
2005-02-28,"GUAVIARE","SAN JOSE DEL GUAVIARE",69.2,"HECTAREA",2.484286091,-71.91916993
2005-02-28,"NARIÑO","SAN ANDRES DE TUMACO",1383.09,"HECTAREA",1.574550638,-78.61540963
2005-03-01,"CAUCA","BALBOA",93.41,"HECTAREA",2.084732945,-77.2088133
2005-03-01,"CAUCA","BALBOA",15.55,"HECTAREA",2.084732945,-77.2088133
2005-03-01,"GUAVIARE","SAN JOSE DEL GUAVIARE",416.37,"HECTAREA",2.484286091,-71.91916993
2005-03-01,"NARIÑO","PUERRES",15.58,"HECTAREA",0.854351651,-77.35032523
2005-03-02,"GUAVIARE","EL RETORNO",9.67,"HECTAREA",2.143447362,-72.24364869
2005-03-02,"NARIÑO","SAN ANDRES DE TUMACO",789.45,"HECTAREA",1.574550638,-78.61540963
2005-03-03,"CAUCA","BALBOA",104.26,"HECTAREA",2.084732945,-77.2088133
2005-03-03,"GUAVIARE","SAN JOSE DEL GUAVIARE",213.1,"HECTAREA",2.484286091,-71.91916993
2005-03-05,"GUAVIARE","SAN JOSE DEL GUAVIARE",43.22,"HECTAREA",2.484286091,-71.91916993
2005-03-05,"NARIÑO","LEIVA",122.6,"HECTAREA",1.900862361,-77.31220073
2005-03-05,"NARIÑO","SAN ANDRES DE TUMACO",1173.31,"HECTAREA",1.574550638,-78.61540963
2005-03-06,"GUAVIARE","CALAMAR",79.79,"HECTAREA",1.613634284,-73.0342639
2005-03-06,"GUAVIARE","EL RETORNO",31.8,"HECTAREA",2.143447362,-72.24364869
2005-03-06,"GUAVIARE","SAN JOSE DEL GUAVIARE",42.3,"HECTAREA",2.484286091,-71.91916993
2005-03-06,"NARIÑO","EL CHARCO",259.47,"HECTAREA",2.216382295,-77.99533234
2005-03-06,"NARIÑO","SAN ANDRES DE TUMACO",518,"HECTAREA",1.574550638,-78.61540963
2005-03-07,"GUAVIARE","EL RETORNO",69.47,"HECTAREA",2.143447362,-72.24364869
2005-03-08,"GUAVIARE","EL RETORNO",159.45,"HECTAREA",2.143447362,-72.24364869
2005-03-08,"NARIÑO","SAN ANDRES DE TUMACO",1233.93,"HECTAREA",1.574550638,-78.61540963
2005-03-09,"GUAVIARE","SAN JOSE DEL GUAVIARE",87,"HECTAREA",2.484286091,-71.91916993
2005-03-09,"NARIÑO","MAGUI",444.6,"HECTAREA",1.906858429,-78.04473644
2005-03-09,"NARIÑO","SAN ANDRES DE TUMACO",877.4,"HECTAREA",1.574550638,-78.61540963
2005-03-10,"GUAVIARE","EL RETORNO",99.2,"HECTAREA",2.143447362,-72.24364869
2005-03-10,"NARIÑO","SAN ANDRES DE TUMACO",2000.71,"HECTAREA",1.574550638,-78.61540963
2005-03-11,"CAUCA","PAEZ",4.5,"HECTAREA",2.733887702,-75.99368264
2005-03-11,"HUILA","IQUIRA",6.58,"HECTAREA",2.691517773,-75.67383141
2005-03-11,"NARIÑO","SAN ANDRES DE TUMACO",2540.8,"HECTAREA",1.574550638,-78.61540963
2005-03-12,"GUAVIARE","MIRAFLORES",282.52,"HECTAREA",1.363974932,-72.01810951
2005-03-13,"CAQUETÁ","SAN VICENTE DEL CAGUAN",14.56,"HECTAREA",1.308465061,-74.19746971
2005-03-13,"GUAVIARE","CALAMAR",80,"HECTAREA",1.613634284,-73.0342639
2005-03-13,"GUAVIARE","SAN JOSE DEL GUAVIARE",102.23,"HECTAREA",2.484286091,-71.91916993
2005-03-13,"HUILA","TELLO",1.79,"HECTAREA",3.030611777,-75.08536553
2005-03-13,"NARIÑO","SAN ANDRES DE TUMACO",1356.39,"HECTAREA",1.574550638,-78.61540963
2005-03-14,"GUAVIARE","MIRAFLORES",342.77,"HECTAREA",1.363974932,-72.01810951
2005-03-14,"HUILA","COLOMBIA",13.67,"HECTAREA",3.262763564,-74.78516117
2005-03-14,"TOLIMA","PLANADAS",30.62,"HECTAREA",3.09897343,-75.81684413
2005-03-15,"GUAVIARE","MIRAFLORES",52.91,"HECTAREA",1.363974932,-72.01810951
2005-03-15,"GUAVIARE","SAN JOSE DEL GUAVIARE",26.46,"HECTAREA",2.484286091,-71.91916993
2005-03-15,"NARIÑO","SAN ANDRES DE TUMACO",1673.55,"HECTAREA",1.574550638,-78.61540963
2005-03-16,"GUAVIARE","SAN JOSE DEL GUAVIARE",87.16,"HECTAREA",2.484286091,-71.91916993
2005-03-16,"TOLIMA","PLANADAS",5.7,"HECTAREA",3.09897343,-75.81684413
2005-03-17,"NARIÑO","SAN ANDRES DE TUMACO",253.08,"HECTAREA",1.574550638,-78.61540963
2005-03-18,"NARIÑO","SAN ANDRES DE TUMACO",418.72,"HECTAREA",1.574550638,-78.61540963
2005-03-20,"GUAVIARE","SAN JOSE DEL GUAVIARE",4.39,"HECTAREA",2.484286091,-71.91916993
2005-03-20,"HUILA","SANTA MARIA",15.9,"HECTAREA",2.926265937,-75.63359786
2005-03-20,"TOLIMA","PLANADAS",78.37,"HECTAREA",3.09897343,-75.81684413
2005-03-21,"HUILA","ALGECIRAS",46.94,"HECTAREA",2.49785068,-75.29134946
2005-03-21,"NARIÑO","MAGUI",462.18,"HECTAREA",1.906858429,-78.04473644
2005-03-21,"TOLIMA","PLANADAS",32.33,"HECTAREA",3.09897343,-75.81684413
2005-03-22,"GUAVIARE","SAN JOSE DEL GUAVIARE",10.52,"HECTAREA",2.484286091,-71.91916993
2005-03-22,"HUILA","ALGECIRAS",43.74,"HECTAREA",2.49785068,-75.29134946
2005-03-22,"NARIÑO","MAGUI",978.49,"HECTAREA",1.906858429,-78.04473644
2005-03-23,"GUAVIARE","SAN JOSE DEL GUAVIARE",35.95,"HECTAREA",2.484286091,-71.91916993
2005-03-23,"HUILA","COLOMBIA",44.26,"HECTAREA",3.262763564,-74.78516117
2005-03-23,"NARIÑO","MAGUI",1879.27,"HECTAREA",1.906858429,-78.04473644
2005-03-24,"NARIÑO","EL CHARCO",329.79,"HECTAREA",2.216382295,-77.99533234
2005-03-24,"NARIÑO","MAGUI",407.05,"HECTAREA",1.906858429,-78.04473644
2005-03-25,"GUAVIARE","EL RETORNO",85.2,"HECTAREA",2.143447362,-72.24364869
2005-03-25,"GUAVIARE","MIRAFLORES",55.02,"HECTAREA",1.363974932,-72.01810951
2005-03-25,"HUILA","COLOMBIA",11.32,"HECTAREA",3.262763564,-74.78516117
2005-03-25,"NARIÑO","MAGUI",1003.02,"HECTAREA",1.906858429,-78.04473644
2005-03-25,"NARIÑO","SAN ANDRES DE TUMACO",309.12,"HECTAREA",1.574550638,-78.61540963
2005-03-25,"TOLIMA","RIOBLANCO",15.09,"HECTAREA",3.468077548,-75.85481103
2005-03-26,"GUAVIARE","SAN JOSE DEL GUAVIARE",92.74,"HECTAREA",2.484286091,-71.91916993
2005-03-26,"NARIÑO","MAGUI",790.33,"HECTAREA",1.906858429,-78.04473644
2005-03-26,"TOLIMA","RIOBLANCO",5.03,"HECTAREA",3.468077548,-75.85481103
2005-03-27,"GUAVIARE","SAN JOSE DEL GUAVIARE",139.73,"HECTAREA",2.484286091,-71.91916993
2005-03-27,"NARIÑO","BARBACOAS",351.37,"HECTAREA",1.44563774,-78.15621072
2005-03-27,"NARIÑO","SAN ANDRES DE TUMACO",745.89,"HECTAREA",1.574550638,-78.61540963
2005-03-29,"GUAVIARE","EL RETORNO",23.93,"HECTAREA",2.143447362,-72.24364869
2005-03-29,"GUAVIARE","SAN JOSE DEL GUAVIARE",20.5,"HECTAREA",2.484286091,-71.91916993
2005-03-29,"HUILA","SANTA MARIA",12.83,"HECTAREA",2.926265937,-75.63359786
2005-03-30,"CAQUETÁ","PUERTO RICO",71,"HECTAREA",2.018940891,-75.07308627
2005-03-30,"GUAVIARE","EL RETORNO",120.06,"HECTAREA",2.143447362,-72.24364869
2005-03-30,"NARIÑO","BARBACOAS",208.92,"HECTAREA",1.44563774,-78.15621072
2005-03-30,"NARIÑO","MAGUI",200,"HECTAREA",1.906858429,-78.04473644
2005-04-01,"CAUCA","INZA",15.48,"HECTAREA",2.499058783,-76.13762531
2005-04-01,"GUAVIARE","SAN JOSE DEL GUAVIARE",102.49,"HECTAREA",2.484286091,-71.91916993
2005-04-01,"META","MAPIRIPAN",47.86,"HECTAREA",3.117523361,-71.93805692
2005-04-01,"META","PUERTO RICO",235.19,"HECTAREA",2.758083657,-73.13780171
2005-04-01,"NARIÑO","EL CHARCO",294.47,"HECTAREA",2.216382295,-77.99533234
2005-04-01,"NARIÑO","SAN ANDRES DE TUMACO",300,"HECTAREA",1.574550638,-78.61540963
2005-04-02,"GUAVIARE","SAN JOSE DEL GUAVIARE",120.1,"HECTAREA",2.484286091,-71.91916993
2005-04-02,"HUILA","ALGECIRAS",45.67,"HECTAREA",2.49785068,-75.29134946
2005-04-02,"META","MAPIRIPAN",82.02,"HECTAREA",3.117523361,-71.93805692
2005-04-02,"META","PUERTO RICO",101,"HECTAREA",2.758083657,-73.13780171
2005-04-03,"GUAVIARE","EL RETORNO",13.09,"HECTAREA",2.143447362,-72.24364869
2005-04-03,"HUILA","ALGECIRAS",54.35,"HECTAREA",2.49785068,-75.29134946
2005-04-03,"NARIÑO","EL CHARCO",977.36,"HECTAREA",2.216382295,-77.99533234
2005-04-04,"GUAVIARE","EL RETORNO",117,"HECTAREA",2.143447362,-72.24364869
2005-04-05,"GUAVIARE","SAN JOSE DEL GUAVIARE",148.69,"HECTAREA",2.484286091,-71.91916993
2005-04-07,"NARIÑO","EL CHARCO",475.6,"HECTAREA",2.216382295,-77.99533234
2005-04-08,"NARIÑO","BARBACOAS",489.81,"HECTAREA",1.44563774,-78.15621072
2005-04-09,"META","PUERTO LLERAS",89.25,"HECTAREA",3.193092925,-73.23671436
2005-04-09,"META","PUERTO RICO",75.93,"HECTAREA",2.758083657,-73.13780171
2005-04-09,"NARIÑO","BARBACOAS",491.89,"HECTAREA",1.44563774,-78.15621072
2005-04-10,"ANTIOQUIA","SONSON",142.83,"HECTAREA",5.826388779,-74.83637623
2005-04-10,"NARIÑO","BARBACOAS",377.31,"HECTAREA",1.44563774,-78.15621072
2005-04-10,"NARIÑO","EL CHARCO",251.82,"HECTAREA",2.216382295,-77.99533234
2005-04-11,"BOYACÁ","PUERTO BOYACA",146.67,"HECTAREA",5.953466654,-74.4528581
2005-04-12,"NARIÑO","BARBACOAS",836.92,"HECTAREA",1.44563774,-78.15621072
2005-04-12,"NARIÑO","SAN ANDRES DE TUMACO",81.14,"HECTAREA",1.574550638,-78.61540963
2005-04-13,"BOYACÁ","PUERTO BOYACA",139.24,"HECTAREA",5.953466654,-74.4528581
2005-04-13,"CALDAS","NORCASIA",49.75,"HECTAREA",5.638062349,-74.85492707
2005-04-13,"CALDAS","SAMANA",142.88,"HECTAREA",5.519692873,-74.99718577
2005-04-14,"ANTIOQUIA","SONSON",99.4,"HECTAREA",5.826388779,-74.83637623
2005-04-14,"BOYACÁ","PUERTO BOYACA",51.64,"HECTAREA",5.953466654,-74.4528581
2005-04-14,"CALDAS","NORCASIA",204.08,"HECTAREA",5.638062349,-74.85492707
2005-04-14,"CALDAS","SAMANA",97.74,"HECTAREA",5.519692873,-74.99718577
2005-04-14,"META","PUERTO LLERAS",170.32,"HECTAREA",3.193092925,-73.23671436
2005-04-14,"META","PUERTO RICO",52.03,"HECTAREA",2.758083657,-73.13780171
2005-04-15,"CALDAS","SAMANA",247.24,"HECTAREA",5.519692873,-74.99718577
2005-04-16,"BOYACÁ","PUERTO BOYACA",151.83,"HECTAREA",5.953466654,-74.4528581
2005-04-16,"META","PUERTO LLERAS",100.3,"HECTAREA",3.193092925,-73.23671436
2005-04-16,"META","PUERTO RICO",120.04,"HECTAREA",2.758083657,-73.13780171
2005-04-16,"META","VISTAHERMOSA",380.15,"HECTAREA",2.811616698,-73.66652234
2005-04-16,"SANTANDER","BOLIVAR",48.81,"HECTAREA",6.181715586,-73.92065703
2005-04-17,"NARIÑO","BARBACOAS",127.53,"HECTAREA",1.44563774,-78.15621072
2005-04-17,"NARIÑO","OLAYA HERRERA",370.53,"HECTAREA",2.287856547,-78.31219024
2005-04-18,"ANTIOQUIA","SAN LUIS",148.86,"HECTAREA",6.024205956,-75.0076674
2005-04-18,"ANTIOQUIA","YONDO",48.81,"HECTAREA",6.925159318,-74.15824041
2005-04-18,"BOYACÁ","PAUNA",49.78,"HECTAREA",5.688801559,-74.00504122
2005-04-18,"CALDAS","SAMANA",46.61,"HECTAREA",5.519692873,-74.99718577
2005-04-18,"META","PUERTO LLERAS",138.47,"HECTAREA",3.193092925,-73.23671436
2005-04-18,"META","PUERTO RICO",137,"HECTAREA",2.758083657,-73.13780171
2005-04-18,"NARIÑO","OLAYA HERRERA",1347.18,"HECTAREA",2.287856547,-78.31219024
2005-04-19,"ANTIOQUIA","TAMESIS",51.98,"HECTAREA",5.673758571,-75.70979974
2005-04-19,"META","PUERTO LLERAS",65.92,"HECTAREA",3.193092925,-73.23671436
2005-04-19,"META","PUERTO RICO",50.3,"HECTAREA",2.758083657,-73.13780171
2005-04-19,"META","VISTAHERMOSA",95.5,"HECTAREA",2.811616698,-73.66652234
2005-04-19,"NARIÑO","BARBACOAS",121.24,"HECTAREA",1.44563774,-78.15621072
2005-04-19,"NARIÑO","SAN ANDRES DE TUMACO",353.68,"HECTAREA",1.574550638,-78.61540963
2005-04-21,"BOYACÁ","PUERTO BOYACA",205.79,"HECTAREA",5.953466654,-74.4528581
2005-04-21,"SANTANDER","BOLIVAR",51.07,"HECTAREA",6.181715586,-73.92065703
2005-04-22,"NARIÑO","BARBACOAS",346.22,"HECTAREA",1.44563774,-78.15621072
2005-04-22,"NARIÑO","OLAYA HERRERA",157.1,"HECTAREA",2.287856547,-78.31219024
2005-04-22,"NARIÑO","SAN ANDRES DE TUMACO",337.36,"HECTAREA",1.574550638,-78.61540963
2005-04-23,"NARIÑO","EL CHARCO",393.69,"HECTAREA",2.216382295,-77.99533234
2005-04-24,"META","PUERTO LLERAS",209.33,"HECTAREA",3.193092925,-73.23671436
2005-04-24,"META","PUERTO RICO",83.23,"HECTAREA",2.758083657,-73.13780171
2005-04-25,"BOYACÁ","PUERTO BOYACA",102.6,"HECTAREA",5.953466654,-74.4528581
2005-04-25,"CALDAS","SAMANA",204.43,"HECTAREA",5.519692873,-74.99718577
2005-04-25,"CALDAS","VICTORIA",50.7,"HECTAREA",5.447542859,-74.83622502
2005-04-25,"META","PUERTO RICO",88.18,"HECTAREA",2.758083657,-73.13780171
2005-04-25,"META","VISTAHERMOSA",115.7,"HECTAREA",2.811616698,-73.66652234
2005-04-25,"NARIÑO","LA TOLA",72.12,"HECTAREA",2.56027333,-78.23506694
2005-04-25,"NARIÑO","OLAYA HERRERA",228.25,"HECTAREA",2.287856547,-78.31219024
2005-04-25,"SANTANDER","BOLIVAR",52.19,"HECTAREA",6.181715586,-73.92065703
2005-04-26,"META","PUERTO RICO",130.2,"HECTAREA",2.758083657,-73.13780171
2005-04-26,"META","SAN CARLOS DE GUAROA",110.5,"HECTAREA",3.84761678,-73.27583401
2005-04-26,"META","VISTAHERMOSA",154.26,"HECTAREA",2.811616698,-73.66652234
2005-04-26,"NARIÑO","BARBACOAS",451.77,"HECTAREA",1.44563774,-78.15621072
2005-04-26,"NARIÑO","LA TOLA",81.66,"HECTAREA",2.56027333,-78.23506694
2005-04-26,"NARIÑO","SAN ANDRES DE TUMACO",219.36,"HECTAREA",1.574550638,-78.61540963
2005-04-27,"ANTIOQUIA","PUERTO NARE",148.66,"HECTAREA",6.126539139,-74.70317722
2005-04-27,"ANTIOQUIA","YONDO",89.53,"HECTAREA",6.925159318,-74.15824041
2005-04-27,"CALDAS","SAMANA",46.56,"HECTAREA",5.519692873,-74.99718577
2005-04-28,"ANTIOQUIA","PUERTO NARE",17.94,"HECTAREA",6.126539139,-74.70317722
2005-04-28,"ANTIOQUIA","TAMESIS",20,"HECTAREA",5.673758571,-75.70979974
2005-04-28,"NARIÑO","EL CHARCO",325.24,"HECTAREA",2.216382295,-77.99533234
2005-04-29,"BOYACÁ","MUZO",77.81,"HECTAREA",5.539429272,-74.11177139
2005-04-29,"NARIÑO","EL CHARCO",371.65,"HECTAREA",2.216382295,-77.99533234
2005-05-01,"CUNDINAMARCA","CAPARRAPI",43.2,"HECTAREA",5.381501399,-74.52123595
2005-05-04,"ANTIOQUIA","CACERES",315.57,"HECTAREA",7.665155105,-75.22369744
2005-05-06,"ANTIOQUIA","CACERES",333.17,"HECTAREA",7.665155105,-75.22369744
2005-05-06,"LA GUAJIRA","DIBULLA",95.39,"HECTAREA",11.09029715,-73.43568788
2005-05-07,"CESAR","AGUSTIN CODAZZI",2.56,"HECTAREA",9.949215908,-73.22358244
2005-05-07,"CESAR","LA PAZ",14.47,"HECTAREA",10.24440562,-73.07824569
2005-05-07,"LA GUAJIRA","DIBULLA",98.11,"HECTAREA",11.09029715,-73.43568788
2005-05-08,"ANTIOQUIA","CACERES",31.65,"HECTAREA",7.665155105,-75.22369744
2005-05-08,"ANTIOQUIA","TARAZA",352.19,"HECTAREA",7.488875998,-75.40189438
2005-05-08,"META","PUERTO RICO",23.28,"HECTAREA",2.758083657,-73.13780171
2005-05-10,"CÓRDOBA","PUERTO LIBERTADOR",265.78,"HECTAREA",7.711515736,-75.77123224
2005-05-10,"LA GUAJIRA","DIBULLA",194.92,"HECTAREA",11.09029715,-73.43568788
2005-05-10,"META","PUERTO RICO",7.05,"HECTAREA",2.758083657,-73.13780171
2005-05-10,"META","VISTAHERMOSA",72.08,"HECTAREA",2.811616698,-73.66652234
2005-05-11,"MAGDALENA","SANTA MARTA",98.44,"HECTAREA",11.12189436,-73.88527855
2005-05-12,"MAGDALENA","CIENAGA",7.12,"HECTAREA",10.85754552,-74.02500493
2005-05-12,"MAGDALENA","SANTA MARTA",95.15,"HECTAREA",11.12189436,-73.88527855
2005-05-12,"META","PUERTO LLERAS",129.96,"HECTAREA",3.193092925,-73.23671436
2005-05-12,"META","PUERTO RICO",217.1,"HECTAREA",2.758083657,-73.13780171
2005-05-13,"CESAR","MANAURE",1.84,"HECTAREA",10.38027852,-73.00706275
2005-05-13,"META","PUERTO LLERAS",44.7,"HECTAREA",3.193092925,-73.23671436
2005-05-13,"META","PUERTO RICO",42.71,"HECTAREA",2.758083657,-73.13780171
2005-05-14,"ANTIOQUIA","CACERES",298.73,"HECTAREA",7.665155105,-75.22369744
2005-05-14,"CESAR","MANAURE",0.79,"HECTAREA",10.38027852,-73.00706275
2005-05-14,"MAGDALENA","SANTA MARTA",98.97,"HECTAREA",11.12189436,-73.88527855
2005-05-14,"META","PUERTO RICO",152.03,"HECTAREA",2.758083657,-73.13780171
2005-05-15,"ANTIOQUIA","CACERES",300.59,"HECTAREA",7.665155105,-75.22369744
2005-05-15,"ANTIOQUIA","CARACOLI",324,"HECTAREA",6.33797388,-74.73354817
2005-05-15,"META","PUERTO LLERAS",89.63,"HECTAREA",3.193092925,-73.23671436
2005-05-16,"ANTIOQUIA","CACERES",1026.67,"HECTAREA",7.665155105,-75.22369744
2005-05-16,"MAGDALENA","SANTA MARTA",24.68,"HECTAREA",11.12189436,-73.88527855
2005-05-16,"META","PUERTO RICO",78.83,"HECTAREA",2.758083657,-73.13780171
2005-05-19,"ANTIOQUIA","CACERES",538.17,"HECTAREA",7.665155105,-75.22369744
2005-05-20,"ANTIOQUIA","TARAZA",1270.52,"HECTAREA",7.488875998,-75.40189438
2005-05-21,"ANTIOQUIA","CARACOLI",444.34,"HECTAREA",6.33797388,-74.73354817
2005-05-21,"ANTIOQUIA","TARAZA",11.08,"HECTAREA",7.488875998,-75.40189438
2005-05-21,"CAUCA","BOLIVAR",67.88,"HECTAREA",1.853951938,-76.96337454
2005-05-21,"CAUCA","PATIA",54.73,"HECTAREA",2.157983906,-77.0465762
2005-05-21,"CÓRDOBA","PUERTO LIBERTADOR",220.6,"HECTAREA",7.711515736,-75.77123224
2005-05-21,"META","PUERTO LLERAS",86.59,"HECTAREA",3.193092925,-73.23671436
2005-05-22,"CAUCA","BOLIVAR",102.27,"HECTAREA",1.853951938,-76.96337454
2005-05-22,"CAUCA","BOLIVAR",16.21,"HECTAREA",1.853951938,-76.96337454
2005-05-22,"CAUCA","LA SIERRA",9.11,"HECTAREA",2.187473572,-76.78228032
2005-05-22,"CÓRDOBA","PUERTO LIBERTADOR",812.68,"HECTAREA",7.711515736,-75.77123224
2005-05-22,"META","PUERTO LLERAS",76.54,"HECTAREA",3.193092925,-73.23671436
2005-05-22,"META","PUERTO RICO",113.52,"HECTAREA",2.758083657,-73.13780171
2005-05-24,"ANTIOQUIA","TARAZA",550.25,"HECTAREA",7.488875998,-75.40189438
2005-05-24,"META","PUERTO LLERAS",77.79,"HECTAREA",3.193092925,-73.23671436
2005-05-26,"CAUCA","BALBOA",43.55,"HECTAREA",2.084732945,-77.2088133
2005-05-26,"META","PUERTO LLERAS",65.93,"HECTAREA",3.193092925,-73.23671436
2005-05-26,"NARIÑO","LEIVA",93.4,"HECTAREA",1.900862361,-77.31220073
2005-05-27,"ANTIOQUIA","TARAZA",183.65,"HECTAREA",7.488875998,-75.40189438
2005-05-27,"META","PUERTO LLERAS",162,"HECTAREA",3.193092925,-73.23671436
2005-05-27,"META","PUERTO RICO",130.46,"HECTAREA",2.758083657,-73.13780171
2005-05-27,"NARIÑO","LEIVA",75.21,"HECTAREA",1.900862361,-77.31220073
2005-05-28,"ANTIOQUIA","TARAZA",530.79,"HECTAREA",7.488875998,-75.40189438
2005-05-29,"ANTIOQUIA","CARACOLI",222.77,"HECTAREA",6.33797388,-74.73354817
2005-05-30,"ANTIOQUIA","CARACOLI",150.46,"HECTAREA",6.33797388,-74.73354817
2005-05-30,"META","PUERTO LLERAS",34.26,"HECTAREA",3.193092925,-73.23671436
2005-05-31,"ANTIOQUIA","TARAZA",117.98,"HECTAREA",7.488875998,-75.40189438
2005-05-31,"CÓRDOBA","PUERTO LIBERTADOR",206.49,"HECTAREA",7.711515736,-75.77123224
2005-06-01,"ANTIOQUIA","TARAZA",174.7,"HECTAREA",7.488875998,-75.40189438
2005-06-02,"ANTIOQUIA","TARAZA",56.31,"HECTAREA",7.488875998,-75.40189438
2005-06-02,"ANTIOQUIA","VALDIVIA",90.1,"HECTAREA",7.265404213,-75.40094502
2005-06-02,"CAUCA","BALBOA",129.09,"HECTAREA",2.084732945,-77.2088133
2005-06-02,"CAUCA","PATIA",121.75,"HECTAREA",2.157983906,-77.0465762
2005-06-03,"CAUCA","BOLIVAR",65.61,"HECTAREA",1.853951938,-76.96337454
2005-06-03,"NARIÑO","LEIVA",112.35,"HECTAREA",1.900862361,-77.31220073
2005-06-04,"CAUCA","ALMAGUER",3.22,"HECTAREA",1.912440521,-76.83494519
2005-06-04,"CAUCA","BOLIVAR",105.51,"HECTAREA",1.853951938,-76.96337454
2005-06-04,"CAUCA","BOLIVAR",0.51,"HECTAREA",1.853951938,-76.96337454
2005-06-04,"CAUCA","LA VEGA",1.4,"HECTAREA",2.053933426,-76.7588062
2005-06-05,"ANTIOQUIA","CARACOLI",276.57,"HECTAREA",6.33797388,-74.73354817
2005-06-05,"ANTIOQUIA","NARIÑO",34.15,"HECTAREA",5.581275312,-75.19457019
2005-06-06,"CAUCA","ALMAGUER",1.05,"HECTAREA",1.912440521,-76.83494519
2005-06-06,"CAUCA","BOLIVAR",32,"HECTAREA",1.853951938,-76.96337454
2005-06-06,"CAUCA","LA VEGA",0.81,"HECTAREA",2.053933426,-76.7588062
2005-06-06,"CAUCA","SAN SEBASTIAN",1.5,"HECTAREA",1.856261815,-76.71652424
2005-06-06,"CAUCA","SOTARA",19.04,"HECTAREA",2.231820541,-76.61146633
2005-06-06,"META","FUENTE DE ORO",6.4,"HECTAREA",3.382370124,-73.59625429
2005-06-06,"META","PUERTO LLERAS",34.73,"HECTAREA",3.193092925,-73.23671436
2005-06-06,"META","VISTAHERMOSA",9.16,"HECTAREA",2.811616698,-73.66652234
2005-06-07,"ANTIOQUIA","EL BAGRE",280.44,"HECTAREA",7.704633351,-74.66427726
2005-06-07,"CAUCA","BOLIVAR",132.21,"HECTAREA",1.853951938,-76.96337454
2005-06-07,"META","PUERTO RICO",111.3,"HECTAREA",2.758083657,-73.13780171
2005-06-08,"META","PUERTO LLERAS",205.31,"HECTAREA",3.193092925,-73.23671436
2005-06-08,"META","PUERTO RICO",31.23,"HECTAREA",2.758083657,-73.13780171
2005-06-09,"ANTIOQUIA","TARAZA",790.49,"HECTAREA",7.488875998,-75.40189438
2005-06-09,"CAUCA","BOLIVAR",90.43,"HECTAREA",1.853951938,-76.96337454
2005-06-09,"NARIÑO","PASTO",88,"HECTAREA",1.083605497,-77.20610074
2005-06-10,"META","PUERTO LLERAS",2.28,"HECTAREA",3.193092925,-73.23671436
2005-06-10,"META","VISTAHERMOSA",193.62,"HECTAREA",2.811616698,-73.66652234
2005-06-10,"NARIÑO","ALBAN",18.11,"HECTAREA",1.469854084,-77.06880947
2005-06-10,"NARIÑO","LA CRUZ",14.45,"HECTAREA",1.584175998,-76.92335262
2005-06-10,"NARIÑO","LEIVA",40,"HECTAREA",1.900862361,-77.31220073
2005-06-11,"META","VISTAHERMOSA",86.52,"HECTAREA",2.811616698,-73.66652234
2005-06-12,"ANTIOQUIA","TARAZA",901.66,"HECTAREA",7.488875998,-75.40189438
2005-06-12,"CAUCA","BOLIVAR",42.76,"HECTAREA",1.853951938,-76.96337454
2005-06-13,"ANTIOQUIA","ANORI",305.5,"HECTAREA",7.193110778,-75.10848954
2005-06-13,"ANTIOQUIA","ZARAGOZA",54.74,"HECTAREA",7.474004006,-74.85848326
2005-06-13,"META","PUERTO LLERAS",17.35,"HECTAREA",3.193092925,-73.23671436
2005-06-13,"NARIÑO","LEIVA",64.79,"HECTAREA",1.900862361,-77.31220073
2005-06-14,"META","VILLAVICENCIO",73.48,"HECTAREA",4.09166877,-73.49291595
2005-06-15,"ANTIOQUIA","MEDELLIN",294.25,"HECTAREA",6.257590259,-75.61103107
2005-06-15,"ANTIOQUIA","SEGOVIA",54.09,"HECTAREA",7.26692339,-74.62163926
2005-06-15,"ANTIOQUIA","TARAZA",223.63,"HECTAREA",7.488875998,-75.40189438
2005-06-15,"ANTIOQUIA","VALDIVIA",117.79,"HECTAREA",7.265404213,-75.40094502
2005-06-16,"ANTIOQUIA","ANORI",428.1,"HECTAREA",7.193110778,-75.10848954
2005-06-18,"ANTIOQUIA","ANORI",454.71,"HECTAREA",7.193110778,-75.10848954
2005-06-18,"ANTIOQUIA","ZARAGOZA",175.59,"HECTAREA",7.474004006,-74.85848326
2005-06-18,"CAUCA","PATIA",126.29,"HECTAREA",2.157983906,-77.0465762
2005-06-19,"CAUCA","PATIA",123.39,"HECTAREA",2.157983906,-77.0465762
2005-06-20,"ANTIOQUIA","TARAZA",284.23,"HECTAREA",7.488875998,-75.40189438
2005-06-20,"CAUCA","BOLIVAR",66.94,"HECTAREA",1.853951938,-76.96337454
2005-06-21,"ANTIOQUIA","TARAZA",271.96,"HECTAREA",7.488875998,-75.40189438
2005-06-22,"ANTIOQUIA","ZARAGOZA",98.74,"HECTAREA",7.474004006,-74.85848326
2005-06-22,"META","PUERTO LLERAS",115.48,"HECTAREA",3.193092925,-73.23671436
2005-06-22,"META","PUERTO RICO",125.59,"HECTAREA",2.758083657,-73.13780171
2005-06-22,"META","VISTAHERMOSA",113.33,"HECTAREA",2.811616698,-73.66652234
2005-06-23,"ANTIOQUIA","ANORI",166.42,"HECTAREA",7.193110778,-75.10848954
2005-06-23,"CAUCA","BOLIVAR",98.19,"HECTAREA",1.853951938,-76.96337454
2005-06-23,"META","PUERTO LLERAS",77.32,"HECTAREA",3.193092925,-73.23671436
2005-06-24,"ANTIOQUIA","CARACOLI",26.58,"HECTAREA",6.33797388,-74.73354817
2005-06-24,"ANTIOQUIA","ZARAGOZA",96.29,"HECTAREA",7.474004006,-74.85848326
2005-06-24,"CAUCA","ARGELIA",127.21,"HECTAREA",2.329337283,-77.26314906
2005-06-24,"CAUCA","BOLIVAR",81.35,"HECTAREA",1.853951938,-76.96337454
2005-06-24,"CAUCA","MERCADERES",31.8,"HECTAREA",1.793825164,-77.18060381
2005-06-25,"ANTIOQUIA","ZARAGOZA",95.23,"HECTAREA",7.474004006,-74.85848326
2005-06-25,"CAUCA","ARGELIA",120.67,"HECTAREA",2.329337283,-77.26314906
2005-06-25,"META","PUERTO LLERAS",80.07,"HECTAREA",3.193092925,-73.23671436
2005-06-25,"META","VISTAHERMOSA",80.08,"HECTAREA",2.811616698,-73.66652234
2005-06-26,"ANTIOQUIA","NECHI",315.76,"HECTAREA",7.983477394,-74.65844186
2005-06-27,"ANTIOQUIA","TARAZA",165.29,"HECTAREA",7.488875998,-75.40189438
2005-06-27,"ANTIOQUIA","VALDIVIA",150.09,"HECTAREA",7.265404213,-75.40094502
2005-06-27,"META","PUERTO RICO",66.07,"HECTAREA",2.758083657,-73.13780171
2005-06-28,"ANTIOQUIA","NECHI",106.95,"HECTAREA",7.983477394,-74.65844186
2005-06-28,"BOLÍVAR","SAN JACINTO DEL CAUCA",30.72,"HECTAREA",8.212463202,-74.75082
2005-06-28,"META","VISTAHERMOSA",38.36,"HECTAREA",2.811616698,-73.66652234
2005-06-30,"CAUCA","BOLIVAR",83.25,"HECTAREA",1.853951938,-76.96337454
2005-06-30,"META","PUERTO LLERAS",36.69,"HECTAREA",3.193092925,-73.23671436
2005-07-01,"ANTIOQUIA","CAUCASIA",127.7,"HECTAREA",7.867941792,-75.03501824
2005-07-01,"CAUCA","BOLIVAR",96.92,"HECTAREA",1.853951938,-76.96337454
2005-07-01,"NARIÑO","TAMINANGO",43.76,"HECTAREA",1.591661392,-77.32525316
2005-07-02,"ANTIOQUIA","CACERES",111.7,"HECTAREA",7.665155105,-75.22369744
2005-07-02,"ANTIOQUIA","ZARAGOZA",53.74,"HECTAREA",7.474004006,-74.85848326
2005-07-02,"CAUCA","BOLIVAR",103.8,"HECTAREA",1.853951938,-76.96337454
2005-07-02,"META","PUERTO LLERAS",112.73,"HECTAREA",3.193092925,-73.23671436
2005-07-02,"META","PUERTO RICO",87.17,"HECTAREA",2.758083657,-73.13780171
2005-07-03,"ANTIOQUIA","TARAZA",153.46,"HECTAREA",7.488875998,-75.40189438
2005-07-03,"ANTIOQUIA","VALDIVIA",196.95,"HECTAREA",7.265404213,-75.40094502
2005-07-03,"META","PUERTO LLERAS",192.69,"HECTAREA",3.193092925,-73.23671436
2005-07-03,"META","PUERTO RICO",46.95,"HECTAREA",2.758083657,-73.13780171
2005-07-03,"NARIÑO","BUESACO",55.85,"HECTAREA",1.315215636,-77.1163664
2005-07-03,"NARIÑO","TAMINANGO",30.35,"HECTAREA",1.591661392,-77.32525316
2005-07-04,"NARIÑO","BUESACO",33.83,"HECTAREA",1.315215636,-77.1163664
2005-07-05,"ANTIOQUIA","VALDIVIA",389.84,"HECTAREA",7.265404213,-75.40094502
2005-07-05,"META","PUERTO RICO",107.44,"HECTAREA",2.758083657,-73.13780171
2005-07-06,"CAUCA","BOLIVAR",19.39,"HECTAREA",1.853951938,-76.96337454
2005-07-06,"NARIÑO","TAMINANGO",7.2,"HECTAREA",1.591661392,-77.32525316
2005-07-07,"ANTIOQUIA","CACERES",145.88,"HECTAREA",7.665155105,-75.22369744
2005-07-07,"ANTIOQUIA","ZARAGOZA",27.82,"HECTAREA",7.474004006,-74.85848326
2005-07-07,"CAUCA","BOLIVAR",21.95,"HECTAREA",1.853951938,-76.96337454
2005-07-07,"META","VISTAHERMOSA",81.04,"HECTAREA",2.811616698,-73.66652234
2005-07-08,"ANTIOQUIA","ANORI",102.35,"HECTAREA",7.193110778,-75.10848954
2005-07-08,"ANTIOQUIA","CACERES",89.43,"HECTAREA",7.665155105,-75.22369744
2005-07-10,"TOLIMA","SANTA ISABEL",19.77,"HECTAREA",4.740827622,-75.20069946
2005-07-11,"ANTIOQUIA","ANORI",57.3,"HECTAREA",7.193110778,-75.10848954
2005-07-11,"ANTIOQUIA","CACERES",183.65,"HECTAREA",7.665155105,-75.22369744
2005-07-11,"ANTIOQUIA","TARAZA",28.88,"HECTAREA",7.488875998,-75.40189438
2005-07-11,"ANTIOQUIA","VALDIVIA",50.29,"HECTAREA",7.265404213,-75.40094502
2005-07-11,"CÓRDOBA","LORICA",101.42,"HECTAREA",9.165034998,-75.90978124
2005-07-13,"ANTIOQUIA","CACERES",508.2,"HECTAREA",7.665155105,-75.22369744
2005-07-15,"ANTIOQUIA","CAUCASIA",51.49,"HECTAREA",7.867941792,-75.03501824
2005-07-15,"CÓRDOBA","AYAPEL",32.84,"HECTAREA",8.265768688,-75.04868436
2005-07-15,"CÓRDOBA","MONTELIBANO",116.62,"HECTAREA",7.866432635,-75.87533926
2005-07-16,"ANTIOQUIA","CACERES",0.14,"HECTAREA",7.665155105,-75.22369744
2005-07-16,"ANTIOQUIA","ITUANGO",1.89,"HECTAREA",7.341549718,-75.67842277
2005-07-16,"ANTIOQUIA","TARAZA",28.29,"HECTAREA",7.488875998,-75.40189438
2005-07-16,"CAQUETÁ","PUERTO RICO",19.04,"HECTAREA",2.018940891,-75.07308627
2005-07-16,"CÓRDOBA","PUERTO LIBERTADOR",10.6,"HECTAREA",7.711515736,-75.77123224
2005-07-17,"CAQUETÁ","PUERTO RICO",76.78,"HECTAREA",2.018940891,-75.07308627
2005-07-17,"TOLIMA","PLANADAS",28.25,"HECTAREA",3.09897343,-75.81684413
2005-07-17,"TOLIMA","RIOBLANCO",26.58,"HECTAREA",3.468077548,-75.85481103
2005-07-18,"TOLIMA","PLANADAS",20.27,"HECTAREA",3.09897343,-75.81684413
2005-07-18,"TOLIMA","RIOBLANCO",42.05,"HECTAREA",3.468077548,-75.85481103
2005-07-20,"TOLIMA","DOLORES",18.61,"HECTAREA",3.597863274,-74.80256674
2005-07-21,"CAQUETÁ","SAN VICENTE DEL CAGUAN",42.08,"HECTAREA",1.308465061,-74.19746971
2005-07-22,"SANTANDER","BOLIVAR",113.96,"HECTAREA",6.181715586,-73.92065703
2005-07-22,"SANTANDER","CIMITARRA",11.33,"HECTAREA",6.40972961,-74.17030427
2005-07-23,"CAQUETÁ","PUERTO RICO",200.55,"HECTAREA",2.018940891,-75.07308627
2005-07-23,"SANTANDER","BOLIVAR",129.03,"HECTAREA",6.181715586,-73.92065703
2005-07-23,"SANTANDER","LANDAZURI",20.04,"HECTAREA",6.385234814,-73.78760899
2005-07-23,"SANTANDER","SUCRE",12.07,"HECTAREA",5.983203734,-73.95936235
2005-07-23,"TOLIMA","CHAPARRAL",9.22,"HECTAREA",3.743693084,-75.58986634
2005-07-23,"TOLIMA","RIOBLANCO",9.23,"HECTAREA",3.468077548,-75.85481103
2005-07-24,"BOLÍVAR","CANTAGALLO",252.74,"HECTAREA",7.239229146,-74.10014043
2005-07-24,"BOLÍVAR","MARIA LA BAJA",7,"HECTAREA",9.976017168,-75.34380265
2005-07-24,"HUILA","COLOMBIA",14.59,"HECTAREA",3.262763564,-74.78516117
2005-07-24,"TOLIMA","RIOBLANCO",15.88,"HECTAREA",3.468077548,-75.85481103
2005-07-25,"BOLÍVAR","CANTAGALLO",24.51,"HECTAREA",7.239229146,-74.10014043
2005-07-25,"CAQUETÁ","ALBANIA",4.33,"HECTAREA",1.22786549,-75.88232651
2005-07-25,"CAUCA","PIAMONTE",95.35,"HECTAREA",1.054128816,-76.4443271
2005-07-26,"BOLÍVAR","SANTA ROSA DEL SUR",82.25,"HECTAREA",7.772519173,-74.26272843
2005-07-26,"BOLÍVAR","SIMITI",26.19,"HECTAREA",7.851315534,-73.98371609
2005-07-26,"CAQUETÁ","PUERTO RICO",308.44,"HECTAREA",2.018940891,-75.07308627
2005-07-27,"BOLÍVAR","CANTAGALLO",77.34,"HECTAREA",7.239229146,-74.10014043
2005-07-27,"BOLÍVAR","EL PEÑON",28.78,"HECTAREA",8.864818786,-73.91230147
2005-07-27,"SANTANDER","BOLIVAR",130.68,"HECTAREA",6.181715586,-73.92065703
2005-07-27,"SANTANDER","SUCRE",79.38,"HECTAREA",5.983203734,-73.95936235
2005-07-28,"CAQUETÁ","PUERTO RICO",41.96,"HECTAREA",2.018940891,-75.07308627
2005-07-28,"SANTANDER","BOLIVAR",194.51,"HECTAREA",6.181715586,-73.92065703
2005-07-28,"SANTANDER","SUCRE",103.1,"HECTAREA",5.983203734,-73.95936235
2005-07-29,"CAQUETÁ","ALBANIA",9.01,"HECTAREA",1.22786549,-75.88232651
2005-07-29,"CAQUETÁ","CARTAGENA DEL CHAIRA",51.72,"HECTAREA",0.647693081,-74.27235499
2005-07-29,"CAQUETÁ","PUERTO RICO",104.14,"HECTAREA",2.018940891,-75.07308627
2005-07-29,"CAQUETÁ","SAN VICENTE DEL CAGUAN",24.85,"HECTAREA",1.308465061,-74.19746971
2005-07-29,"HUILA","COLOMBIA",25.72,"HECTAREA",3.262763564,-74.78516117
2005-07-29,"SANTANDER","BOLIVAR",148.88,"HECTAREA",6.181715586,-73.92065703
2005-07-29,"SANTANDER","CIMITARRA",22.93,"HECTAREA",6.40972961,-74.17030427
2005-07-29,"SANTANDER","LANDAZURI",34.79,"HECTAREA",6.385234814,-73.78760899
2005-07-29,"SANTANDER","SUCRE",43.32,"HECTAREA",5.983203734,-73.95936235
2005-07-29,"TOLIMA","PLANADAS",25.72,"HECTAREA",3.09897343,-75.81684413
2005-07-30,"ANTIOQUIA","YONDO",82.28,"HECTAREA",6.925159318,-74.15824041
2005-07-30,"BOLÍVAR","CANTAGALLO",39.25,"HECTAREA",7.239229146,-74.10014043
2005-07-30,"SANTANDER","BOLIVAR",72.57,"HECTAREA",6.181715586,-73.92065703
2005-07-31,"ANTIOQUIA","YONDO",20.07,"HECTAREA",6.925159318,-74.15824041
2005-07-31,"CAQUETÁ","PUERTO RICO",90.62,"HECTAREA",2.018940891,-75.07308627
2005-07-31,"HUILA","SANTA MARIA",9.56,"HECTAREA",2.926265937,-75.63359786
2005-07-31,"TOLIMA","PLANADAS",9.56,"HECTAREA",3.09897343,-75.81684413
2005-08-01,"BOLÍVAR","CANTAGALLO",107.86,"HECTAREA",7.239229146,-74.10014043
2005-08-02,"ANTIOQUIA","YONDO",141.57,"HECTAREA",6.925159318,-74.15824041
2005-08-02,"CAQUETÁ","PUERTO RICO",129.05,"HECTAREA",2.018940891,-75.07308627
2005-08-03,"CAQUETÁ","ALBANIA",1.18,"HECTAREA",1.22786549,-75.88232651
2005-08-03,"CAQUETÁ","PUERTO RICO",137.59,"HECTAREA",2.018940891,-75.07308627
2005-08-03,"CAUCA","PIAMONTE",50.9,"HECTAREA",1.054128816,-76.4443271
2005-08-04,"HUILA","IQUIRA",26.37,"HECTAREA",2.691517773,-75.67383141
2005-08-05,"BOLÍVAR","SANTA ROSA DEL SUR",392.05,"HECTAREA",7.772519173,-74.26272843
2005-08-05,"CAQUETÁ","ALBANIA",100.33,"HECTAREA",1.22786549,-75.88232651
2005-08-05,"CAQUETÁ","PUERTO RICO",166.35,"HECTAREA",2.018940891,-75.07308627
2005-08-05,"CAUCA","PIAMONTE",112.5,"HECTAREA",1.054128816,-76.4443271
2005-08-05,"HUILA","ALGECIRAS",35.82,"HECTAREA",2.49785068,-75.29134946
2005-08-05,"HUILA","RIVERA",16.04,"HECTAREA",2.79286115,-75.23536868
2005-08-06,"ANTIOQUIA","ANORI",19.59,"HECTAREA",7.193110778,-75.10848954
2005-08-06,"BOLÍVAR","CANTAGALLO",74.69,"HECTAREA",7.239229146,-74.10014043
2005-08-06,"BOLÍVAR","EL PEÑON",18.59,"HECTAREA",8.864818786,-73.91230147
2005-08-06,"BOLÍVAR","SANTA ROSA DEL SUR",48,"HECTAREA",7.772519173,-74.26272843
2005-08-07,"BOLÍVAR","CANTAGALLO",191.02,"HECTAREA",7.239229146,-74.10014043
2005-08-07,"BOLÍVAR","MARIA LA BAJA",74.82,"HECTAREA",9.976017168,-75.34380265
2005-08-07,"CAQUETÁ","PUERTO RICO",71.86,"HECTAREA",2.018940891,-75.07308627
2005-08-07,"CAQUETÁ","SAN VICENTE DEL CAGUAN",44.98,"HECTAREA",1.308465061,-74.19746971
2005-08-08,"BOLÍVAR","CANTAGALLO",69.43,"HECTAREA",7.239229146,-74.10014043
2005-08-08,"BOLÍVAR","MARIA LA BAJA",150.26,"HECTAREA",9.976017168,-75.34380265
2005-08-08,"CAQUETÁ","EL DONCELLO",1.82,"HECTAREA",1.713734697,-75.26878109
2005-08-09,"BOLÍVAR","CANTAGALLO",3.32,"HECTAREA",7.239229146,-74.10014043
2005-08-09,"BOLÍVAR","MARIA LA BAJA",7.97,"HECTAREA",9.976017168,-75.34380265
2005-08-09,"CAQUETÁ","SAN VICENTE DEL CAGUAN",188.56,"HECTAREA",1.308465061,-74.19746971
2005-08-09,"CAUCA","PIAMONTE",221.87,"HECTAREA",1.054128816,-76.4443271
2005-08-10,"ARAUCA","SARAVENA",9.36,"HECTAREA",6.906941714,-71.85070757
2005-08-10,"ARAUCA","TAME",14.77,"HECTAREA",6.390650479,-71.79178647
2005-08-10,"CAQUETÁ","SOLANO",116.9,"HECTAREA",0.096131862,-72.32036402
2005-08-11,"BOLÍVAR","CANTAGALLO",69.02,"HECTAREA",7.239229146,-74.10014043
2005-08-12,"ARAUCA","ARAUQUITA",30.86,"HECTAREA",6.799338394,-71.29827429
2005-08-12,"ARAUCA","FORTUL",32.55,"HECTAREA",6.750907234,-71.79124241
2005-08-12,"ARAUCA","SARAVENA",97.63,"HECTAREA",6.906941714,-71.85070757
2005-08-12,"BOLÍVAR","RIO VIEJO",156.76,"HECTAREA",8.559982465,-73.90298668
2005-08-12,"BOLÍVAR","SANTA ROSA DEL SUR",44.21,"HECTAREA",7.772519173,-74.26272843
2005-08-12,"PUTUMAYO","MOCOA",74.61,"HECTAREA",1.26070915,-76.66584349
2005-08-12,"PUTUMAYO","PUERTO ASIS",101.79,"HECTAREA",0.433884539,-76.52158203
2005-08-12,"PUTUMAYO","VILLAGARZON",64.05,"HECTAREA",0.911149515,-76.74495447
2005-08-13,"ARAUCA","ARAUQUITA",195.17,"HECTAREA",6.799338394,-71.29827429
2005-08-13,"BOLÍVAR","CANTAGALLO",136.86,"HECTAREA",7.239229146,-74.10014043
2005-08-13,"BOLÍVAR","MARIA LA BAJA",311.11,"HECTAREA",9.976017168,-75.34380265
2005-08-13,"CAQUETÁ","CARTAGENA DEL CHAIRA",55.1,"HECTAREA",0.647693081,-74.27235499
2005-08-13,"CAQUETÁ","SOLANO",287.7,"HECTAREA",0.096131862,-72.32036402
2005-08-14,"CAQUETÁ","PUERTO RICO",131.75,"HECTAREA",2.018940891,-75.07308627
2005-08-15,"ARAUCA","TAME",34.6,"HECTAREA",6.390650479,-71.79178647
2005-08-15,"CAQUETÁ","CARTAGENA DEL CHAIRA",15.27,"HECTAREA",0.647693081,-74.27235499
2005-08-16,"ARAUCA","ARAUQUITA",137.41,"HECTAREA",6.799338394,-71.29827429
2005-08-17,"ARAUCA","ARAUQUITA",106.88,"HECTAREA",6.799338394,-71.29827429
2005-08-17,"ARAUCA","TAME",65.45,"HECTAREA",6.390650479,-71.79178647
2005-08-18,"CAQUETÁ","LA MONTAÑITA",30.49,"HECTAREA",1.302860442,-75.23572732
2005-08-18,"CAUCA","PIAMONTE",87.28,"HECTAREA",1.054128816,-76.4443271
2005-08-19,"CAQUETÁ","ALBANIA",7.17,"HECTAREA",1.22786549,-75.88232651
2005-08-19,"CAQUETÁ","MILAN",14.86,"HECTAREA",1.146692554,-75.38664764
2005-08-19,"SANTANDER","BARRANCABERMEJA",12.91,"HECTAREA",7.054074558,-73.78211646
2005-08-20,"BOLÍVAR","CANTAGALLO",95.62,"HECTAREA",7.239229146,-74.10014043
2005-08-20,"BOLÍVAR","MARIA LA BAJA",217.14,"HECTAREA",9.976017168,-75.34380265
2005-08-20,"CAQUETÁ","EL DONCELLO",76.45,"HECTAREA",1.713734697,-75.26878109
2005-08-21,"BOLÍVAR","MARIA LA BAJA",48.97,"HECTAREA",9.976017168,-75.34380265
2005-08-21,"BOLÍVAR","SANTA ROSA DEL SUR",52.92,"HECTAREA",7.772519173,-74.26272843
2005-08-21,"BOLÍVAR","SIMITI",327.78,"HECTAREA",7.851315534,-73.98371609
2005-08-21,"CAQUETÁ","ALBANIA",67.22,"HECTAREA",1.22786549,-75.88232651
2005-08-21,"CAQUETÁ","MILAN",87.81,"HECTAREA",1.146692554,-75.38664764
2005-08-21,"CAQUETÁ","SOLANO",18.96,"HECTAREA",0.096131862,-72.32036402
2005-08-22,"ARAUCA","ARAUQUITA",98.1,"HECTAREA",6.799338394,-71.29827429
2005-08-22,"PUTUMAYO","PUERTO GUZMAN",30.18,"HECTAREA",0.746432215,-75.88022979
2005-08-23,"ARAUCA","ARAUQUITA",130,"HECTAREA",6.799338394,-71.29827429
2005-08-23,"BOLÍVAR","SANTA ROSA DEL SUR",70.23,"HECTAREA",7.772519173,-74.26272843
2005-08-23,"BOLÍVAR","SIMITI",369.78,"HECTAREA",7.851315534,-73.98371609
2005-08-23,"CAUCA","PIAMONTE",26.74,"HECTAREA",1.054128816,-76.4443271
2005-08-23,"PUTUMAYO","PUERTO GUZMAN",81.04,"HECTAREA",0.746432215,-75.88022979
2005-08-24,"ARAUCA","TAME",7.52,"HECTAREA",6.390650479,-71.79178647
2005-08-24,"PUTUMAYO","PUERTO GUZMAN",230.16,"HECTAREA",0.746432215,-75.88022979
2005-08-25,"ARAUCA","TAME",55.39,"HECTAREA",6.390650479,-71.79178647
2005-08-25,"BOLÍVAR","SANTA ROSA DEL SUR",11.58,"HECTAREA",7.772519173,-74.26272843
2005-08-25,"BOLÍVAR","SIMITI",89.05,"HECTAREA",7.851315534,-73.98371609
2005-08-25,"PUTUMAYO","PUERTO GUZMAN",338,"HECTAREA",0.746432215,-75.88022979
2005-08-26,"ARAUCA","ARAUQUITA",70.94,"HECTAREA",6.799338394,-71.29827429
2005-08-28,"ARAUCA","SARAVENA",322.37,"HECTAREA",6.906941714,-71.85070757
2005-08-28,"CAQUETÁ","SOLANO",18.74,"HECTAREA",0.096131862,-72.32036402
2005-08-28,"PUTUMAYO","PUERTO GUZMAN",352.9,"HECTAREA",0.746432215,-75.88022979
2005-08-29,"ARAUCA","ARAUQUITA",32.93,"HECTAREA",6.799338394,-71.29827429
2005-08-29,"ARAUCA","FORTUL",102.54,"HECTAREA",6.750907234,-71.79124241
2005-08-29,"ARAUCA","PUERTO RONDON",32.22,"HECTAREA",6.411761829,-70.96678964
2005-08-29,"ARAUCA","SARAVENA",34.06,"HECTAREA",6.906941714,-71.85070757
2005-08-29,"ARAUCA","TAME",98.32,"HECTAREA",6.390650479,-71.79178647
2005-08-29,"BOLÍVAR","SANTA ROSA DEL SUR",40.44,"HECTAREA",7.772519173,-74.26272843
2005-08-29,"BOLÍVAR","SIMITI",198.83,"HECTAREA",7.851315534,-73.98371609
2005-08-29,"CAQUETÁ","ALBANIA",4.73,"HECTAREA",1.22786549,-75.88232651
2005-08-29,"CAUCA","PIAMONTE",4.98,"HECTAREA",1.054128816,-76.4443271
2005-08-29,"PUTUMAYO","PUERTO GUZMAN",265.04,"HECTAREA",0.746432215,-75.88022979
2005-08-30,"BOLÍVAR","SIMITI",57.31,"HECTAREA",7.851315534,-73.98371609
2005-08-30,"PUTUMAYO","PUERTO GUZMAN",340.49,"HECTAREA",0.746432215,-75.88022979
2005-08-30,"SANTANDER","BOLIVAR",45.1,"HECTAREA",6.181715586,-73.92065703
2005-08-30,"SANTANDER","SUCRE",121.1,"HECTAREA",5.983203734,-73.95936235
2005-08-31,"ARAUCA","ARAUQUITA",130.05,"HECTAREA",6.799338394,-71.29827429
2005-08-31,"PUTUMAYO","PUERTO GUZMAN",314.62,"HECTAREA",0.746432215,-75.88022979
2005-09-01,"ARAUCA","ARAUQUITA",2.85,"HECTAREA",6.799338394,-71.29827429
2005-09-01,"CAQUETÁ","ALBANIA",40.01,"HECTAREA",1.22786549,-75.88232651
2005-09-01,"CAQUETÁ","SOLITA",86.22,"HECTAREA",0.943939454,-75.64668544
2005-09-01,"PUTUMAYO","PUERTO GUZMAN",226.47,"HECTAREA",0.746432215,-75.88022979
2005-09-01,"SANTANDER","BOLIVAR",113,"HECTAREA",6.181715586,-73.92065703
2005-09-01,"SANTANDER","EL PEÑON",43.54,"HECTAREA",6.123389691,-74.00040397
2005-09-02,"ARAUCA","ARAUQUITA",114.27,"HECTAREA",6.799338394,-71.29827429
2005-09-02,"PUTUMAYO","PUERTO GUZMAN",141.03,"HECTAREA",0.746432215,-75.88022979
2005-09-04,"ARAUCA","TAME",61.33,"HECTAREA",6.390650479,-71.79178647
2005-09-04,"BOLÍVAR","SANTA ROSA DEL SUR",246.47,"HECTAREA",7.772519173,-74.26272843
2005-09-04,"PUTUMAYO","PUERTO GUZMAN",89.67,"HECTAREA",0.746432215,-75.88022979
2005-09-05,"ARAUCA","ARAUQUITA",130.83,"HECTAREA",6.799338394,-71.29827429
2005-09-05,"PUTUMAYO","PUERTO GUZMAN",177.59,"HECTAREA",0.746432215,-75.88022979
2005-09-06,"BOLÍVAR","MARIA LA BAJA",242.87,"HECTAREA",9.976017168,-75.34380265
2005-09-06,"CAQUETÁ","EL DONCELLO",69.01,"HECTAREA",1.713734697,-75.26878109
2005-09-06,"PUTUMAYO","PUERTO GUZMAN",227.6,"HECTAREA",0.746432215,-75.88022979
2005-09-07,"SANTANDER","EL PEÑON",101.87,"HECTAREA",6.123389691,-74.00040397
2005-09-07,"SANTANDER","SUCRE",30.37,"HECTAREA",5.983203734,-73.95936235
2005-09-08,"ARAUCA","ARAUQUITA",77.95,"HECTAREA",6.799338394,-71.29827429
2005-09-08,"BOLÍVAR","CANTAGALLO",65.43,"HECTAREA",7.239229146,-74.10014043
2005-09-08,"BOLÍVAR","MARIA LA BAJA",313.12,"HECTAREA",9.976017168,-75.34380265
2005-09-08,"BOLÍVAR","SANTA ROSA DEL SUR",258.47,"HECTAREA",7.772519173,-74.26272843
2005-09-08,"BOLÍVAR","SIMITI",52.85,"HECTAREA",7.851315534,-73.98371609
2005-09-09,"ARAUCA","ARAUQUITA",105.14,"HECTAREA",6.799338394,-71.29827429
2005-09-09,"ARAUCA","TAME",33.27,"HECTAREA",6.390650479,-71.79178647
2005-09-09,"BOLÍVAR","SANTA ROSA DEL SUR",108.7,"HECTAREA",7.772519173,-74.26272843
2005-09-09,"CAQUETÁ","EL DONCELLO",51.99,"HECTAREA",1.713734697,-75.26878109
2005-09-09,"SANTANDER","BARRANCABERMEJA",59.13,"HECTAREA",7.054074558,-73.78211646
2005-09-10,"BOLÍVAR","MARIA LA BAJA",196.11,"HECTAREA",9.976017168,-75.34380265
2005-09-10,"CAQUETÁ","FLORENCIA",114.12,"HECTAREA",1.749138704,-75.55823906
2005-09-10,"CAQUETÁ","PUERTO RICO",65.32,"HECTAREA",2.018940891,-75.07308627
2005-09-11,"ARAUCA","ARAUQUITA",76.97,"HECTAREA",6.799338394,-71.29827429
2005-09-11,"BOLÍVAR","SANTA ROSA DEL SUR",228.67,"HECTAREA",7.772519173,-74.26272843
2005-09-11,"PUTUMAYO","PUERTO GUZMAN",173.81,"HECTAREA",0.746432215,-75.88022979
2005-09-12,"ARAUCA","ARAUQUITA",71.16,"HECTAREA",6.799338394,-71.29827429
2005-09-12,"ARAUCA","SARAVENA",71.16,"HECTAREA",6.906941714,-71.85070757
2005-09-12,"BOLÍVAR","SANTA ROSA DEL SUR",80.71,"HECTAREA",7.772519173,-74.26272843
2005-09-12,"CAQUETÁ","ALBANIA",33.74,"HECTAREA",1.22786549,-75.88232651
2005-09-12,"CAQUETÁ","LA MONTAÑITA",84.66,"HECTAREA",1.302860442,-75.23572732
2005-09-12,"CAQUETÁ","PUERTO RICO",54.88,"HECTAREA",2.018940891,-75.07308627
2005-09-13,"BOLÍVAR","ARENAL",105.32,"HECTAREA",8.362996158,-74.10301905
2005-09-13,"BOLÍVAR","RIO VIEJO",90.11,"HECTAREA",8.559982465,-73.90298668
2005-09-15,"BOLÍVAR","BARRANCO DE LOBA",51.54,"HECTAREA",8.837077654,-74.27966531
2005-09-15,"BOLÍVAR","SAN MARTIN DE LOBA",98.86,"HECTAREA",8.816088444,-74.00599967
2005-09-16,"CAQUETÁ","LA MONTAÑITA",61.34,"HECTAREA",1.302860442,-75.23572732
2005-09-16,"NORTE DE SANTANDER","TIBU",3.52,"HECTAREA",8.713507237,-72.79925855
2005-09-16,"PUTUMAYO","PUERTO GUZMAN",87.13,"HECTAREA",0.746432215,-75.88022979
2005-09-17,"BOLÍVAR","BARRANCO DE LOBA",75.79,"HECTAREA",8.837077654,-74.27966531
2005-09-17,"BOLÍVAR","SAN MARTIN DE LOBA",97.82,"HECTAREA",8.816088444,-74.00599967
2005-09-17,"CAQUETÁ","SOLITA",88.8,"HECTAREA",0.943939454,-75.64668544
2005-09-17,"NORTE DE SANTANDER","SARDINATA",34.77,"HECTAREA",8.215080767,-72.79580961
2005-09-17,"NORTE DE SANTANDER","TIBU",184.58,"HECTAREA",8.713507237,-72.79925855
2005-09-17,"PUTUMAYO","PUERTO GUZMAN",284.88,"HECTAREA",0.746432215,-75.88022979
2005-09-18,"NORTE DE SANTANDER","TIBU",145.04,"HECTAREA",8.713507237,-72.79925855
2005-09-19,"NORTE DE SANTANDER","TIBU",63.44,"HECTAREA",8.713507237,-72.79925855
2005-09-22,"BOLÍVAR","ALTOS DEL ROSARIO",49.56,"HECTAREA",8.757468863,-74.19515811
2005-09-22,"BOLÍVAR","RIO VIEJO",64.97,"HECTAREA",8.559982465,-73.90298668
2005-09-22,"BOLÍVAR","SAN MARTIN DE LOBA",9.46,"HECTAREA",8.816088444,-74.00599967
2005-09-22,"NORTE DE SANTANDER","TIBU",67.63,"HECTAREA",8.713507237,-72.79925855
2005-09-24,"PUTUMAYO","ORITO",41.23,"HECTAREA",0.673756323,-76.94313923
2005-09-24,"PUTUMAYO","PUERTO ASIS",101.65,"HECTAREA",0.433884539,-76.52158203
2005-09-24,"PUTUMAYO","PUERTO GUZMAN",133.45,"HECTAREA",0.746432215,-75.88022979
2005-09-24,"PUTUMAYO","VALLE DEL GUAMUEZ",103.01,"HECTAREA",0.42012589,-76.77067026
2005-09-25,"CAQUETÁ","PUERTO RICO",33.83,"HECTAREA",2.018940891,-75.07308627
2005-09-25,"NORTE DE SANTANDER","EL ZULIA",30.61,"HECTAREA",8.081200092,-72.63152118
2005-09-25,"NORTE DE SANTANDER","SARDINATA",33.08,"HECTAREA",8.215080767,-72.79580961
2005-09-26,"BOLÍVAR","BARRANCO DE LOBA",93.99,"HECTAREA",8.837077654,-74.27966531
2005-09-26,"BOLÍVAR","RIO VIEJO",17.1,"HECTAREA",8.559982465,-73.90298668
2005-09-26,"BOLÍVAR","SAN MARTIN DE LOBA",103.24,"HECTAREA",8.816088444,-74.00599967
2005-09-26,"NORTE DE SANTANDER","ABREGO",68.67,"HECTAREA",8.019834481,-73.15850485
2005-09-26,"NORTE DE SANTANDER","TIBU",129.95,"HECTAREA",8.713507237,-72.79925855
2005-09-26,"PUTUMAYO","PUERTO ASIS",154.41,"HECTAREA",0.433884539,-76.52158203
2005-09-26,"PUTUMAYO","PUERTO CAICEDO",68.59,"HECTAREA",0.70416861,-76.49864415
2005-09-27,"NORTE DE SANTANDER","HACARI",36.36,"HECTAREA",8.361831987,-73.0782633
2005-09-27,"NORTE DE SANTANDER","SAN CALIXTO",31.95,"HECTAREA",8.414441404,-73.2176038
2005-09-27,"PUTUMAYO","PUERTO GUZMAN",84.95,"HECTAREA",0.746432215,-75.88022979
2005-09-28,"NORTE DE SANTANDER","HACARI",3.54,"HECTAREA",8.361831987,-73.0782633
2005-09-28,"NORTE DE SANTANDER","SAN CALIXTO",3.33,"HECTAREA",8.414441404,-73.2176038
2005-09-29,"NORTE DE SANTANDER","TIBU",62.58,"HECTAREA",8.713507237,-72.79925855
2005-09-29,"PUTUMAYO","PUERTO CAICEDO",19.67,"HECTAREA",0.70416861,-76.49864415
2005-09-30,"PUTUMAYO","PUERTO ASIS",264.73,"HECTAREA",0.433884539,-76.52158203
2005-09-30,"PUTUMAYO","PUERTO GUZMAN",40.17,"HECTAREA",0.746432215,-75.88022979
2005-10-01,"PUTUMAYO","PUERTO GUZMAN",65.39,"HECTAREA",0.746432215,-75.88022979
2005-10-02,"CAQUETÁ","VALPARAISO",14.01,"HECTAREA",1.07534915,-75.73779004
2005-10-02,"GUAVIARE","CALAMAR",90.64,"HECTAREA",1.613634284,-73.0342639
2005-10-02,"GUAVIARE","EL RETORNO",67.91,"HECTAREA",2.143447362,-72.24364869
2005-10-03,"META","PUERTO RICO",174.5,"HECTAREA",2.758083657,-73.13780171
2005-10-03,"META","VISTAHERMOSA",42.37,"HECTAREA",2.811616698,-73.66652234
2005-10-04,"GUAVIARE","EL RETORNO",67.11,"HECTAREA",2.143447362,-72.24364869
2005-10-04,"META","MAPIRIPAN",318.48,"HECTAREA",3.117523361,-71.93805692
2005-10-05,"META","MAPIRIPAN",57.34,"HECTAREA",3.117523361,-71.93805692
2005-10-05,"META","PUERTO RICO",85.21,"HECTAREA",2.758083657,-73.13780171
2005-10-06,"META","MAPIRIPAN",274.59,"HECTAREA",3.117523361,-71.93805692
2005-10-07,"META","MAPIRIPAN",406.15,"HECTAREA",3.117523361,-71.93805692
2005-10-08,"GUAVIARE","CALAMAR",117.3,"HECTAREA",1.613634284,-73.0342639
2005-10-08,"META","MAPIRIPAN",198.08,"HECTAREA",3.117523361,-71.93805692
2005-10-08,"PUTUMAYO","PUERTO GUZMAN",64.98,"HECTAREA",0.746432215,-75.88022979
2005-10-09,"META","MAPIRIPAN",379.97,"HECTAREA",3.117523361,-71.93805692
2005-10-10,"META","MAPIRIPAN",80.53,"HECTAREA",3.117523361,-71.93805692
2005-10-11,"GUAVIARE","SAN JOSE DEL GUAVIARE",311.6,"HECTAREA",2.484286091,-71.91916993
2005-10-11,"PUTUMAYO","PUERTO GUZMAN",42.88,"HECTAREA",0.746432215,-75.88022979
2005-10-12,"PUTUMAYO","PUERTO ASIS",125.06,"HECTAREA",0.433884539,-76.52158203
2005-10-12,"PUTUMAYO","PUERTO GUZMAN",45.34,"HECTAREA",0.746432215,-75.88022979
2005-10-13,"GUAVIARE","CALAMAR",103.35,"HECTAREA",1.613634284,-73.0342639
2005-10-13,"GUAVIARE","EL RETORNO",34.23,"HECTAREA",2.143447362,-72.24364869
2005-10-13,"GUAVIARE","SAN JOSE DEL GUAVIARE",52.38,"HECTAREA",2.484286091,-71.91916993
2005-10-13,"PUTUMAYO","PUERTO ASIS",38.56,"HECTAREA",0.433884539,-76.52158203
2005-10-14,"CAQUETÁ","ALBANIA",37.75,"HECTAREA",1.22786549,-75.88232651
2005-10-14,"GUAVIARE","SAN JOSE DEL GUAVIARE",19.03,"HECTAREA",2.484286091,-71.91916993
2005-10-15,"META","PUERTO LLERAS",47.79,"HECTAREA",3.193092925,-73.23671436
2005-10-15,"META","PUERTO RICO",89.33,"HECTAREA",2.758083657,-73.13780171
2005-10-16,"CAQUETÁ","ALBANIA",54.64,"HECTAREA",1.22786549,-75.88232651
2005-10-16,"CAQUETÁ","CURILLO",26.07,"HECTAREA",1.115379292,-75.97328452
2005-10-17,"CAQUETÁ","ALBANIA",11.76,"HECTAREA",1.22786549,-75.88232651
2005-10-17,"CESAR","AGUSTIN CODAZZI",1.87,"HECTAREA",9.949215908,-73.22358244
2005-10-17,"META","PUERTO LLERAS",42.46,"HECTAREA",3.193092925,-73.23671436
2005-10-17,"META","PUERTO RICO",90.61,"HECTAREA",2.758083657,-73.13780171
2005-10-18,"CAQUETÁ","VALPARAISO",60.9,"HECTAREA",1.07534915,-75.73779004
2005-10-18,"CESAR","AGUSTIN CODAZZI",3.96,"HECTAREA",9.949215908,-73.22358244
2005-10-18,"CESAR","LA PAZ",1.82,"HECTAREA",10.24440562,-73.07824569
2005-10-18,"GUAVIARE","SAN JOSE DEL GUAVIARE",101.31,"HECTAREA",2.484286091,-71.91916993
2005-10-18,"META","PUERTO RICO",165.21,"HECTAREA",2.758083657,-73.13780171
2005-10-19,"CESAR","AGUSTIN CODAZZI",10.9,"HECTAREA",9.949215908,-73.22358244
2005-10-19,"CESAR","LA PAZ",1.33,"HECTAREA",10.24440562,-73.07824569
2005-10-19,"META","PUERTO RICO",62.06,"HECTAREA",2.758083657,-73.13780171
2005-10-19,"META","VISTAHERMOSA",122.57,"HECTAREA",2.811616698,-73.66652234
2005-10-20,"CESAR","LA PAZ",16.24,"HECTAREA",10.24440562,-73.07824569
2005-10-21,"META","PUERTO LLERAS",103.4,"HECTAREA",3.193092925,-73.23671436
2005-10-21,"META","PUERTO RICO",117.08,"HECTAREA",2.758083657,-73.13780171
2005-10-21,"META","VISTAHERMOSA",128.99,"HECTAREA",2.811616698,-73.66652234
2005-10-22,"LA GUAJIRA","DIBULLA",145.4,"HECTAREA",11.09029715,-73.43568788
2005-10-22,"LA GUAJIRA","RIOHACHA",38.67,"HECTAREA",11.24297214,-72.95876315
2005-10-22,"MAGDALENA","SANTA MARTA",58.81,"HECTAREA",11.12189436,-73.88527855
2005-10-22,"META","VISTAHERMOSA",18.94,"HECTAREA",2.811616698,-73.66652234
2005-10-22,"PUTUMAYO","PUERTO ASIS",496.76,"HECTAREA",0.433884539,-76.52158203
2005-10-22,"PUTUMAYO","VALLE DEL GUAMUEZ",40.11,"HECTAREA",0.42012589,-76.77067026
2005-10-23,"GUAVIARE","SAN JOSE DEL GUAVIARE",148.02,"HECTAREA",2.484286091,-71.91916993
2005-10-26,"PUTUMAYO","PUERTO GUZMAN",131.58,"HECTAREA",0.746432215,-75.88022979
2005-10-27,"PUTUMAYO","PUERTO ASIS",88.55,"HECTAREA",0.433884539,-76.52158203
2005-10-27,"PUTUMAYO","PUERTO GUZMAN",29.44,"HECTAREA",0.746432215,-75.88022979
2005-10-28,"GUAVIARE","SAN JOSE DEL GUAVIARE",180.14,"HECTAREA",2.484286091,-71.91916993
2005-10-28,"PUTUMAYO","PUERTO GUZMAN",104.71,"HECTAREA",0.746432215,-75.88022979
2005-10-29,"CAQUETÁ","VALPARAISO",13.26,"HECTAREA",1.07534915,-75.73779004
2005-10-29,"META","PUERTO LLERAS",139.86,"HECTAREA",3.193092925,-73.23671436
2005-10-29,"META","PUERTO RICO",402.06,"HECTAREA",2.758083657,-73.13780171
2005-10-29,"META","VISTAHERMOSA",74.52,"HECTAREA",2.811616698,-73.66652234
2005-10-29,"PUTUMAYO","PUERTO GUZMAN",63.84,"HECTAREA",0.746432215,-75.88022979
2005-10-30,"CAQUETÁ","VALPARAISO",149.36,"HECTAREA",1.07534915,-75.73779004
2005-10-30,"META","PUERTO LLERAS",71.32,"HECTAREA",3.193092925,-73.23671436
2005-10-30,"META","PUERTO RICO",281.23,"HECTAREA",2.758083657,-73.13780171
2005-10-30,"META","VISTAHERMOSA",195.72,"HECTAREA",2.811616698,-73.66652234
2005-10-31,"CAQUETÁ","SAN VICENTE DEL CAGUAN",62.26,"HECTAREA",1.308465061,-74.19746971
2005-10-31,"GUAVIARE","SAN JOSE DEL GUAVIARE",162.37,"HECTAREA",2.484286091,-71.91916993
2005-11-01,"META","PUERTO RICO",101.07,"HECTAREA",2.758083657,-73.13780171
2005-11-02,"GUAVIARE","SAN JOSE DEL GUAVIARE",379.17,"HECTAREA",2.484286091,-71.91916993
2005-11-03,"GUAVIARE","SAN JOSE DEL GUAVIARE",194.2,"HECTAREA",2.484286091,-71.91916993
2005-11-03,"PUTUMAYO","SAN MIGUEL",97.63,"HECTAREA",0.272449048,-76.84510459
2005-11-03,"PUTUMAYO","VALLE DEL GUAMUEZ",151.84,"HECTAREA",0.42012589,-76.77067026
2005-11-04,"GUAVIARE","SAN JOSE DEL GUAVIARE",81.98,"HECTAREA",2.484286091,-71.91916993
2005-11-05,"CAQUETÁ","CURILLO",64.15,"HECTAREA",1.115379292,-75.97328452
2005-11-05,"META","PUERTO RICO",94.32,"HECTAREA",2.758083657,-73.13780171
2005-11-05,"META","VISTAHERMOSA",743.77,"HECTAREA",2.811616698,-73.66652234
2005-11-05,"PUTUMAYO","PUERTO GUZMAN",163.39,"HECTAREA",0.746432215,-75.88022979
2005-11-06,"CAUCA","PIAMONTE",131.98,"HECTAREA",1.054128816,-76.4443271
2005-11-06,"PUTUMAYO","PUERTO CAICEDO",148.7,"HECTAREA",0.70416861,-76.49864415
2005-11-07,"PUTUMAYO","PUERTO ASIS",153.97,"HECTAREA",0.433884539,-76.52158203
2005-11-08,"META","PUERTO RICO",82.34,"HECTAREA",2.758083657,-73.13780171
2005-11-08,"META","VISTAHERMOSA",181.02,"HECTAREA",2.811616698,-73.66652234
2005-11-08,"PUTUMAYO","PUERTO ASIS",197.54,"HECTAREA",0.433884539,-76.52158203
2005-11-08,"PUTUMAYO","SAN MIGUEL",178.29,"HECTAREA",0.272449048,-76.84510459
2005-11-08,"PUTUMAYO","VALLE DEL GUAMUEZ",35.1,"HECTAREA",0.42012589,-76.77067026
2005-11-10,"GUAVIARE","CALAMAR",143.83,"HECTAREA",1.613634284,-73.0342639
2005-11-10,"PUTUMAYO","PUERTO GUZMAN",36.5,"HECTAREA",0.746432215,-75.88022979
2005-11-11,"PUTUMAYO","LEGUIZAMO",36.45,"HECTAREA",0.05947197,-75.06479327
2005-11-12,"CAQUETÁ","CURILLO",46.68,"HECTAREA",1.115379292,-75.97328452
2005-11-12,"GUAVIARE","SAN JOSE DEL GUAVIARE",110.6,"HECTAREA",2.484286091,-71.91916993
2005-11-16,"CAQUETÁ","CURILLO",28.75,"HECTAREA",1.115379292,-75.97328452
2005-11-18,"CAQUETÁ","PUERTO RICO",114.89,"HECTAREA",2.018940891,-75.07308627
2005-11-18,"PUTUMAYO","PUERTO GUZMAN",80.09,"HECTAREA",0.746432215,-75.88022979
2005-11-19,"CAQUETÁ","PUERTO RICO",34.35,"HECTAREA",2.018940891,-75.07308627
2005-11-20,"PUTUMAYO","PUERTO GUZMAN",1.47,"HECTAREA",0.746432215,-75.88022979
2005-11-22,"PUTUMAYO","PUERTO ASIS",179.64,"HECTAREA",0.433884539,-76.52158203
2005-11-22,"PUTUMAYO","SAN MIGUEL",128.05,"HECTAREA",0.272449048,-76.84510459
2005-11-23,"PUTUMAYO","SAN MIGUEL",108.06,"HECTAREA",0.272449048,-76.84510459
2005-11-23,"PUTUMAYO","VALLE DEL GUAMUEZ",95.54,"HECTAREA",0.42012589,-76.77067026
2005-11-24,"CAQUETÁ","CURILLO",32.44,"HECTAREA",1.115379292,-75.97328452
2005-11-24,"CAQUETÁ","SOLITA",30,"HECTAREA",0.943939454,-75.64668544
2005-11-24,"NARIÑO","SAN ANDRES DE TUMACO",529.28,"HECTAREA",1.574550638,-78.61540963
2005-11-24,"PUTUMAYO","PUERTO GUZMAN",77.38,"HECTAREA",0.746432215,-75.88022979
2005-11-25,"NARIÑO","BARBACOAS",81.63,"HECTAREA",1.44563774,-78.15621072
2005-11-25,"NARIÑO","ROBERTO PAYAN",44.81,"HECTAREA",1.897581156,-78.3811163
2005-11-26,"CAQUETÁ","CURILLO",0.18,"HECTAREA",1.115379292,-75.97328452
2005-11-26,"PUTUMAYO","ORITO",30.55,"HECTAREA",0.673756323,-76.94313923
2005-11-26,"PUTUMAYO","PUERTO ASIS",306.05,"HECTAREA",0.433884539,-76.52158203
2005-11-26,"PUTUMAYO","PUERTO CAICEDO",92.33,"HECTAREA",0.70416861,-76.49864415
2005-11-26,"PUTUMAYO","VALLE DEL GUAMUEZ",79.77,"HECTAREA",0.42012589,-76.77067026
2005-11-27,"NARIÑO","SAN ANDRES DE TUMACO",27.78,"HECTAREA",1.574550638,-78.61540963
2005-11-27,"PUTUMAYO","PUERTO ASIS",267.33,"HECTAREA",0.433884539,-76.52158203
2005-11-27,"PUTUMAYO","PUERTO CAICEDO",40.43,"HECTAREA",0.70416861,-76.49864415
2005-11-27,"PUTUMAYO","VALLE DEL GUAMUEZ",96.88,"HECTAREA",0.42012589,-76.77067026
2005-11-28,"PUTUMAYO","PUERTO ASIS",26.77,"HECTAREA",0.433884539,-76.52158203
2005-11-28,"PUTUMAYO","SAN MIGUEL",382.36,"HECTAREA",0.272449048,-76.84510459
2005-11-28,"PUTUMAYO","VALLE DEL GUAMUEZ",44.29,"HECTAREA",0.42012589,-76.77067026
2005-11-29,"CAQUETÁ","CURILLO",160.26,"HECTAREA",1.115379292,-75.97328452
2005-12-01,"CAQUETÁ","VALPARAISO",45.27,"HECTAREA",1.07534915,-75.73779004
2005-12-02,"NARIÑO","SAN ANDRES DE TUMACO",166.87,"HECTAREA",1.574550638,-78.61540963
2005-12-02,"PUTUMAYO","ORITO",149.57,"HECTAREA",0.673756323,-76.94313923
2005-12-02,"PUTUMAYO","PUERTO ASIS",38.42,"HECTAREA",0.433884539,-76.52158203
2005-12-03,"PUTUMAYO","ORITO",124.15,"HECTAREA",0.673756323,-76.94313923
2005-12-03,"PUTUMAYO","PUERTO ASIS",256.01,"HECTAREA",0.433884539,-76.52158203
2005-12-03,"PUTUMAYO","VALLE DEL GUAMUEZ",123.59,"HECTAREA",0.42012589,-76.77067026
2005-12-04,"CAQUETÁ","VALPARAISO",80.66,"HECTAREA",1.07534915,-75.73779004
2005-12-05,"NARIÑO","EL CHARCO",161.77,"HECTAREA",2.216382295,-77.99533234
2005-12-05,"PUTUMAYO","VILLAGARZON",54.44,"HECTAREA",0.911149515,-76.74495447
2005-12-06,"PUTUMAYO","VALLE DEL GUAMUEZ",510.83,"HECTAREA",0.42012589,-76.77067026
2005-12-07,"PUTUMAYO","VALLE DEL GUAMUEZ",636.06,"HECTAREA",0.42012589,-76.77067026
2005-12-08,"NARIÑO","SAN ANDRES DE TUMACO",129.7,"HECTAREA",1.574550638,-78.61540963
2005-12-09,"PUTUMAYO","PUERTO CAICEDO",73.82,"HECTAREA",0.70416861,-76.49864415
2005-12-09,"PUTUMAYO","SAN MIGUEL",146.48,"HECTAREA",0.272449048,-76.84510459
2005-12-09,"PUTUMAYO","VALLE DEL GUAMUEZ",208.75,"HECTAREA",0.42012589,-76.77067026
2005-12-10,"PUTUMAYO","PUERTO ASIS",127.83,"HECTAREA",0.433884539,-76.52158203
2005-12-10,"PUTUMAYO","VALLE DEL GUAMUEZ",103.65,"HECTAREA",0.42012589,-76.77067026
2005-12-11,"CAQUETÁ","CURILLO",75.14,"HECTAREA",1.115379292,-75.97328452
2005-12-13,"HUILA","SANTA MARIA",9.2,"HECTAREA",2.926265937,-75.63359786
2005-12-13,"NARIÑO","SAN ANDRES DE TUMACO",16.87,"HECTAREA",1.574550638,-78.61540963
2005-12-13,"PUTUMAYO","PUERTO GUZMAN",23.77,"HECTAREA",0.746432215,-75.88022979
2005-12-13,"TOLIMA","PLANADAS",11.93,"HECTAREA",3.09897343,-75.81684413
2005-12-15,"CAQUETÁ","CURILLO",150.38,"HECTAREA",1.115379292,-75.97328452
2005-12-16,"CAQUETÁ","CURILLO",91.25,"HECTAREA",1.115379292,-75.97328452
2005-12-17,"CAUCA","PIAMONTE",92.97,"HECTAREA",1.054128816,-76.4443271
2005-12-17,"NARIÑO","SAN ANDRES DE TUMACO",161.53,"HECTAREA",1.574550638,-78.61540963
2005-12-20,"NARIÑO","SAN ANDRES DE TUMACO",42.19,"HECTAREA",1.574550638,-78.61540963
2005-12-21,"CAQUETÁ","CURILLO",5.38,"HECTAREA",1.115379292,-75.97328452
2005-12-22,"CAQUETÁ","CARTAGENA DEL CHAIRA",77.98,"HECTAREA",0.647693081,-74.27235499
2005-12-22,"CAQUETÁ","VALPARAISO",168.32,"HECTAREA",1.07534915,-75.73779004
2005-12-23,"NARIÑO","SAN ANDRES DE TUMACO",16.78,"HECTAREA",1.574550638,-78.61540963
2005-12-24,"HUILA","COLOMBIA",1.08,"HECTAREA",3.262763564,-74.78516117
2005-12-25,"HUILA","ALGECIRAS",8.93,"HECTAREA",2.49785068,-75.29134946
2005-12-26,"CAQUETÁ","PUERTO RICO",82.49,"HECTAREA",2.018940891,-75.07308627
2005-12-26,"CAQUETÁ","VALPARAISO",96.03,"HECTAREA",1.07534915,-75.73779004
2005-12-26,"NARIÑO","SAN ANDRES DE TUMACO",257.47,"HECTAREA",1.574550638,-78.61540963
2005-12-28,"CAQUETÁ","VALPARAISO",14.22,"HECTAREA",1.07534915,-75.73779004
2005-12-29,"HUILA","IQUIRA",10,"HECTAREA",2.691517773,-75.67383141
2005-12-29,"NARIÑO","SAN ANDRES DE TUMACO",69.34,"HECTAREA",1.574550638,-78.61540963
2005-12-30,"CAQUETÁ","VALPARAISO",8.43,"HECTAREA",1.07534915,-75.73779004
2005-12-31,"CAQUETÁ","VALPARAISO",82.42,"HECTAREA",1.07534915,-75.73779004
2006-01-01,"NARIÑO","SAN ANDRES DE TUMACO",155.01,"HECTAREA",1.574550638,-78.61540963
2006-01-02,"NARIÑO","OLAYA HERRERA",505.47,"HECTAREA",2.287856547,-78.31219024
2006-01-02,"PUTUMAYO","PUERTO ASIS",158.78,"HECTAREA",0.433884539,-76.52158203
2006-01-02,"PUTUMAYO","VALLE DEL GUAMUEZ",194.78,"HECTAREA",0.42012589,-76.77067026
2006-01-03,"PUTUMAYO","VALLE DEL GUAMUEZ",109.45,"HECTAREA",0.42012589,-76.77067026
2006-01-04,"PUTUMAYO","ORITO",265.19,"HECTAREA",0.673756323,-76.94313923
2006-01-04,"PUTUMAYO","VALLE DEL GUAMUEZ",31.08,"HECTAREA",0.42012589,-76.77067026
2006-01-05,"CAQUETÁ","VALPARAISO",62.79,"HECTAREA",1.07534915,-75.73779004
2006-01-05,"NARIÑO","ROBERTO PAYAN",48.98,"HECTAREA",1.897581156,-78.3811163
2006-01-06,"NARIÑO","ROBERTO PAYAN",37.2,"HECTAREA",1.897581156,-78.3811163
2006-01-06,"PUTUMAYO","ORITO",151.63,"HECTAREA",0.673756323,-76.94313923
2006-01-06,"PUTUMAYO","PUERTO ASIS",14.42,"HECTAREA",0.433884539,-76.52158203
2006-01-07,"CAQUETÁ","MILAN",68.65,"HECTAREA",1.146692554,-75.38664764
2006-01-08,"NARIÑO","IPIALES",39.14,"HECTAREA",0.497708465,-77.24047625
2006-01-08,"NARIÑO","OLAYA HERRERA",133.8,"HECTAREA",2.287856547,-78.31219024
2006-01-08,"NARIÑO","ROBERTO PAYAN",116.44,"HECTAREA",1.897581156,-78.3811163
2006-01-08,"PUTUMAYO","ORITO",120.62,"HECTAREA",0.673756323,-76.94313923
2006-01-08,"PUTUMAYO","VALLE DEL GUAMUEZ",242.65,"HECTAREA",0.42012589,-76.77067026
2006-01-09,"PUTUMAYO","ORITO",41.23,"HECTAREA",0.673756323,-76.94313923
2006-01-09,"PUTUMAYO","PUERTO ASIS",13.43,"HECTAREA",0.433884539,-76.52158203
2006-01-10,"NARIÑO","IPIALES",112.69,"HECTAREA",0.497708465,-77.24047625
2006-01-10,"PUTUMAYO","PUERTO ASIS",76.55,"HECTAREA",0.433884539,-76.52158203
2006-01-10,"PUTUMAYO","VALLE DEL GUAMUEZ",184.76,"HECTAREA",0.42012589,-76.77067026
2006-01-11,"CAQUETÁ","VALPARAISO",56.71,"HECTAREA",1.07534915,-75.73779004
2006-01-11,"NARIÑO","SAN ANDRES DE TUMACO",238.42,"HECTAREA",1.574550638,-78.61540963
2006-01-12,"NARIÑO","EL CHARCO",244.05,"HECTAREA",2.216382295,-77.99533234
2006-01-12,"NARIÑO","OLAYA HERRERA",101.83,"HECTAREA",2.287856547,-78.31219024
2006-01-12,"PUTUMAYO","PUERTO ASIS",327.55,"HECTAREA",0.433884539,-76.52158203
2006-01-12,"PUTUMAYO","PUERTO CAICEDO",73.71,"HECTAREA",0.70416861,-76.49864415
2006-01-12,"PUTUMAYO","VILLAGARZON",8.69,"HECTAREA",0.911149515,-76.74495447
2006-01-13,"TOLIMA","PLANADAS",39.98,"HECTAREA",3.09897343,-75.81684413
2006-01-14,"HUILA","ALGECIRAS",17.9,"HECTAREA",2.49785068,-75.29134946
2006-01-14,"HUILA","SANTA MARIA",15.74,"HECTAREA",2.926265937,-75.63359786
2006-01-14,"PUTUMAYO","PUERTO ASIS",482.01,"HECTAREA",0.433884539,-76.52158203
2006-01-15,"CAQUETÁ","VALPARAISO",114.91,"HECTAREA",1.07534915,-75.73779004
2006-01-16,"CAQUETÁ","VALPARAISO",38.59,"HECTAREA",1.07534915,-75.73779004
2006-01-16,"NARIÑO","SAN ANDRES DE TUMACO",622.38,"HECTAREA",1.574550638,-78.61540963
2006-01-17,"NARIÑO","SAN ANDRES DE TUMACO",745.89,"HECTAREA",1.574550638,-78.61540963
2006-01-18,"NARIÑO","ROBERTO PAYAN",158.51,"HECTAREA",1.897581156,-78.3811163
2006-01-19,"NARIÑO","EL CHARCO",792.96,"HECTAREA",2.216382295,-77.99533234
2006-01-20,"NARIÑO","BARBACOAS",146.09,"HECTAREA",1.44563774,-78.15621072
2006-01-20,"NARIÑO","MAGUI",297.38,"HECTAREA",1.906858429,-78.04473644
2006-01-21,"CAQUETÁ","SOLITA",81.28,"HECTAREA",0.943939454,-75.64668544
2006-01-21,"CAQUETÁ","VALPARAISO",33.57,"HECTAREA",1.07534915,-75.73779004
2006-01-21,"HUILA","ALGECIRAS",19.2,"HECTAREA",2.49785068,-75.29134946
2006-01-21,"NARIÑO","FRANCISCO PIZARRO",118.44,"HECTAREA",2.088531925,-78.59193099
2006-01-22,"CAQUETÁ","PUERTO RICO",42.92,"HECTAREA",2.018940891,-75.07308627
2006-01-22,"CAQUETÁ","VALPARAISO",59.49,"HECTAREA",1.07534915,-75.73779004
2006-01-22,"NARIÑO","BARBACOAS",301.31,"HECTAREA",1.44563774,-78.15621072
2006-01-22,"NARIÑO","MAGUI",666.11,"HECTAREA",1.906858429,-78.04473644
2006-01-24,"NARIÑO","FRANCISCO PIZARRO",414.02,"HECTAREA",2.088531925,-78.59193099
2006-01-24,"NARIÑO","SAN ANDRES DE TUMACO",928.55,"HECTAREA",1.574550638,-78.61540963
2006-01-25,"CAUCA","TORIBIO",32.37,"HECTAREA",2.975771999,-76.20331566
2006-01-25,"NARIÑO","BARBACOAS",603.62,"HECTAREA",1.44563774,-78.15621072
2006-01-25,"NARIÑO","EL CHARCO",138.24,"HECTAREA",2.216382295,-77.99533234
2006-01-25,"NARIÑO","LEIVA",28.97,"HECTAREA",1.900862361,-77.31220073
2006-01-25,"NARIÑO","MAGUI",735.76,"HECTAREA",1.906858429,-78.04473644
2006-01-26,"CAQUETÁ","CARTAGENA DEL CHAIRA",28.83,"HECTAREA",0.647693081,-74.27235499
2006-01-26,"NARIÑO","FRANCISCO PIZARRO",190.68,"HECTAREA",2.088531925,-78.59193099
2006-01-26,"NARIÑO","LEIVA",65.81,"HECTAREA",1.900862361,-77.31220073
2006-01-26,"NARIÑO","ROBERTO PAYAN",717.06,"HECTAREA",1.897581156,-78.3811163
2006-01-26,"NARIÑO","SAN ANDRES DE TUMACO",374.89,"HECTAREA",1.574550638,-78.61540963
2006-01-27,"NARIÑO","PASTO",82.01,"HECTAREA",1.083605497,-77.20610074
2006-01-27,"NARIÑO","TAMINANGO",6.47,"HECTAREA",1.591661392,-77.32525316
2006-01-28,"CAQUETÁ","VALPARAISO",54.66,"HECTAREA",1.07534915,-75.73779004
2006-01-28,"NARIÑO","PASTO",33.28,"HECTAREA",1.083605497,-77.20610074
2006-01-28,"NARIÑO","SAN ANDRES DE TUMACO",562.9,"HECTAREA",1.574550638,-78.61540963
2006-01-29,"NARIÑO","EL CHARCO",81.17,"HECTAREA",2.216382295,-77.99533234
2006-01-29,"NARIÑO","FRANCISCO PIZARRO",82.1,"HECTAREA",2.088531925,-78.59193099
2006-01-29,"NARIÑO","MAGUI",408.7,"HECTAREA",1.906858429,-78.04473644
2006-01-30,"NARIÑO","BARBACOAS",365.25,"HECTAREA",1.44563774,-78.15621072
2006-01-30,"PUTUMAYO","PUERTO ASIS",23.67,"HECTAREA",0.433884539,-76.52158203
2006-01-31,"NARIÑO","OLAYA HERRERA",851.34,"HECTAREA",2.287856547,-78.31219024
2006-02-01,"NARIÑO","BARBACOAS",460.7,"HECTAREA",1.44563774,-78.15621072
2006-02-01,"NARIÑO","OLAYA HERRERA",469.85,"HECTAREA",2.287856547,-78.31219024
2006-02-01,"NARIÑO","ROBERTO PAYAN",76.12,"HECTAREA",1.897581156,-78.3811163
2006-02-01,"NARIÑO","SAN ANDRES DE TUMACO",38.25,"HECTAREA",1.574550638,-78.61540963
2006-02-02,"NARIÑO","SAN ANDRES DE TUMACO",199.92,"HECTAREA",1.574550638,-78.61540963
2006-02-03,"GUAVIARE","CALAMAR",43.29,"HECTAREA",1.613634284,-73.0342639
2006-02-03,"META","PUERTO CONCORDIA",0.84,"HECTAREA",2.752260112,-72.7210941
2006-02-04,"NARIÑO","EL CHARCO",209.51,"HECTAREA",2.216382295,-77.99533234
2006-02-04,"NARIÑO","MAGUI",107.5,"HECTAREA",1.906858429,-78.04473644
2006-02-04,"NARIÑO","SAN ANDRES DE TUMACO",49.72,"HECTAREA",1.574550638,-78.61540963
2006-02-05,"GUAVIARE","SAN JOSE DEL GUAVIARE",118.57,"HECTAREA",2.484286091,-71.91916993
2006-02-05,"META","PUERTO CONCORDIA",113.38,"HECTAREA",2.752260112,-72.7210941
2006-02-06,"GUAVIARE","SAN JOSE DEL GUAVIARE",125.99,"HECTAREA",2.484286091,-71.91916993
2006-02-06,"NARIÑO","BUESACO",288.9,"HECTAREA",1.315215636,-77.1163664
2006-02-06,"NARIÑO","BUESACO",9.84,"HECTAREA",1.315215636,-77.1163664
2006-02-06,"NARIÑO","ROBERTO PAYAN",642.17,"HECTAREA",1.897581156,-78.3811163
2006-02-07,"GUAVIARE","CALAMAR",26.55,"HECTAREA",1.613634284,-73.0342639
2006-02-07,"META","MAPIRIPAN",2.31,"HECTAREA",3.117523361,-71.93805692
2006-02-07,"NARIÑO","ROBERTO PAYAN",212.13,"HECTAREA",1.897581156,-78.3811163
2006-02-08,"GUAVIARE","CALAMAR",41.33,"HECTAREA",1.613634284,-73.0342639
2006-02-08,"GUAVIARE","EL RETORNO",50.5,"HECTAREA",2.143447362,-72.24364869
2006-02-08,"GUAVIARE","SAN JOSE DEL GUAVIARE",31.01,"HECTAREA",2.484286091,-71.91916993
2006-02-08,"NARIÑO","EL CHARCO",355.58,"HECTAREA",2.216382295,-77.99533234
2006-02-09,"GUAVIARE","SAN JOSE DEL GUAVIARE",41.67,"HECTAREA",2.484286091,-71.91916993
2006-02-09,"NARIÑO","ROBERTO PAYAN",691.87,"HECTAREA",1.897581156,-78.3811163
2006-02-10,"GUAVIARE","MIRAFLORES",284.92,"HECTAREA",1.363974932,-72.01810951
2006-02-10,"NARIÑO","BARBACOAS",69.26,"HECTAREA",1.44563774,-78.15621072
2006-02-10,"NARIÑO","EL CHARCO",183.91,"HECTAREA",2.216382295,-77.99533234
2006-02-10,"NARIÑO","ROBERTO PAYAN",583.91,"HECTAREA",1.897581156,-78.3811163
2006-02-10,"NARIÑO","SAN ANDRES DE TUMACO",62.18,"HECTAREA",1.574550638,-78.61540963
2006-02-11,"GUAVIARE","CALAMAR",98.9,"HECTAREA",1.613634284,-73.0342639
2006-02-11,"GUAVIARE","MIRAFLORES",36.98,"HECTAREA",1.363974932,-72.01810951
2006-02-11,"NARIÑO","BUESACO",8.23,"HECTAREA",1.315215636,-77.1163664
2006-02-11,"NARIÑO","PASTO",9.76,"HECTAREA",1.083605497,-77.20610074
2006-02-12,"GUAVIARE","SAN JOSE DEL GUAVIARE",14.22,"HECTAREA",2.484286091,-71.91916993
2006-02-13,"GUAVIARE","CALAMAR",114.34,"HECTAREA",1.613634284,-73.0342639
2006-02-13,"GUAVIARE","MIRAFLORES",12.99,"HECTAREA",1.363974932,-72.01810951
2006-02-14,"GUAVIARE","CALAMAR",42.09,"HECTAREA",1.613634284,-73.0342639
2006-02-14,"NARIÑO","ROBERTO PAYAN",260.22,"HECTAREA",1.897581156,-78.3811163
2006-02-16,"GUAVIARE","CALAMAR",101.75,"HECTAREA",1.613634284,-73.0342639
2006-02-18,"NARIÑO","EL CHARCO",163.27,"HECTAREA",2.216382295,-77.99533234
2006-02-18,"NARIÑO","MAGUI",325.85,"HECTAREA",1.906858429,-78.04473644
2006-02-18,"NARIÑO","SAN ANDRES DE TUMACO",243.33,"HECTAREA",1.574550638,-78.61540963
2006-02-21,"GUAVIARE","CALAMAR",60.86,"HECTAREA",1.613634284,-73.0342639
2006-02-21,"NARIÑO","SAN ANDRES DE TUMACO",193.64,"HECTAREA",1.574550638,-78.61540963
2006-02-22,"GUAVIARE","CALAMAR",42.61,"HECTAREA",1.613634284,-73.0342639
2006-02-22,"GUAVIARE","EL RETORNO",49.27,"HECTAREA",2.143447362,-72.24364869
2006-02-22,"GUAVIARE","SAN JOSE DEL GUAVIARE",4.54,"HECTAREA",2.484286091,-71.91916993
2006-02-22,"NARIÑO","MAGUI",721.05,"HECTAREA",1.906858429,-78.04473644
2006-02-23,"GUAVIARE","SAN JOSE DEL GUAVIARE",66.24,"HECTAREA",2.484286091,-71.91916993
2006-02-23,"HUILA","RIVERA",10.72,"HECTAREA",2.79286115,-75.23536868
2006-02-23,"NARIÑO","MAGUI",840.03,"HECTAREA",1.906858429,-78.04473644
2006-02-23,"TOLIMA","RIOBLANCO",15.32,"HECTAREA",3.468077548,-75.85481103
2006-02-24,"NARIÑO","SAN ANDRES DE TUMACO",92.15,"HECTAREA",1.574550638,-78.61540963
2006-02-25,"GUAVIARE","MIRAFLORES",33.19,"HECTAREA",1.363974932,-72.01810951
2006-02-25,"TOLIMA","RIOBLANCO",11.43,"HECTAREA",3.468077548,-75.85481103
2006-02-26,"GUAVIARE","SAN JOSE DEL GUAVIARE",94.99,"HECTAREA",2.484286091,-71.91916993
2006-02-26,"HUILA","SANTA MARIA",14.58,"HECTAREA",2.926265937,-75.63359786
2006-02-26,"TOLIMA","PLANADAS",14.46,"HECTAREA",3.09897343,-75.81684413
2006-02-27,"GUAVIARE","SAN JOSE DEL GUAVIARE",214.58,"HECTAREA",2.484286091,-71.91916993
2006-02-28,"NARIÑO","BARBACOAS",307.9,"HECTAREA",1.44563774,-78.15621072
2006-02-28,"NARIÑO","MAGUI",73.85,"HECTAREA",1.906858429,-78.04473644
2006-02-28,"NARIÑO","SAN ANDRES DE TUMACO",275.08,"HECTAREA",1.574550638,-78.61540963
2006-03-01,"GUAVIARE","SAN JOSE DEL GUAVIARE",134.79,"HECTAREA",2.484286091,-71.91916993
2006-03-01,"TOLIMA","PLANADAS",4.64,"HECTAREA",3.09897343,-75.81684413
2006-03-02,"GUAVIARE","EL RETORNO",100.98,"HECTAREA",2.143447362,-72.24364869
2006-03-02,"META","MAPIRIPAN",6.64,"HECTAREA",3.117523361,-71.93805692
2006-03-02,"NARIÑO","SAN ANDRES DE TUMACO",366.37,"HECTAREA",1.574550638,-78.61540963
2006-03-02,"TOLIMA","RIOBLANCO",0.84,"HECTAREA",3.468077548,-75.85481103
2006-03-03,"GUAVIARE","SAN JOSE DEL GUAVIARE",108.72,"HECTAREA",2.484286091,-71.91916993
2006-03-03,"NARIÑO","ROBERTO PAYAN",50.08,"HECTAREA",1.897581156,-78.3811163
2006-03-03,"NARIÑO","SAN ANDRES DE TUMACO",171.58,"HECTAREA",1.574550638,-78.61540963
2006-03-04,"GUAVIARE","EL RETORNO",19.4,"HECTAREA",2.143447362,-72.24364869
2006-03-04,"NARIÑO","EL CHARCO",293.38,"HECTAREA",2.216382295,-77.99533234
2006-03-04,"NARIÑO","MAGUI",185.03,"HECTAREA",1.906858429,-78.04473644
2006-03-05,"NARIÑO","MOSQUERA",33.06,"HECTAREA",2.442493698,-78.438827
2006-03-05,"NARIÑO","SAN ANDRES DE TUMACO",370.89,"HECTAREA",1.574550638,-78.61540963
2006-03-06,"NARIÑO","MAGUI",233.77,"HECTAREA",1.906858429,-78.04473644
2006-03-07,"NARIÑO","MAGUI",253.64,"HECTAREA",1.906858429,-78.04473644
2006-03-08,"META","MAPIRIPAN",43.89,"HECTAREA",3.117523361,-71.93805692
2006-03-09,"NARIÑO","EL CHARCO",17.33,"HECTAREA",2.216382295,-77.99533234
2006-03-09,"NARIÑO","SAN ANDRES DE TUMACO",6.85,"HECTAREA",1.574550638,-78.61540963
2006-03-10,"META","PUERTO CONCORDIA",1.35,"HECTAREA",2.752260112,-72.7210941
2006-03-10,"META","PUERTO LLERAS",24.62,"HECTAREA",3.193092925,-73.23671436
2006-03-10,"NARIÑO","BARBACOAS",98.57,"HECTAREA",1.44563774,-78.15621072
2006-03-10,"NARIÑO","EL CHARCO",478.04,"HECTAREA",2.216382295,-77.99533234
2006-03-10,"NARIÑO","MAGUI",289.03,"HECTAREA",1.906858429,-78.04473644
2006-03-11,"META","MAPIRIPAN",76.43,"HECTAREA",3.117523361,-71.93805692
2006-03-11,"META","PUERTO CONCORDIA",62.04,"HECTAREA",2.752260112,-72.7210941
2006-03-11,"NARIÑO","EL CHARCO",393.34,"HECTAREA",2.216382295,-77.99533234
2006-03-11,"NARIÑO","ROBERTO PAYAN",33.83,"HECTAREA",1.897581156,-78.3811163
2006-03-11,"NARIÑO","SAN ANDRES DE TUMACO",58.08,"HECTAREA",1.574550638,-78.61540963
2006-03-11,"TOLIMA","RIOBLANCO",14.67,"HECTAREA",3.468077548,-75.85481103
2006-03-13,"META","MAPIRIPAN",78.59,"HECTAREA",3.117523361,-71.93805692
2006-03-14,"META","MAPIRIPAN",234.68,"HECTAREA",3.117523361,-71.93805692
2006-03-15,"GUAVIARE","SAN JOSE DEL GUAVIARE",94.19,"HECTAREA",2.484286091,-71.91916993
2006-03-15,"META","MAPIRIPAN",236.77,"HECTAREA",3.117523361,-71.93805692
2006-03-15,"NARIÑO","EL CHARCO",376.57,"HECTAREA",2.216382295,-77.99533234
2006-03-15,"NARIÑO","ROBERTO PAYAN",57.47,"HECTAREA",1.897581156,-78.3811163
2006-03-15,"NARIÑO","SAN ANDRES DE TUMACO",88.33,"HECTAREA",1.574550638,-78.61540963
2006-03-16,"NARIÑO","EL CHARCO",253.86,"HECTAREA",2.216382295,-77.99533234
2006-03-16,"NARIÑO","SAN ANDRES DE TUMACO",96.87,"HECTAREA",1.574550638,-78.61540963
2006-03-16,"NARIÑO","SANTA BARBARA",164.58,"HECTAREA",2.494420411,-77.98256461
2006-03-17,"GUAVIARE","EL RETORNO",38.52,"HECTAREA",2.143447362,-72.24364869
2006-03-17,"GUAVIARE","SAN JOSE DEL GUAVIARE",15.99,"HECTAREA",2.484286091,-71.91916993
2006-03-17,"META","LA MACARENA",11.93,"HECTAREA",2.161863917,-74.09488076
2006-03-18,"META","MAPIRIPAN",10.95,"HECTAREA",3.117523361,-71.93805692
2006-03-18,"NARIÑO","SAN ANDRES DE TUMACO",1978.22,"HECTAREA",1.574550638,-78.61540963
2006-03-19,"GUAVIARE","SAN JOSE DEL GUAVIARE",23.18,"HECTAREA",2.484286091,-71.91916993
2006-03-19,"META","MAPIRIPAN",157.4,"HECTAREA",3.117523361,-71.93805692
2006-03-19,"NARIÑO","MAGUI",774.22,"HECTAREA",1.906858429,-78.04473644
2006-03-20,"GUAVIARE","CALAMAR",2.98,"HECTAREA",1.613634284,-73.0342639
2006-03-20,"GUAVIARE","SAN JOSE DEL GUAVIARE",84.73,"HECTAREA",2.484286091,-71.91916993
2006-03-20,"NARIÑO","MAGUI",339.42,"HECTAREA",1.906858429,-78.04473644
2006-03-20,"TOLIMA","PLANADAS",24.87,"HECTAREA",3.09897343,-75.81684413
2006-03-21,"META","PUERTO LLERAS",168.79,"HECTAREA",3.193092925,-73.23671436
2006-03-21,"NARIÑO","SANTA BARBARA",676.8,"HECTAREA",2.494420411,-77.98256461
2006-03-23,"GUAVIARE","SAN JOSE DEL GUAVIARE",157.69,"HECTAREA",2.484286091,-71.91916993
2006-03-23,"META","MAPIRIPAN",40.82,"HECTAREA",3.117523361,-71.93805692
2006-03-23,"NARIÑO","EL CHARCO",267.27,"HECTAREA",2.216382295,-77.99533234
2006-03-23,"NARIÑO","SANTA BARBARA",455.61,"HECTAREA",2.494420411,-77.98256461
2006-03-23,"TOLIMA","CHAPARRAL",2.55,"HECTAREA",3.743693084,-75.58986634
2006-03-24,"GUAVIARE","SAN JOSE DEL GUAVIARE",78.7,"HECTAREA",2.484286091,-71.91916993
2006-03-24,"NARIÑO","BARBACOAS",302.7,"HECTAREA",1.44563774,-78.15621072
2006-03-24,"NARIÑO","EL CHARCO",58.59,"HECTAREA",2.216382295,-77.99533234
2006-03-24,"NARIÑO","MAGUI",121.16,"HECTAREA",1.906858429,-78.04473644
2006-03-24,"NARIÑO","OLAYA HERRERA",410.37,"HECTAREA",2.287856547,-78.31219024
2006-03-25,"GUAVIARE","SAN JOSE DEL GUAVIARE",34.25,"HECTAREA",2.484286091,-71.91916993
2006-03-25,"META","MAPIRIPAN",108.65,"HECTAREA",3.117523361,-71.93805692
2006-03-25,"NARIÑO","BARBACOAS",109.92,"HECTAREA",1.44563774,-78.15621072
2006-03-25,"NARIÑO","SAN ANDRES DE TUMACO",316.29,"HECTAREA",1.574550638,-78.61540963
2006-03-26,"GUAVIARE","SAN JOSE DEL GUAVIARE",125.33,"HECTAREA",2.484286091,-71.91916993
2006-03-27,"GUAVIARE","SAN JOSE DEL GUAVIARE",69.67,"HECTAREA",2.484286091,-71.91916993
2006-03-27,"NARIÑO","SAN ANDRES DE TUMACO",403.74,"HECTAREA",1.574550638,-78.61540963
2006-03-28,"GUAVIARE","SAN JOSE DEL GUAVIARE",119.12,"HECTAREA",2.484286091,-71.91916993
2006-03-28,"META","MAPIRIPAN",30.61,"HECTAREA",3.117523361,-71.93805692
2006-03-28,"META","PUERTO CONCORDIA",86.24,"HECTAREA",2.752260112,-72.7210941
2006-03-28,"NARIÑO","EL CHARCO",600.91,"HECTAREA",2.216382295,-77.99533234
2006-03-28,"NARIÑO","SANTA BARBARA",83.13,"HECTAREA",2.494420411,-77.98256461
2006-03-29,"ARAUCA","ARAUQUITA",47.85,"HECTAREA",6.799338394,-71.29827429
2006-03-29,"GUAVIARE","SAN JOSE DEL GUAVIARE",352.99,"HECTAREA",2.484286091,-71.91916993
2006-03-29,"NARIÑO","ROBERTO PAYAN",32.87,"HECTAREA",1.897581156,-78.3811163
2006-03-29,"NARIÑO","SAN ANDRES DE TUMACO",178.92,"HECTAREA",1.574550638,-78.61540963
2006-03-30,"ARAUCA","ARAUQUITA",142.45,"HECTAREA",6.799338394,-71.29827429
2006-03-30,"GUAVIARE","MIRAFLORES",121.23,"HECTAREA",1.363974932,-72.01810951
2006-03-30,"NARIÑO","ROBERTO PAYAN",214.02,"HECTAREA",1.897581156,-78.3811163
2006-03-31,"ARAUCA","ARAUQUITA",36.09,"HECTAREA",6.799338394,-71.29827429
2006-03-31,"ARAUCA","FORTUL",65.9,"HECTAREA",6.750907234,-71.79124241
2006-03-31,"ARAUCA","SARAVENA",37.36,"HECTAREA",6.906941714,-71.85070757
2006-03-31,"GUAVIARE","CALAMAR",20.58,"HECTAREA",1.613634284,-73.0342639
2006-03-31,"GUAVIARE","MIRAFLORES",160.13,"HECTAREA",1.363974932,-72.01810951
2006-03-31,"META","LA MACARENA",85.04,"HECTAREA",2.161863917,-74.09488076
2006-03-31,"META","VISTAHERMOSA",114.13,"HECTAREA",2.811616698,-73.66652234
2006-03-31,"NARIÑO","BARBACOAS",132.62,"HECTAREA",1.44563774,-78.15621072
2006-03-31,"NARIÑO","ROBERTO PAYAN",293.67,"HECTAREA",1.897581156,-78.3811163
2006-03-31,"NARIÑO","SAN ANDRES DE TUMACO",447.2,"HECTAREA",1.574550638,-78.61540963
2006-04-01,"ARAUCA","ARAUQUITA",18.83,"HECTAREA",6.799338394,-71.29827429
2006-04-01,"ARAUCA","FORTUL",5.02,"HECTAREA",6.750907234,-71.79124241
2006-04-01,"ARAUCA","TAME",61.97,"HECTAREA",6.390650479,-71.79178647
2006-04-01,"META","PUERTO RICO",127.91,"HECTAREA",2.758083657,-73.13780171
2006-04-01,"META","VISTAHERMOSA",153.89,"HECTAREA",2.811616698,-73.66652234
2006-04-01,"NARIÑO","EL CHARCO",244.24,"HECTAREA",2.216382295,-77.99533234
2006-04-01,"NARIÑO","SANTA BARBARA",261.83,"HECTAREA",2.494420411,-77.98256461
2006-04-02,"ARAUCA","ARAUQUITA",60.85,"HECTAREA",6.799338394,-71.29827429
2006-04-02,"META","PUERTO RICO",196.49,"HECTAREA",2.758083657,-73.13780171
2006-04-02,"META","SAN MARTIN",148.07,"HECTAREA",3.515860962,-72.65672742
2006-04-02,"NARIÑO","SAN ANDRES DE TUMACO",290.6,"HECTAREA",1.574550638,-78.61540963
2006-04-02,"NARIÑO","SANTA BARBARA",314.03,"HECTAREA",2.494420411,-77.98256461
2006-04-03,"ARAUCA","ARAUQUITA",61.35,"HECTAREA",6.799338394,-71.29827429
2006-04-03,"META","LA MACARENA",163.15,"HECTAREA",2.161863917,-74.09488076
2006-04-03,"META","PUERTO LLERAS",130.8,"HECTAREA",3.193092925,-73.23671436
2006-04-03,"META","PUERTO RICO",5.42,"HECTAREA",2.758083657,-73.13780171
2006-04-03,"NARIÑO","BARBACOAS",162.99,"HECTAREA",1.44563774,-78.15621072
2006-04-03,"NARIÑO","SAN ANDRES DE TUMACO",74.72,"HECTAREA",1.574550638,-78.61540963
2006-04-04,"META","PUERTO RICO",43.26,"HECTAREA",2.758083657,-73.13780171
2006-04-04,"META","VISTAHERMOSA",117.06,"HECTAREA",2.811616698,-73.66652234
2006-04-04,"NARIÑO","MAGUI",465.01,"HECTAREA",1.906858429,-78.04473644
2006-04-05,"META","VISTAHERMOSA",53.11,"HECTAREA",2.811616698,-73.66652234
2006-04-05,"NARIÑO","BARBACOAS",487.13,"HECTAREA",1.44563774,-78.15621072
2006-04-05,"NARIÑO","ROBERTO PAYAN",77.69,"HECTAREA",1.897581156,-78.3811163
2006-04-06,"ARAUCA","ARAUQUITA",66.31,"HECTAREA",6.799338394,-71.29827429
2006-04-06,"META","PUERTO LLERAS",86.59,"HECTAREA",3.193092925,-73.23671436
2006-04-06,"META","SAN JUAN DE ARAMA",56.49,"HECTAREA",3.289851171,-73.81635243
2006-04-06,"NARIÑO","BARBACOAS",161.01,"HECTAREA",1.44563774,-78.15621072
2006-04-06,"NARIÑO","SAN ANDRES DE TUMACO",135.32,"HECTAREA",1.574550638,-78.61540963
2006-04-07,"ARAUCA","ARAUQUITA",46.85,"HECTAREA",6.799338394,-71.29827429
2006-04-07,"ARAUCA","SARAVENA",40.48,"HECTAREA",6.906941714,-71.85070757
2006-04-07,"META","PUERTO CONCORDIA",59.25,"HECTAREA",2.752260112,-72.7210941
2006-04-07,"META","PUERTO LLERAS",152.34,"HECTAREA",3.193092925,-73.23671436
2006-04-07,"NARIÑO","OLAYA HERRERA",448.98,"HECTAREA",2.287856547,-78.31219024
2006-04-07,"NARIÑO","SANTA BARBARA",135.75,"HECTAREA",2.494420411,-77.98256461
2006-04-08,"GUAVIARE","CALAMAR",48.13,"HECTAREA",1.613634284,-73.0342639
2006-04-08,"GUAVIARE","EL RETORNO",262.59,"HECTAREA",2.143447362,-72.24364869
2006-04-08,"GUAVIARE","SAN JOSE DEL GUAVIARE",54.64,"HECTAREA",2.484286091,-71.91916993
2006-04-08,"NARIÑO","BARBACOAS",264.88,"HECTAREA",1.44563774,-78.15621072
2006-04-08,"NARIÑO","CUMBITARA",85.44,"HECTAREA",1.72559011,-77.59281637
2006-04-08,"NARIÑO","EL ROSARIO",74.85,"HECTAREA",1.887689437,-77.48319589
2006-04-08,"NARIÑO","MAGUI",11.79,"HECTAREA",1.906858429,-78.04473644
2006-04-08,"NARIÑO","SAN ANDRES DE TUMACO",75.84,"HECTAREA",1.574550638,-78.61540963
2006-04-09,"ARAUCA","ARAUQUITA",135.2,"HECTAREA",6.799338394,-71.29827429
2006-04-09,"NARIÑO","BARBACOAS",101.51,"HECTAREA",1.44563774,-78.15621072
2006-04-09,"NARIÑO","CUMBITARA",129.41,"HECTAREA",1.72559011,-77.59281637
2006-04-09,"NARIÑO","EL ROSARIO",35.54,"HECTAREA",1.887689437,-77.48319589
2006-04-09,"NARIÑO","LOS ANDES",56.72,"HECTAREA",1.672601269,-77.71054449
2006-04-10,"ARAUCA","ARAUQUITA",145.78,"HECTAREA",6.799338394,-71.29827429
2006-04-10,"META","MAPIRIPAN",227.95,"HECTAREA",3.117523361,-71.93805692
2006-04-10,"META","PUERTO CONCORDIA",240.01,"HECTAREA",2.752260112,-72.7210941
2006-04-10,"NARIÑO","BARBACOAS",229.18,"HECTAREA",1.44563774,-78.15621072
2006-04-10,"NARIÑO","SAN ANDRES DE TUMACO",302.13,"HECTAREA",1.574550638,-78.61540963
2006-04-11,"ARAUCA","FORTUL",116.29,"HECTAREA",6.750907234,-71.79124241
2006-04-11,"ARAUCA","SARAVENA",34.03,"HECTAREA",6.906941714,-71.85070757
2006-04-11,"GUAVIARE","CALAMAR",83.34,"HECTAREA",1.613634284,-73.0342639
2006-04-11,"GUAVIARE","EL RETORNO",42.21,"HECTAREA",2.143447362,-72.24364869
2006-04-11,"GUAVIARE","SAN JOSE DEL GUAVIARE",40.97,"HECTAREA",2.484286091,-71.91916993
2006-04-11,"META","MAPIRIPAN",257.4,"HECTAREA",3.117523361,-71.93805692
2006-04-11,"META","PUERTO LLERAS",27.04,"HECTAREA",3.193092925,-73.23671436
2006-04-11,"NARIÑO","MOSQUERA",87.77,"HECTAREA",2.442493698,-78.438827
2006-04-11,"NARIÑO","OLAYA HERRERA",82.61,"HECTAREA",2.287856547,-78.31219024
2006-04-11,"NARIÑO","ROBERTO PAYAN",22,"HECTAREA",1.897581156,-78.3811163
2006-04-12,"META","MAPIRIPAN",160.54,"HECTAREA",3.117523361,-71.93805692
2006-04-12,"META","PUERTO CONCORDIA",155.23,"HECTAREA",2.752260112,-72.7210941
2006-04-12,"NARIÑO","BARBACOAS",13.64,"HECTAREA",1.44563774,-78.15621072
2006-04-12,"NARIÑO","SAN ANDRES DE TUMACO",24.23,"HECTAREA",1.574550638,-78.61540963
2006-04-13,"ARAUCA","FORTUL",71.79,"HECTAREA",6.750907234,-71.79124241
2006-04-13,"ARAUCA","SARAVENA",39.39,"HECTAREA",6.906941714,-71.85070757
2006-04-13,"NARIÑO","ARBOLEDA",182.9,"HECTAREA",1.480051172,-77.12985001
2006-04-13,"NARIÑO","ROBERTO PAYAN",334.81,"HECTAREA",1.897581156,-78.3811163
2006-04-13,"NARIÑO","SAN ANDRES DE TUMACO",516.1,"HECTAREA",1.574550638,-78.61540963
2006-04-14,"ARAUCA","ARAUQUITA",35.69,"HECTAREA",6.799338394,-71.29827429
2006-04-14,"GUAVIARE","EL RETORNO",35.31,"HECTAREA",2.143447362,-72.24364869
2006-04-14,"GUAVIARE","SAN JOSE DEL GUAVIARE",104.52,"HECTAREA",2.484286091,-71.91916993
2006-04-14,"META","PUERTO LLERAS",111.72,"HECTAREA",3.193092925,-73.23671436
2006-04-14,"NARIÑO","BARBACOAS",641.38,"HECTAREA",1.44563774,-78.15621072
2006-04-14,"NARIÑO","CUMBITARA",134.56,"HECTAREA",1.72559011,-77.59281637
2006-04-15,"ARAUCA","ARAUQUITA",1.18,"HECTAREA",6.799338394,-71.29827429
2006-04-15,"NARIÑO","EL CHARCO",351.38,"HECTAREA",2.216382295,-77.99533234
2006-04-15,"NARIÑO","LA TOLA",155.77,"HECTAREA",2.56027333,-78.23506694
2006-04-15,"NARIÑO","MOSQUERA",239.55,"HECTAREA",2.442493698,-78.438827
2006-04-15,"NARIÑO","OLAYA HERRERA",520.8,"HECTAREA",2.287856547,-78.31219024
2006-04-16,"META","MAPIRIPAN",157.58,"HECTAREA",3.117523361,-71.93805692
2006-04-16,"META","VISTAHERMOSA",212.36,"HECTAREA",2.811616698,-73.66652234
2006-04-17,"ARAUCA","ARAUQUITA",20.31,"HECTAREA",6.799338394,-71.29827429
2006-04-18,"NARIÑO","BARBACOAS",163.6,"HECTAREA",1.44563774,-78.15621072
2006-04-18,"NARIÑO","MOSQUERA",504.61,"HECTAREA",2.442493698,-78.438827
2006-04-19,"ARAUCA","ARAUQUITA",44.82,"HECTAREA",6.799338394,-71.29827429
2006-04-19,"META","PUERTO LLERAS",81.43,"HECTAREA",3.193092925,-73.23671436
2006-04-19,"META","VISTAHERMOSA",259.95,"HECTAREA",2.811616698,-73.66652234
2006-04-19,"NARIÑO","CUMBITARA",60.83,"HECTAREA",1.72559011,-77.59281637
2006-04-19,"NARIÑO","MAGUI",332.57,"HECTAREA",1.906858429,-78.04473644
2006-04-20,"ARAUCA","ARAUQUITA",24.92,"HECTAREA",6.799338394,-71.29827429
2006-04-20,"META","LA MACARENA",20.89,"HECTAREA",2.161863917,-74.09488076
2006-04-20,"META","PUERTO CONCORDIA",128.27,"HECTAREA",2.752260112,-72.7210941
2006-04-21,"ARAUCA","SARAVENA",39.37,"HECTAREA",6.906941714,-71.85070757
2006-04-21,"GUAVIARE","SAN JOSE DEL GUAVIARE",324.05,"HECTAREA",2.484286091,-71.91916993
2006-04-22,"GUAVIARE","SAN JOSE DEL GUAVIARE",631.44,"HECTAREA",2.484286091,-71.91916993
2006-04-22,"NARIÑO","BARBACOAS",303.16,"HECTAREA",1.44563774,-78.15621072
2006-04-23,"GUAVIARE","SAN JOSE DEL GUAVIARE",64.62,"HECTAREA",2.484286091,-71.91916993
2006-04-23,"NARIÑO","EL CHARCO",166.09,"HECTAREA",2.216382295,-77.99533234
2006-04-23,"NARIÑO","LA TOLA",327.72,"HECTAREA",2.56027333,-78.23506694
2006-04-24,"GUAVIARE","SAN JOSE DEL GUAVIARE",98.82,"HECTAREA",2.484286091,-71.91916993
2006-04-24,"META","PUERTO LLERAS",221.23,"HECTAREA",3.193092925,-73.23671436
2006-04-24,"META","VISTAHERMOSA",176.27,"HECTAREA",2.811616698,-73.66652234
2006-04-25,"GUAVIARE","EL RETORNO",124.9,"HECTAREA",2.143447362,-72.24364869
2006-04-25,"GUAVIARE","SAN JOSE DEL GUAVIARE",209.52,"HECTAREA",2.484286091,-71.91916993
2006-04-25,"META","PUERTO LLERAS",89.78,"HECTAREA",3.193092925,-73.23671436
2006-04-25,"META","VISTAHERMOSA",178.17,"HECTAREA",2.811616698,-73.66652234
2006-04-25,"NARIÑO","CUMBITARA",261.78,"HECTAREA",1.72559011,-77.59281637
2006-04-25,"NARIÑO","EL ROSARIO",265.84,"HECTAREA",1.887689437,-77.48319589
2006-04-25,"NARIÑO","MAGUI",216.83,"HECTAREA",1.906858429,-78.04473644
2006-04-25,"NARIÑO","SAN ANDRES DE TUMACO",384.69,"HECTAREA",1.574550638,-78.61540963
2006-04-25,"NARIÑO","YACUANQUER",85.62,"HECTAREA",1.125547916,-77.42467569
2006-04-26,"NARIÑO","BARBACOAS",69.66,"HECTAREA",1.44563774,-78.15621072
2006-04-26,"NARIÑO","CUMBITARA",127.5,"HECTAREA",1.72559011,-77.59281637
2006-04-26,"NARIÑO","EL ROSARIO",52.65,"HECTAREA",1.887689437,-77.48319589
2006-04-27,"GUAVIARE","SAN JOSE DEL GUAVIARE",128.54,"HECTAREA",2.484286091,-71.91916993
2006-04-29,"GUAVIARE","CALAMAR",121.58,"HECTAREA",1.613634284,-73.0342639
2006-04-29,"GUAVIARE","EL RETORNO",177.14,"HECTAREA",2.143447362,-72.24364869
2006-04-29,"NARIÑO","FRANCISCO PIZARRO",35.23,"HECTAREA",2.088531925,-78.59193099
2006-04-29,"NARIÑO","MOSQUERA",145.53,"HECTAREA",2.442493698,-78.438827
2006-04-29,"NARIÑO","OLAYA HERRERA",102.41,"HECTAREA",2.287856547,-78.31219024
2006-04-30,"NARIÑO","EL CHARCO",62.69,"HECTAREA",2.216382295,-77.99533234
2006-04-30,"NARIÑO","LA TOLA",67.36,"HECTAREA",2.56027333,-78.23506694
2006-04-30,"NARIÑO","OLAYA HERRERA",204.82,"HECTAREA",2.287856547,-78.31219024
2006-04-30,"NARIÑO","ROBERTO PAYAN",209.06,"HECTAREA",1.897581156,-78.3811163
2006-04-30,"NARIÑO","SAN ANDRES DE TUMACO",61.21,"HECTAREA",1.574550638,-78.61540963
2006-04-30,"NORTE DE SANTANDER","SARDINATA",133.9,"HECTAREA",8.215080767,-72.79580961
2006-05-01,"GUAVIARE","SAN JOSE DEL GUAVIARE",63.11,"HECTAREA",2.484286091,-71.91916993
2006-05-01,"META","PUERTO CONCORDIA",191.65,"HECTAREA",2.752260112,-72.7210941
2006-05-01,"NARIÑO","EL CHARCO",152.34,"HECTAREA",2.216382295,-77.99533234
2006-05-01,"NARIÑO","FRANCISCO PIZARRO",261.58,"HECTAREA",2.088531925,-78.59193099
2006-05-01,"NARIÑO","SAN ANDRES DE TUMACO",42.36,"HECTAREA",1.574550638,-78.61540963
2006-05-01,"NORTE DE SANTANDER","SARDINATA",75.25,"HECTAREA",8.215080767,-72.79580961
2006-05-02,"META","PUERTO LLERAS",185.41,"HECTAREA",3.193092925,-73.23671436
2006-05-02,"META","PUERTO RICO",139.08,"HECTAREA",2.758083657,-73.13780171
2006-05-03,"META","VISTAHERMOSA",62.68,"HECTAREA",2.811616698,-73.66652234
2006-05-03,"NARIÑO","SAN ANDRES DE TUMACO",114.22,"HECTAREA",1.574550638,-78.61540963
2006-05-04,"META","PUERTO RICO",7.88,"HECTAREA",2.758083657,-73.13780171
2006-05-05,"META","PUERTO LLERAS",340.06,"HECTAREA",3.193092925,-73.23671436
2006-05-05,"META","PUERTO RICO",41.49,"HECTAREA",2.758083657,-73.13780171
2006-05-05,"META","VISTAHERMOSA",119.74,"HECTAREA",2.811616698,-73.66652234
2006-05-05,"NORTE DE SANTANDER","SARDINATA",29.41,"HECTAREA",8.215080767,-72.79580961
2006-05-05,"NORTE DE SANTANDER","TIBU",265.74,"HECTAREA",8.713507237,-72.79925855
2006-05-06,"META","PUERTO LLERAS",209.65,"HECTAREA",3.193092925,-73.23671436
2006-05-06,"META","PUERTO RICO",58.75,"HECTAREA",2.758083657,-73.13780171
2006-05-06,"META","VISTAHERMOSA",132.57,"HECTAREA",2.811616698,-73.66652234
2006-05-06,"NARIÑO","SAN ANDRES DE TUMACO",52.48,"HECTAREA",1.574550638,-78.61540963
2006-05-07,"NARIÑO","FRANCISCO PIZARRO",130.68,"HECTAREA",2.088531925,-78.59193099
2006-05-07,"NARIÑO","MAGUI",197.92,"HECTAREA",1.906858429,-78.04473644
2006-05-07,"NARIÑO","ROBERTO PAYAN",15.6,"HECTAREA",1.897581156,-78.3811163
2006-05-07,"NORTE DE SANTANDER","TIBU",150.36,"HECTAREA",8.713507237,-72.79925855
2006-05-08,"NARIÑO","SAN ANDRES DE TUMACO",58.67,"HECTAREA",1.574550638,-78.61540963
2006-05-08,"NORTE DE SANTANDER","TIBU",149.83,"HECTAREA",8.713507237,-72.79925855
2006-05-09,"NORTE DE SANTANDER","TIBU",70.76,"HECTAREA",8.713507237,-72.79925855
2006-05-11,"GUAVIARE","EL RETORNO",40.47,"HECTAREA",2.143447362,-72.24364869
2006-05-11,"GUAVIARE","SAN JOSE DEL GUAVIARE",78.45,"HECTAREA",2.484286091,-71.91916993
2006-05-11,"META","PUERTO LLERAS",39.8,"HECTAREA",3.193092925,-73.23671436
2006-05-11,"META","PUERTO RICO",121.98,"HECTAREA",2.758083657,-73.13780171
2006-05-11,"META","VISTAHERMOSA",31.89,"HECTAREA",2.811616698,-73.66652234
2006-05-11,"NARIÑO","BARBACOAS",133.14,"HECTAREA",1.44563774,-78.15621072
2006-05-11,"NARIÑO","CUMBITARA",97.85,"HECTAREA",1.72559011,-77.59281637
2006-05-11,"NARIÑO","POLICARPA",122.26,"HECTAREA",1.735354202,-77.48134359
2006-05-11,"NORTE DE SANTANDER","TIBU",36.2,"HECTAREA",8.713507237,-72.79925855
2006-05-12,"GUAVIARE","SAN JOSE DEL GUAVIARE",165.82,"HECTAREA",2.484286091,-71.91916993
2006-05-12,"META","PUERTO LLERAS",113.34,"HECTAREA",3.193092925,-73.23671436
2006-05-12,"META","PUERTO RICO",6.72,"HECTAREA",2.758083657,-73.13780171
2006-05-12,"META","VISTAHERMOSA",187.8,"HECTAREA",2.811616698,-73.66652234
2006-05-12,"NORTE DE SANTANDER","TIBU",21.63,"HECTAREA",8.713507237,-72.79925855
2006-05-13,"META","PUERTO LLERAS",148.81,"HECTAREA",3.193092925,-73.23671436
2006-05-13,"META","VISTAHERMOSA",117.8,"HECTAREA",2.811616698,-73.66652234
2006-05-14,"GUAVIARE","EL RETORNO",6.68,"HECTAREA",2.143447362,-72.24364869
2006-05-14,"GUAVIARE","SAN JOSE DEL GUAVIARE",5.09,"HECTAREA",2.484286091,-71.91916993
2006-05-14,"META","PUERTO RICO",34.23,"HECTAREA",2.758083657,-73.13780171
2006-05-14,"META","VISTAHERMOSA",187.84,"HECTAREA",2.811616698,-73.66652234
2006-05-14,"NARIÑO","CUMBITARA",215.05,"HECTAREA",1.72559011,-77.59281637
2006-05-14,"NARIÑO","EL ROSARIO",122.61,"HECTAREA",1.887689437,-77.48319589
2006-05-15,"META","PUERTO LLERAS",80.86,"HECTAREA",3.193092925,-73.23671436
2006-05-15,"META","PUERTO RICO",166.71,"HECTAREA",2.758083657,-73.13780171
2006-05-15,"NARIÑO","CUMBITARA",225.78,"HECTAREA",1.72559011,-77.59281637
2006-05-15,"NARIÑO","PASTO",67.95,"HECTAREA",1.083605497,-77.20610074
2006-05-15,"NARIÑO","POLICARPA",64.56,"HECTAREA",1.735354202,-77.48134359
2006-05-15,"NORTE DE SANTANDER","ABREGO",37.15,"HECTAREA",8.019834481,-73.15850485
2006-05-16,"GUAVIARE","CALAMAR",109.62,"HECTAREA",1.613634284,-73.0342639
2006-05-16,"GUAVIARE","EL RETORNO",74.33,"HECTAREA",2.143447362,-72.24364869
2006-05-16,"GUAVIARE","SAN JOSE DEL GUAVIARE",121.75,"HECTAREA",2.484286091,-71.91916993
2006-05-16,"META","VISTAHERMOSA",264.29,"HECTAREA",2.811616698,-73.66652234
2006-05-16,"NORTE DE SANTANDER","ABREGO",37.4,"HECTAREA",8.019834481,-73.15850485
2006-05-17,"GUAVIARE","EL RETORNO",150.41,"HECTAREA",2.143447362,-72.24364869
2006-05-17,"GUAVIARE","SAN JOSE DEL GUAVIARE",50.09,"HECTAREA",2.484286091,-71.91916993
2006-05-17,"NARIÑO","BARBACOAS",11.77,"HECTAREA",1.44563774,-78.15621072
2006-05-18,"GUAVIARE","EL RETORNO",120.06,"HECTAREA",2.143447362,-72.24364869
2006-05-18,"GUAVIARE","SAN JOSE DEL GUAVIARE",165.4,"HECTAREA",2.484286091,-71.91916993
2006-05-18,"META","PUERTO CONCORDIA",23.32,"HECTAREA",2.752260112,-72.7210941
2006-05-18,"NORTE DE SANTANDER","TIBU",31.68,"HECTAREA",8.713507237,-72.79925855
2006-05-19,"META","PUERTO CONCORDIA",20.75,"HECTAREA",2.752260112,-72.7210941
2006-05-19,"NORTE DE SANTANDER","ABREGO",33.88,"HECTAREA",8.019834481,-73.15850485
2006-05-19,"NORTE DE SANTANDER","TIBU",32.27,"HECTAREA",8.713507237,-72.79925855
2006-05-20,"CAUCA","TIMBIQUI",274.39,"HECTAREA",2.699475127,-77.49131577
2006-05-20,"GUAVIARE","SAN JOSE DEL GUAVIARE",94.41,"HECTAREA",2.484286091,-71.91916993
2006-05-20,"META","PUERTO RICO",108.93,"HECTAREA",2.758083657,-73.13780171
2006-05-21,"NARIÑO","BARBACOAS",162.04,"HECTAREA",1.44563774,-78.15621072
2006-05-21,"NARIÑO","CUMBITARA",414.93,"HECTAREA",1.72559011,-77.59281637
2006-05-21,"NARIÑO","POLICARPA",65.26,"HECTAREA",1.735354202,-77.48134359
2006-05-22,"META","VISTAHERMOSA",46.66,"HECTAREA",2.811616698,-73.66652234
2006-05-22,"NORTE DE SANTANDER","ABREGO",34.04,"HECTAREA",8.019834481,-73.15850485
2006-05-22,"NORTE DE SANTANDER","SAN CALIXTO",34.86,"HECTAREA",8.414441404,-73.2176038
2006-05-23,"NARIÑO","CUMBITARA",167.02,"HECTAREA",1.72559011,-77.59281637
2006-05-23,"NARIÑO","EL ROSARIO",203.1,"HECTAREA",1.887689437,-77.48319589
2006-05-23,"NARIÑO","PASTO",64,"HECTAREA",1.083605497,-77.20610074
2006-05-23,"NARIÑO","SAN ANDRES DE TUMACO",297.38,"HECTAREA",1.574550638,-78.61540963
2006-05-25,"GUAVIARE","SAN JOSE DEL GUAVIARE",7.61,"HECTAREA",2.484286091,-71.91916993
2006-05-25,"NARIÑO","LOS ANDES",157.81,"HECTAREA",1.672601269,-77.71054449
2006-05-25,"NARIÑO","SAN ANDRES DE TUMACO",120.79,"HECTAREA",1.574550638,-78.61540963
2006-05-26,"NARIÑO","SAN ANDRES DE TUMACO",616.8,"HECTAREA",1.574550638,-78.61540963
2006-05-27,"META","PUERTO LLERAS",24.65,"HECTAREA",3.193092925,-73.23671436
2006-05-27,"META","PUERTO RICO",27.38,"HECTAREA",2.758083657,-73.13780171
2006-05-27,"NARIÑO","BARBACOAS",208.97,"HECTAREA",1.44563774,-78.15621072
2006-05-27,"NARIÑO","SAN ANDRES DE TUMACO",328.68,"HECTAREA",1.574550638,-78.61540963
2006-05-27,"NORTE DE SANTANDER","SAN CALIXTO",24.32,"HECTAREA",8.414441404,-73.2176038
2006-05-27,"NORTE DE SANTANDER","SARDINATA",76.39,"HECTAREA",8.215080767,-72.79580961
2006-05-28,"META","PUERTO CONCORDIA",17.45,"HECTAREA",2.752260112,-72.7210941
2006-05-29,"CAUCA","GUAPI",62.67,"HECTAREA",2.41326696,-77.69047531
2006-05-29,"GUAVIARE","EL RETORNO",19.55,"HECTAREA",2.143447362,-72.24364869
2006-05-29,"GUAVIARE","SAN JOSE DEL GUAVIARE",11.75,"HECTAREA",2.484286091,-71.91916993
2006-05-29,"META","PUERTO RICO",84.67,"HECTAREA",2.758083657,-73.13780171
2006-05-29,"META","VISTAHERMOSA",94.68,"HECTAREA",2.811616698,-73.66652234
2006-05-29,"NARIÑO","FRANCISCO PIZARRO",16.05,"HECTAREA",2.088531925,-78.59193099
2006-05-29,"NARIÑO","OLAYA HERRERA",36.42,"HECTAREA",2.287856547,-78.31219024
2006-05-29,"NARIÑO","ROBERTO PAYAN",78.7,"HECTAREA",1.897581156,-78.3811163
2006-05-29,"NARIÑO","SAN ANDRES DE TUMACO",9.94,"HECTAREA",1.574550638,-78.61540963
2006-05-29,"NORTE DE SANTANDER","TIBU",39.95,"HECTAREA",8.713507237,-72.79925855
2006-05-30,"GUAVIARE","EL RETORNO",157.78,"HECTAREA",2.143447362,-72.24364869
2006-05-30,"META","PUERTO LLERAS",114.24,"HECTAREA",3.193092925,-73.23671436
2006-05-30,"META","PUERTO RICO",40.06,"HECTAREA",2.758083657,-73.13780171
2006-05-30,"META","VISTAHERMOSA",76.88,"HECTAREA",2.811616698,-73.66652234
2006-05-30,"NORTE DE SANTANDER","SARDINATA",73.4,"HECTAREA",8.215080767,-72.79580961
2006-05-30,"NORTE DE SANTANDER","TIBU",52.86,"HECTAREA",8.713507237,-72.79925855
2006-05-31,"GUAVIARE","CALAMAR",100.91,"HECTAREA",1.613634284,-73.0342639
2006-05-31,"NORTE DE SANTANDER","SARDINATA",17.62,"HECTAREA",8.215080767,-72.79580961
2006-05-31,"NORTE DE SANTANDER","TIBU",19.39,"HECTAREA",8.713507237,-72.79925855
2006-06-01,"NORTE DE SANTANDER","TIBU",41.66,"HECTAREA",8.713507237,-72.79925855
2006-06-02,"NORTE DE SANTANDER","ABREGO",26.38,"HECTAREA",8.019834481,-73.15850485
2006-06-03,"GUAVIARE","EL RETORNO",114.69,"HECTAREA",2.143447362,-72.24364869
2006-06-03,"META","PUERTO RICO",58.01,"HECTAREA",2.758083657,-73.13780171
2006-06-03,"META","VISTAHERMOSA",174.99,"HECTAREA",2.811616698,-73.66652234
2006-06-03,"NORTE DE SANTANDER","ABREGO",36.87,"HECTAREA",8.019834481,-73.15850485
2006-06-03,"NORTE DE SANTANDER","SAN CALIXTO",36.49,"HECTAREA",8.414441404,-73.2176038
2006-06-05,"NORTE DE SANTANDER","ABREGO",67.05,"HECTAREA",8.019834481,-73.15850485
2006-06-06,"GUAVIARE","EL RETORNO",83.86,"HECTAREA",2.143447362,-72.24364869
2006-06-06,"GUAVIARE","SAN JOSE DEL GUAVIARE",75.52,"HECTAREA",2.484286091,-71.91916993
2006-06-06,"META","PUERTO CONCORDIA",194.62,"HECTAREA",2.752260112,-72.7210941
2006-06-06,"META","VISTAHERMOSA",25.47,"HECTAREA",2.811616698,-73.66652234
2006-06-07,"GUAVIARE","SAN JOSE DEL GUAVIARE",266.29,"HECTAREA",2.484286091,-71.91916993
2006-06-08,"CAUCA","GUAPI",79.21,"HECTAREA",2.41326696,-77.69047531
2006-06-08,"CAUCA","TIMBIQUI",159.77,"HECTAREA",2.699475127,-77.49131577
2006-06-08,"NARIÑO","SANTA BARBARA",352.62,"HECTAREA",2.494420411,-77.98256461
2006-06-09,"ANTIOQUIA","SONSON",35.66,"HECTAREA",5.826388779,-74.83637623
2006-06-09,"CALDAS","NORCASIA",36.17,"HECTAREA",5.638062349,-74.85492707
2006-06-09,"GUAVIARE","SAN JOSE DEL GUAVIARE",76.19,"HECTAREA",2.484286091,-71.91916993
2006-06-09,"META","PUERTO LLERAS",153.48,"HECTAREA",3.193092925,-73.23671436
2006-06-09,"NARIÑO","SANTA BARBARA",222.32,"HECTAREA",2.494420411,-77.98256461
2006-06-10,"META","PUERTO RICO",293.64,"HECTAREA",2.758083657,-73.13780171
2006-06-10,"META","VISTAHERMOSA",175.7,"HECTAREA",2.811616698,-73.66652234
2006-06-10,"NARIÑO","BARBACOAS",79.41,"HECTAREA",1.44563774,-78.15621072
2006-06-10,"NARIÑO","PASTO",79.3,"HECTAREA",1.083605497,-77.20610074
2006-06-10,"NARIÑO","POLICARPA",288.1,"HECTAREA",1.735354202,-77.48134359
2006-06-10,"NARIÑO","SAN ANDRES DE TUMACO",127.27,"HECTAREA",1.574550638,-78.61540963
2006-06-11,"CALDAS","NORCASIA",106.02,"HECTAREA",5.638062349,-74.85492707
2006-06-11,"CALDAS","SAMANA",29.25,"HECTAREA",5.519692873,-74.99718577
2006-06-11,"NARIÑO","BARBACOAS",123.66,"HECTAREA",1.44563774,-78.15621072
2006-06-11,"NARIÑO","CUMBITARA",174.13,"HECTAREA",1.72559011,-77.59281637
2006-06-11,"NARIÑO","MAGUI",80.13,"HECTAREA",1.906858429,-78.04473644
2006-06-12,"CALDAS","NORCASIA",36.82,"HECTAREA",5.638062349,-74.85492707
2006-06-12,"CALDAS","SAMANA",35.84,"HECTAREA",5.519692873,-74.99718577
2006-06-12,"GUAVIARE","SAN JOSE DEL GUAVIARE",166.22,"HECTAREA",2.484286091,-71.91916993
2006-06-12,"NARIÑO","BARBACOAS",64.61,"HECTAREA",1.44563774,-78.15621072
2006-06-12,"NARIÑO","SAN ANDRES DE TUMACO",576.81,"HECTAREA",1.574550638,-78.61540963
2006-06-13,"CALDAS","SAMANA",72.25,"HECTAREA",5.519692873,-74.99718577
2006-06-13,"GUAVIARE","SAN JOSE DEL GUAVIARE",53.94,"HECTAREA",2.484286091,-71.91916993
2006-06-14,"GUAVIARE","SAN JOSE DEL GUAVIARE",386.21,"HECTAREA",2.484286091,-71.91916993
2006-06-15,"ANTIOQUIA","SONSON",71.73,"HECTAREA",5.826388779,-74.83637623
2006-06-15,"CALDAS","SAMANA",149.52,"HECTAREA",5.519692873,-74.99718577
2006-06-15,"NARIÑO","CUMBITARA",250.07,"HECTAREA",1.72559011,-77.59281637
2006-06-15,"NARIÑO","EL ROSARIO",385.22,"HECTAREA",1.887689437,-77.48319589
2006-06-15,"NARIÑO","MAGUI",243.11,"HECTAREA",1.906858429,-78.04473644
2006-06-16,"GUAVIARE","CALAMAR",40.64,"HECTAREA",1.613634284,-73.0342639
2006-06-17,"ANTIOQUIA","SONSON",107.84,"HECTAREA",5.826388779,-74.83637623
2006-06-17,"CALDAS","SAMANA",35.6,"HECTAREA",5.519692873,-74.99718577
2006-06-17,"GUAVIARE","SAN JOSE DEL GUAVIARE",122.97,"HECTAREA",2.484286091,-71.91916993
2006-06-17,"NARIÑO","FRANCISCO PIZARRO",83.71,"HECTAREA",2.088531925,-78.59193099
2006-06-17,"NARIÑO","ROBERTO PAYAN",160.39,"HECTAREA",1.897581156,-78.3811163
2006-06-17,"NARIÑO","SAN ANDRES DE TUMACO",241.38,"HECTAREA",1.574550638,-78.61540963
2006-06-18,"META","PUERTO LLERAS",143.4,"HECTAREA",3.193092925,-73.23671436
2006-06-18,"META","PUERTO RICO",149.49,"HECTAREA",2.758083657,-73.13780171
2006-06-18,"NARIÑO","PASTO",338.43,"HECTAREA",1.083605497,-77.20610074
2006-06-18,"NARIÑO","POLICARPA",80,"HECTAREA",1.735354202,-77.48134359
2006-06-19,"ANTIOQUIA","SAN FRANCISCO",109.14,"HECTAREA",5.840093731,-74.98176334
2006-06-19,"CALDAS","SAMANA",181.44,"HECTAREA",5.519692873,-74.99718577
2006-06-19,"META","MAPIRIPAN",46.76,"HECTAREA",3.117523361,-71.93805692
2006-06-19,"META","PUERTO RICO",223.94,"HECTAREA",2.758083657,-73.13780171
2006-06-19,"META","VISTAHERMOSA",81.31,"HECTAREA",2.811616698,-73.66652234
2006-06-19,"NARIÑO","EL CHARCO",66.81,"HECTAREA",2.216382295,-77.99533234
2006-06-19,"NARIÑO","PASTO",230.8,"HECTAREA",1.083605497,-77.20610074
2006-06-20,"ANTIOQUIA","PUERTO NARE",34.83,"HECTAREA",6.126539139,-74.70317722
2006-06-20,"ANTIOQUIA","SAN FRANCISCO",37.67,"HECTAREA",5.840093731,-74.98176334
2006-06-20,"ANTIOQUIA","SAN LUIS",70.47,"HECTAREA",6.024205956,-75.0076674
2006-06-20,"GUAVIARE","SAN JOSE DEL GUAVIARE",332.68,"HECTAREA",2.484286091,-71.91916993
2006-06-20,"META","PUERTO CONCORDIA",19.96,"HECTAREA",2.752260112,-72.7210941
2006-06-21,"GUAVIARE","SAN JOSE DEL GUAVIARE",163.37,"HECTAREA",2.484286091,-71.91916993
2006-06-21,"META","PUERTO RICO",884.07,"HECTAREA",2.758083657,-73.13780171
2006-06-22,"ANTIOQUIA","BETANIA",32.87,"HECTAREA",5.727081285,-75.98689107
2006-06-22,"ANTIOQUIA","NARIÑO",35.13,"HECTAREA",5.581275312,-75.19457019
2006-06-22,"ANTIOQUIA","YONDO",36.17,"HECTAREA",6.925159318,-74.15824041
2006-06-22,"CALDAS","SAMANA",58.11,"HECTAREA",5.519692873,-74.99718577
2006-06-22,"META","PUERTO LLERAS",133.92,"HECTAREA",3.193092925,-73.23671436
2006-06-22,"META","VISTAHERMOSA",90.16,"HECTAREA",2.811616698,-73.66652234
2006-06-23,"ANTIOQUIA","PUERTO NARE",138.33,"HECTAREA",6.126539139,-74.70317722
2006-06-23,"ANTIOQUIA","PUERTO TRIUNFO",3.2,"HECTAREA",5.954830151,-74.6861918
2006-06-23,"GUAVIARE","SAN JOSE DEL GUAVIARE",63.83,"HECTAREA",2.484286091,-71.91916993
2006-06-23,"META","PUERTO LLERAS",152.75,"HECTAREA",3.193092925,-73.23671436
2006-06-23,"META","PUERTO RICO",180.06,"HECTAREA",2.758083657,-73.13780171
2006-06-23,"NARIÑO","OLAYA HERRERA",835.82,"HECTAREA",2.287856547,-78.31219024
2006-06-24,"META","PUERTO RICO",138.23,"HECTAREA",2.758083657,-73.13780171
2006-06-25,"CALDAS","SAMANA",43.2,"HECTAREA",5.519692873,-74.99718577
2006-06-25,"CALDAS","VICTORIA",21.6,"HECTAREA",5.447542859,-74.83622502
2006-06-26,"ANTIOQUIA","PUERTO NARE",82.41,"HECTAREA",6.126539139,-74.70317722
2006-06-26,"CALDAS","PENSILVANIA",23.2,"HECTAREA",5.407187836,-75.16683996
2006-06-26,"CALDAS","SAMANA",60.3,"HECTAREA",5.519692873,-74.99718577
2006-06-26,"GUAVIARE","SAN JOSE DEL GUAVIARE",282.33,"HECTAREA",2.484286091,-71.91916993
2006-06-26,"SANTANDER","LA BELLEZA",22.09,"HECTAREA",5.895724341,-74.04676575
2006-06-26,"SANTANDER","SUCRE",58.29,"HECTAREA",5.983203734,-73.95936235
2006-06-27,"ANTIOQUIA","CIUDAD BOLIVAR",71.25,"HECTAREA",5.840995666,-76.01065253
2006-06-27,"BOYACÁ","PUERTO BOYACA",191.65,"HECTAREA",5.953466654,-74.4528581
2006-06-28,"BOYACÁ","PUERTO BOYACA",27.03,"HECTAREA",5.953466654,-74.4528581
2006-06-28,"GUAVIARE","SAN JOSE DEL GUAVIARE",240.83,"HECTAREA",2.484286091,-71.91916993
2006-06-28,"SANTANDER","BOLIVAR",320.35,"HECTAREA",6.181715586,-73.92065703
2006-06-29,"BOYACÁ","PUERTO BOYACA",89.79,"HECTAREA",5.953466654,-74.4528581
2006-06-29,"META","PUERTO RICO",359.36,"HECTAREA",2.758083657,-73.13780171
2006-06-29,"SANTANDER","BOLIVAR",38.5,"HECTAREA",6.181715586,-73.92065703
2006-06-30,"BOYACÁ","PUERTO BOYACA",101.04,"HECTAREA",5.953466654,-74.4528581
2006-06-30,"META","MAPIRIPAN",18.1,"HECTAREA",3.117523361,-71.93805692
2006-06-30,"META","PUERTO CONCORDIA",19.44,"HECTAREA",2.752260112,-72.7210941
2006-06-30,"META","VISTAHERMOSA",11.01,"HECTAREA",2.811616698,-73.66652234
2006-07-01,"BOYACÁ","PUERTO BOYACA",42.93,"HECTAREA",5.953466654,-74.4528581
2006-07-01,"META","PUERTO LLERAS",101.45,"HECTAREA",3.193092925,-73.23671436
2006-07-01,"META","PUERTO RICO",195.84,"HECTAREA",2.758083657,-73.13780171
2006-07-01,"META","VISTAHERMOSA",106.02,"HECTAREA",2.811616698,-73.66652234
2006-07-01,"SANTANDER","BOLIVAR",108.73,"HECTAREA",6.181715586,-73.92065703
2006-07-02,"META","MAPIRIPAN",34.42,"HECTAREA",3.117523361,-71.93805692
2006-07-02,"SANTANDER","BOLIVAR",201.06,"HECTAREA",6.181715586,-73.92065703
2006-07-03,"SANTANDER","BOLIVAR",120.47,"HECTAREA",6.181715586,-73.92065703
2006-07-04,"SANTANDER","BOLIVAR",61.32,"HECTAREA",6.181715586,-73.92065703
2006-07-05,"SANTANDER","BOLIVAR",12.98,"HECTAREA",6.181715586,-73.92065703
2006-07-05,"SANTANDER","SUCRE",63.8,"HECTAREA",5.983203734,-73.95936235
2006-07-06,"BOYACÁ","OTANCHE",32.74,"HECTAREA",5.753787787,-74.19719423
2006-07-06,"META","MAPIRIPAN",52.39,"HECTAREA",3.117523361,-71.93805692
2006-07-06,"SANTANDER","EL PEÑON",21.03,"HECTAREA",6.123389691,-74.00040397
2006-07-06,"SANTANDER","LA BELLEZA",19.72,"HECTAREA",5.895724341,-74.04676575
2006-07-06,"SANTANDER","SUCRE",41.02,"HECTAREA",5.983203734,-73.95936235
2006-07-07,"GUAVIARE","SAN JOSE DEL GUAVIARE",153.13,"HECTAREA",2.484286091,-71.91916993
2006-07-07,"META","PUERTO LLERAS",77.57,"HECTAREA",3.193092925,-73.23671436
2006-07-07,"META","PUERTO RICO",169.56,"HECTAREA",2.758083657,-73.13780171
2006-07-07,"SANTANDER","EL PEÑON",27.1,"HECTAREA",6.123389691,-74.00040397
2006-07-07,"SANTANDER","SUCRE",65.73,"HECTAREA",5.983203734,-73.95936235
2006-07-08,"META","PUERTO LLERAS",89.48,"HECTAREA",3.193092925,-73.23671436
2006-07-08,"META","PUERTO RICO",697.99,"HECTAREA",2.758083657,-73.13780171
2006-07-08,"SANTANDER","BOLIVAR",20.75,"HECTAREA",6.181715586,-73.92065703
2006-07-08,"SANTANDER","EL PEÑON",76.07,"HECTAREA",6.123389691,-74.00040397
2006-07-09,"CALDAS","VICTORIA",17.48,"HECTAREA",5.447542859,-74.83622502
2006-07-09,"META","MAPIRIPAN",180.4,"HECTAREA",3.117523361,-71.93805692
2006-07-09,"META","PUERTO CONCORDIA",42.68,"HECTAREA",2.752260112,-72.7210941
2006-07-09,"META","PUERTO RICO",168.06,"HECTAREA",2.758083657,-73.13780171
2006-07-09,"NARIÑO","SAN ANDRES DE TUMACO",38.73,"HECTAREA",1.574550638,-78.61540963
2006-07-09,"SANTANDER","SUCRE",45.12,"HECTAREA",5.983203734,-73.95936235
2006-07-10,"GUAVIARE","SAN JOSE DEL GUAVIARE",171.63,"HECTAREA",2.484286091,-71.91916993
2006-07-10,"META","PUERTO LLERAS",43.62,"HECTAREA",3.193092925,-73.23671436
2006-07-10,"META","VISTAHERMOSA",70.7,"HECTAREA",2.811616698,-73.66652234
2006-07-10,"NARIÑO","SAN ANDRES DE TUMACO",609.99,"HECTAREA",1.574550638,-78.61540963
2006-07-10,"SANTANDER","EL PEÑON",25.49,"HECTAREA",6.123389691,-74.00040397
2006-07-11,"META","PUERTO LLERAS",41.65,"HECTAREA",3.193092925,-73.23671436
2006-07-11,"META","PUERTO RICO",120.19,"HECTAREA",2.758083657,-73.13780171
2006-07-11,"META","VISTAHERMOSA",120.67,"HECTAREA",2.811616698,-73.66652234
2006-07-12,"GUAVIARE","EL RETORNO",128.16,"HECTAREA",2.143447362,-72.24364869
2006-07-13,"META","PUERTO RICO",126.41,"HECTAREA",2.758083657,-73.13780171
2006-07-13,"NARIÑO","EL CHARCO",323.35,"HECTAREA",2.216382295,-77.99533234
2006-07-14,"META","PUERTO RICO",385.42,"HECTAREA",2.758083657,-73.13780171
2006-07-14,"NARIÑO","EL CHARCO",79.46,"HECTAREA",2.216382295,-77.99533234
2006-07-14,"NARIÑO","SANTA BARBARA",206.36,"HECTAREA",2.494420411,-77.98256461
2006-07-15,"META","PUERTO RICO",115.19,"HECTAREA",2.758083657,-73.13780171
2006-07-16,"META","PUERTO RICO",89.91,"HECTAREA",2.758083657,-73.13780171
2006-07-17,"GUAVIARE","SAN JOSE DEL GUAVIARE",146.2,"HECTAREA",2.484286091,-71.91916993
2006-07-17,"NARIÑO","BARBACOAS",279.45,"HECTAREA",1.44563774,-78.15621072
2006-07-17,"NARIÑO","CUMBITARA",70.86,"HECTAREA",1.72559011,-77.59281637
2006-07-17,"NARIÑO","EL ROSARIO",21.9,"HECTAREA",1.887689437,-77.48319589
2006-07-17,"NARIÑO","POLICARPA",164.63,"HECTAREA",1.735354202,-77.48134359
2006-07-18,"META","PUERTO RICO",221.35,"HECTAREA",2.758083657,-73.13780171
2006-07-18,"NARIÑO","EL CHARCO",27.89,"HECTAREA",2.216382295,-77.99533234
2006-07-19,"CUNDINAMARCA","YACOPI",22.37,"HECTAREA",5.591910157,-74.36480865
2006-07-19,"GUAVIARE","SAN JOSE DEL GUAVIARE",401.75,"HECTAREA",2.484286091,-71.91916993
2006-07-20,"GUAVIARE","CALAMAR",147.89,"HECTAREA",1.613634284,-73.0342639
2006-07-20,"META","PUERTO CONCORDIA",120.66,"HECTAREA",2.752260112,-72.7210941
2006-07-20,"SANTANDER","BOLIVAR",195.94,"HECTAREA",6.181715586,-73.92065703
2006-07-21,"GUAVIARE","EL RETORNO",151.16,"HECTAREA",2.143447362,-72.24364869
2006-07-21,"META","PUERTO LLERAS",135.7,"HECTAREA",3.193092925,-73.23671436
2006-07-21,"META","PUERTO RICO",184.85,"HECTAREA",2.758083657,-73.13780171
2006-07-21,"NARIÑO","SAN ANDRES DE TUMACO",388.82,"HECTAREA",1.574550638,-78.61540963
2006-07-21,"SANTANDER","BOLIVAR",177.97,"HECTAREA",6.181715586,-73.92065703
2006-07-22,"GUAVIARE","SAN JOSE DEL GUAVIARE",129.1,"HECTAREA",2.484286091,-71.91916993
2006-07-22,"SANTANDER","BOLIVAR",87.94,"HECTAREA",6.181715586,-73.92065703
2006-07-23,"GUAVIARE","SAN JOSE DEL GUAVIARE",119.91,"HECTAREA",2.484286091,-71.91916993
2006-07-23,"NARIÑO","LEIVA",152.67,"HECTAREA",1.900862361,-77.31220073
2006-07-23,"NARIÑO","PASTO",261.35,"HECTAREA",1.083605497,-77.20610074
2006-07-23,"NARIÑO","ROBERTO PAYAN",145.98,"HECTAREA",1.897581156,-78.3811163
2006-07-23,"SANTANDER","BOLIVAR",41.6,"HECTAREA",6.181715586,-73.92065703
2006-07-23,"SANTANDER","CIMITARRA",24.38,"HECTAREA",6.40972961,-74.17030427
2006-07-23,"SANTANDER","EL PEÑON",50.12,"HECTAREA",6.123389691,-74.00040397
2006-07-23,"SANTANDER","SUCRE",46.62,"HECTAREA",5.983203734,-73.95936235
2006-07-24,"SANTANDER","BOLIVAR",108.69,"HECTAREA",6.181715586,-73.92065703
2006-07-24,"SANTANDER","LANDAZURI",25.8,"HECTAREA",6.385234814,-73.78760899
2006-07-24,"SANTANDER","SUCRE",21.51,"HECTAREA",5.983203734,-73.95936235
2006-07-25,"ANTIOQUIA","BETANIA",73.09,"HECTAREA",5.727081285,-75.98689107
2006-07-25,"ANTIOQUIA","PUERTO NARE",109.49,"HECTAREA",6.126539139,-74.70317722
2006-07-25,"GUAVIARE","SAN JOSE DEL GUAVIARE",154.05,"HECTAREA",2.484286091,-71.91916993
2006-07-26,"META","PUERTO LLERAS",128.94,"HECTAREA",3.193092925,-73.23671436
2006-07-26,"NARIÑO","OLAYA HERRERA",664.18,"HECTAREA",2.287856547,-78.31219024
2006-07-27,"ANTIOQUIA","SAN FRANCISCO",42.14,"HECTAREA",5.840093731,-74.98176334
2006-07-27,"ANTIOQUIA","SAN LUIS",20.26,"HECTAREA",6.024205956,-75.0076674
2006-07-27,"ANTIOQUIA","SONSON",24.93,"HECTAREA",5.826388779,-74.83637623
2006-07-27,"GUAVIARE","EL RETORNO",201.75,"HECTAREA",2.143447362,-72.24364869
2006-07-27,"GUAVIARE","SAN JOSE DEL GUAVIARE",101.89,"HECTAREA",2.484286091,-71.91916993
2006-07-27,"NARIÑO","BARBACOAS",49.31,"HECTAREA",1.44563774,-78.15621072
2006-07-27,"NARIÑO","EL CHARCO",332.58,"HECTAREA",2.216382295,-77.99533234
2006-07-27,"NARIÑO","MAGUI",158.61,"HECTAREA",1.906858429,-78.04473644
2006-07-29,"ANTIOQUIA","SAN LUIS",145.9,"HECTAREA",6.024205956,-75.0076674
2006-07-29,"GUAVIARE","SAN JOSE DEL GUAVIARE",13.18,"HECTAREA",2.484286091,-71.91916993
2006-07-29,"META","PUERTO RICO",47.68,"HECTAREA",2.758083657,-73.13780171
2006-07-30,"ANTIOQUIA","SAN LUIS",63.46,"HECTAREA",6.024205956,-75.0076674
2006-07-30,"GUAVIARE","CALAMAR",67.73,"HECTAREA",1.613634284,-73.0342639
2006-07-30,"GUAVIARE","EL RETORNO",31.64,"HECTAREA",2.143447362,-72.24364869
2006-07-30,"META","PUERTO RICO",148.33,"HECTAREA",2.758083657,-73.13780171
2006-07-31,"GUAVIARE","CALAMAR",79.97,"HECTAREA",1.613634284,-73.0342639
2006-07-31,"GUAVIARE","EL RETORNO",34.78,"HECTAREA",2.143447362,-72.24364869
2006-07-31,"GUAVIARE","MIRAFLORES",68.05,"HECTAREA",1.363974932,-72.01810951
2006-07-31,"META","PUERTO LLERAS",121.89,"HECTAREA",3.193092925,-73.23671436
2006-08-01,"ANTIOQUIA","CACERES",143.54,"HECTAREA",7.665155105,-75.22369744
2006-08-01,"ANTIOQUIA","TARAZA",903.61,"HECTAREA",7.488875998,-75.40189438
2006-08-01,"ANTIOQUIA","VALDIVIA",37.8,"HECTAREA",7.265404213,-75.40094502
2006-08-01,"CALDAS","SAMANA",47.24,"HECTAREA",5.519692873,-74.99718577
2006-08-01,"GUAVIARE","EL RETORNO",66.43,"HECTAREA",2.143447362,-72.24364869
2006-08-01,"GUAVIARE","SAN JOSE DEL GUAVIARE",15.15,"HECTAREA",2.484286091,-71.91916993
2006-08-01,"META","PUERTO CONCORDIA",5.13,"HECTAREA",2.752260112,-72.7210941
2006-08-01,"META","PUERTO RICO",6.82,"HECTAREA",2.758083657,-73.13780171
2006-08-02,"ANTIOQUIA","NARIÑO",20.54,"HECTAREA",5.581275312,-75.19457019
2006-08-02,"ANTIOQUIA","SAN FRANCISCO",41.68,"HECTAREA",5.840093731,-74.98176334
2006-08-02,"ANTIOQUIA","TARAZA",24.12,"HECTAREA",7.488875998,-75.40189438
2006-08-02,"CÓRDOBA","MONTELIBANO",268.55,"HECTAREA",7.866432635,-75.87533926
2006-08-02,"CÓRDOBA","PUERTO LIBERTADOR",63.1,"HECTAREA",7.711515736,-75.77123224
2006-08-02,"GUAVIARE","CALAMAR",12.79,"HECTAREA",1.613634284,-73.0342639
2006-08-02,"GUAVIARE","EL RETORNO",22.96,"HECTAREA",2.143447362,-72.24364869
2006-08-03,"ANTIOQUIA","TARAZA",411.29,"HECTAREA",7.488875998,-75.40189438
2006-08-03,"CALDAS","SAMANA",47.37,"HECTAREA",5.519692873,-74.99718577
2006-08-03,"CÓRDOBA","PUERTO LIBERTADOR",435.62,"HECTAREA",7.711515736,-75.77123224
2006-08-03,"GUAVIARE","EL RETORNO",36.52,"HECTAREA",2.143447362,-72.24364869
2006-08-03,"GUAVIARE","SAN JOSE DEL GUAVIARE",27.8,"HECTAREA",2.484286091,-71.91916993
2006-08-04,"ANTIOQUIA","TARAZA",848.66,"HECTAREA",7.488875998,-75.40189438
2006-08-04,"BOYACÁ","PAUNA",51.72,"HECTAREA",5.688801559,-74.00504122
2006-08-04,"CÓRDOBA","PUERTO LIBERTADOR",214.49,"HECTAREA",7.711515736,-75.77123224
2006-08-04,"META","LA MACARENA",93.7,"HECTAREA",2.161863917,-74.09488076
2006-08-05,"ANTIOQUIA","TARAZA",469.78,"HECTAREA",7.488875998,-75.40189438
2006-08-05,"BOYACÁ","OTANCHE",58.51,"HECTAREA",5.753787787,-74.19719423
2006-08-05,"CALDAS","SAMANA",67.04,"HECTAREA",5.519692873,-74.99718577
2006-08-05,"CÓRDOBA","PUERTO LIBERTADOR",130.48,"HECTAREA",7.711515736,-75.77123224
2006-08-05,"META","PUERTO RICO",86.41,"HECTAREA",2.758083657,-73.13780171
2006-08-05,"META","VISTAHERMOSA",261.11,"HECTAREA",2.811616698,-73.66652234
2006-08-05,"SANTANDER","BOLIVAR",41.35,"HECTAREA",6.181715586,-73.92065703
2006-08-06,"ANTIOQUIA","TARAZA",883.32,"HECTAREA",7.488875998,-75.40189438
2006-08-06,"BOYACÁ","MARIPI",24.37,"HECTAREA",5.569810633,-74.02003127
2006-08-06,"BOYACÁ","OTANCHE",18.45,"HECTAREA",5.753787787,-74.19719423
2006-08-06,"CUNDINAMARCA","YACOPI",18.53,"HECTAREA",5.591910157,-74.36480865
2006-08-06,"META","LA MACARENA",281.77,"HECTAREA",2.161863917,-74.09488076
2006-08-06,"META","PUERTO RICO",91.52,"HECTAREA",2.758083657,-73.13780171
2006-08-06,"META","VISTAHERMOSA",445.1,"HECTAREA",2.811616698,-73.66652234
2006-08-07,"ANTIOQUIA","CACERES",270.13,"HECTAREA",7.665155105,-75.22369744
2006-08-07,"ANTIOQUIA","TARAZA",446.5,"HECTAREA",7.488875998,-75.40189438
2006-08-07,"ANTIOQUIA","VALDIVIA",66.69,"HECTAREA",7.265404213,-75.40094502
2006-08-07,"META","LA MACARENA",171.68,"HECTAREA",2.161863917,-74.09488076
2006-08-07,"META","VISTAHERMOSA",25.5,"HECTAREA",2.811616698,-73.66652234
2006-08-07,"SANTANDER","BOLIVAR",26.57,"HECTAREA",6.181715586,-73.92065703
2006-08-07,"SANTANDER","LA BELLEZA",69.02,"HECTAREA",5.895724341,-74.04676575
2006-08-08,"ANTIOQUIA","TARAZA",797.45,"HECTAREA",7.488875998,-75.40189438
2006-08-08,"ANTIOQUIA","VALDIVIA",72.53,"HECTAREA",7.265404213,-75.40094502
2006-08-08,"CÓRDOBA","PUERTO LIBERTADOR",84.71,"HECTAREA",7.711515736,-75.77123224
2006-08-08,"META","VISTAHERMOSA",302.69,"HECTAREA",2.811616698,-73.66652234
2006-08-09,"ANTIOQUIA","TARAZA",516.12,"HECTAREA",7.488875998,-75.40189438
2006-08-09,"CÓRDOBA","PUERTO LIBERTADOR",69.31,"HECTAREA",7.711515736,-75.77123224
2006-08-09,"META","PUERTO RICO",71.69,"HECTAREA",2.758083657,-73.13780171
2006-08-09,"META","VISTAHERMOSA",97.25,"HECTAREA",2.811616698,-73.66652234
2006-08-10,"ANTIOQUIA","TARAZA",272.46,"HECTAREA",7.488875998,-75.40189438
2006-08-10,"META","VISTAHERMOSA",122.69,"HECTAREA",2.811616698,-73.66652234
2006-08-11,"PUTUMAYO","ORITO",107.63,"HECTAREA",0.673756323,-76.94313923
2006-08-12,"ANTIOQUIA","TARAZA",560.29,"HECTAREA",7.488875998,-75.40189438
2006-08-12,"ANTIOQUIA","VALDIVIA",240.5,"HECTAREA",7.265404213,-75.40094502
2006-08-12,"META","PUERTO RICO",86.05,"HECTAREA",2.758083657,-73.13780171
2006-08-12,"META","VISTAHERMOSA",53.56,"HECTAREA",2.811616698,-73.66652234
2006-08-12,"PUTUMAYO","ORITO",423.07,"HECTAREA",0.673756323,-76.94313923
2006-08-13,"ANTIOQUIA","ANORI",63.88,"HECTAREA",7.193110778,-75.10848954
2006-08-13,"ANTIOQUIA","CACERES",142.79,"HECTAREA",7.665155105,-75.22369744
2006-08-13,"ANTIOQUIA","TARAZA",354.45,"HECTAREA",7.488875998,-75.40189438
2006-08-13,"ANTIOQUIA","ZARAGOZA",135.33,"HECTAREA",7.474004006,-74.85848326
2006-08-13,"META","PUERTO RICO",13.48,"HECTAREA",2.758083657,-73.13780171
2006-08-13,"PUTUMAYO","VALLE DEL GUAMUEZ",291.35,"HECTAREA",0.42012589,-76.77067026
2006-08-14,"PUTUMAYO","ORITO",24.78,"HECTAREA",0.673756323,-76.94313923
2006-08-14,"PUTUMAYO","VALLE DEL GUAMUEZ",507.18,"HECTAREA",0.42012589,-76.77067026
2006-08-15,"ANTIOQUIA","BRICEÑO",75.57,"HECTAREA",7.111788462,-75.56223474
2006-08-15,"ANTIOQUIA","CACERES",66.21,"HECTAREA",7.665155105,-75.22369744
2006-08-15,"ANTIOQUIA","TARAZA",319.71,"HECTAREA",7.488875998,-75.40189438
2006-08-15,"ANTIOQUIA","VALDIVIA",364.49,"HECTAREA",7.265404213,-75.40094502
2006-08-15,"PUTUMAYO","VALLE DEL GUAMUEZ",67.23,"HECTAREA",0.42012589,-76.77067026
2006-08-16,"PUTUMAYO","VALLE DEL GUAMUEZ",132.54,"HECTAREA",0.42012589,-76.77067026
2006-08-17,"CÓRDOBA","PUERTO LIBERTADOR",223.03,"HECTAREA",7.711515736,-75.77123224
2006-08-17,"PUTUMAYO","PUERTO ASIS",67.61,"HECTAREA",0.433884539,-76.52158203
2006-08-18,"CÓRDOBA","MONTELIBANO",14.22,"HECTAREA",7.866432635,-75.87533926
2006-08-18,"CÓRDOBA","TIERRALTA",140.45,"HECTAREA",7.813896829,-76.16846678
2006-08-18,"PUTUMAYO","VALLE DEL GUAMUEZ",255.96,"HECTAREA",0.42012589,-76.77067026
2006-08-19,"ANTIOQUIA","NECHI",262.8,"HECTAREA",7.983477394,-74.65844186
2006-08-19,"BOLÍVAR","MONTECRISTO",68.14,"HECTAREA",8.01710024,-74.46342911
2006-08-20,"ANTIOQUIA","CARACOLI",178.82,"HECTAREA",6.33797388,-74.73354817
2006-08-20,"GUAVIARE","SAN JOSE DEL GUAVIARE",34.12,"HECTAREA",2.484286091,-71.91916993
2006-08-20,"META","PUERTO RICO",73.7,"HECTAREA",2.758083657,-73.13780171
2006-08-20,"PUTUMAYO","VALLE DEL GUAMUEZ",399.33,"HECTAREA",0.42012589,-76.77067026
2006-08-21,"ANTIOQUIA","ANORI",48.92,"HECTAREA",7.193110778,-75.10848954
2006-08-21,"ANTIOQUIA","CACERES",56.79,"HECTAREA",7.665155105,-75.22369744
2006-08-21,"ANTIOQUIA","TARAZA",22.38,"HECTAREA",7.488875998,-75.40189438
2006-08-21,"CÓRDOBA","PUERTO LIBERTADOR",663.5,"HECTAREA",7.711515736,-75.77123224
2006-08-21,"GUAVIARE","EL RETORNO",120.68,"HECTAREA",2.143447362,-72.24364869
2006-08-21,"GUAVIARE","SAN JOSE DEL GUAVIARE",83.74,"HECTAREA",2.484286091,-71.91916993
2006-08-21,"META","PUERTO CONCORDIA",214.93,"HECTAREA",2.752260112,-72.7210941
2006-08-21,"PUTUMAYO","VALLE DEL GUAMUEZ",257.77,"HECTAREA",0.42012589,-76.77067026
2006-08-22,"ANTIOQUIA","NECHI",268.63,"HECTAREA",7.983477394,-74.65844186
2006-08-22,"CAQUETÁ","SAN JOSE DEL FRAGUA",268.06,"HECTAREA",1.304702314,-76.11000594
2006-08-22,"META","PUERTO CONCORDIA",158.97,"HECTAREA",2.752260112,-72.7210941
2006-08-23,"ANTIOQUIA","BRICEÑO",26.8,"HECTAREA",7.111788462,-75.56223474
2006-08-23,"ANTIOQUIA","ITUANGO",43.84,"HECTAREA",7.341549718,-75.67842277
2006-08-23,"ANTIOQUIA","VALDIVIA",140.37,"HECTAREA",7.265404213,-75.40094502
2006-08-23,"META","PUERTO RICO",46.12,"HECTAREA",2.758083657,-73.13780171
2006-08-23,"PUTUMAYO","ORITO",218.67,"HECTAREA",0.673756323,-76.94313923
2006-08-24,"ANTIOQUIA","TARAZA",138.26,"HECTAREA",7.488875998,-75.40189438
2006-08-24,"ANTIOQUIA","VALDIVIA",132.19,"HECTAREA",7.265404213,-75.40094502
2006-08-24,"GUAVIARE","EL RETORNO",78.9,"HECTAREA",2.143447362,-72.24364869
2006-08-24,"META","PUERTO CONCORDIA",22.54,"HECTAREA",2.752260112,-72.7210941
2006-08-24,"META","PUERTO RICO",32.14,"HECTAREA",2.758083657,-73.13780171
2006-08-24,"PUTUMAYO","ORITO",43.46,"HECTAREA",0.673756323,-76.94313923
2006-08-25,"ANTIOQUIA","CACERES",126.72,"HECTAREA",7.665155105,-75.22369744
2006-08-25,"CÓRDOBA","MONTELIBANO",215.62,"HECTAREA",7.866432635,-75.87533926
2006-08-25,"GUAVIARE","CALAMAR",84.44,"HECTAREA",1.613634284,-73.0342639
2006-08-25,"PUTUMAYO","VALLE DEL GUAMUEZ",123.49,"HECTAREA",0.42012589,-76.77067026
2006-08-26,"ANTIOQUIA","CACERES",192.65,"HECTAREA",7.665155105,-75.22369744
2006-08-26,"CÓRDOBA","MONTELIBANO",138.05,"HECTAREA",7.866432635,-75.87533926
2006-08-26,"CÓRDOBA","PUERTO LIBERTADOR",220.35,"HECTAREA",7.711515736,-75.77123224
2006-08-26,"GUAVIARE","SAN JOSE DEL GUAVIARE",77.76,"HECTAREA",2.484286091,-71.91916993
2006-08-26,"META","PUERTO LLERAS",42.99,"HECTAREA",3.193092925,-73.23671436
2006-08-26,"META","PUERTO RICO",86.07,"HECTAREA",2.758083657,-73.13780171
2006-08-26,"PUTUMAYO","VALLE DEL GUAMUEZ",41.47,"HECTAREA",0.42012589,-76.77067026
2006-08-27,"CÓRDOBA","MONTELIBANO",134.08,"HECTAREA",7.866432635,-75.87533926
2006-08-27,"CÓRDOBA","PUERTO LIBERTADOR",100.04,"HECTAREA",7.711515736,-75.77123224
2006-08-27,"META","PUERTO CONCORDIA",82.72,"HECTAREA",2.752260112,-72.7210941
2006-08-27,"PUTUMAYO","VALLE DEL GUAMUEZ",40.43,"HECTAREA",0.42012589,-76.77067026
2006-08-28,"CÓRDOBA","TIERRALTA",130.88,"HECTAREA",7.813896829,-76.16846678
2006-08-28,"GUAVIARE","EL RETORNO",37.76,"HECTAREA",2.143447362,-72.24364869
2006-08-28,"GUAVIARE","SAN JOSE DEL GUAVIARE",79.63,"HECTAREA",2.484286091,-71.91916993
2006-08-28,"META","PUERTO CONCORDIA",20.7,"HECTAREA",2.752260112,-72.7210941
2006-08-28,"META","PUERTO RICO",26.1,"HECTAREA",2.758083657,-73.13780171
2006-08-28,"PUTUMAYO","ORITO",20.48,"HECTAREA",0.673756323,-76.94313923
2006-08-28,"PUTUMAYO","VALLE DEL GUAMUEZ",409.37,"HECTAREA",0.42012589,-76.77067026
2006-08-29,"ANTIOQUIA","VALDIVIA",330.79,"HECTAREA",7.265404213,-75.40094502
2006-08-29,"GUAVIARE","EL RETORNO",136.85,"HECTAREA",2.143447362,-72.24364869
2006-08-29,"PUTUMAYO","VALLE DEL GUAMUEZ",215.97,"HECTAREA",0.42012589,-76.77067026
2006-08-30,"ANTIOQUIA","TARAZA",162.91,"HECTAREA",7.488875998,-75.40189438
2006-08-30,"ANTIOQUIA","VALDIVIA",68.48,"HECTAREA",7.265404213,-75.40094502
2006-08-30,"GUAVIARE","SAN JOSE DEL GUAVIARE",79.6,"HECTAREA",2.484286091,-71.91916993
2006-08-30,"PUTUMAYO","ORITO",130.31,"HECTAREA",0.673756323,-76.94313923
2006-08-30,"PUTUMAYO","PUERTO ASIS",21.2,"HECTAREA",0.433884539,-76.52158203
2006-08-30,"PUTUMAYO","VALLE DEL GUAMUEZ",73.47,"HECTAREA",0.42012589,-76.77067026
2006-08-31,"CAQUETÁ","SAN JOSE DEL FRAGUA",93.58,"HECTAREA",1.304702314,-76.11000594
2006-08-31,"CÓRDOBA","PUERTO LIBERTADOR",291.55,"HECTAREA",7.711515736,-75.77123224
2006-08-31,"CÓRDOBA","TIERRALTA",520.52,"HECTAREA",7.813896829,-76.16846678
2006-08-31,"GUAVIARE","SAN JOSE DEL GUAVIARE",32.22,"HECTAREA",2.484286091,-71.91916993
2006-08-31,"META","PUERTO RICO",186.29,"HECTAREA",2.758083657,-73.13780171
2006-08-31,"PUTUMAYO","ORITO",44.2,"HECTAREA",0.673756323,-76.94313923
2006-09-01,"CAQUETÁ","SAN JOSE DEL FRAGUA",176.93,"HECTAREA",1.304702314,-76.11000594
2006-09-02,"CAQUETÁ","SAN JOSE DEL FRAGUA",234.94,"HECTAREA",1.304702314,-76.11000594
2006-09-02,"CÓRDOBA","PUERTO LIBERTADOR",633.74,"HECTAREA",7.711515736,-75.77123224
2006-09-02,"PUTUMAYO","ORITO",48.73,"HECTAREA",0.673756323,-76.94313923
2006-09-03,"CAQUETÁ","SAN JOSE DEL FRAGUA",87.58,"HECTAREA",1.304702314,-76.11000594
2006-09-03,"CÓRDOBA","MONTELIBANO",158.11,"HECTAREA",7.866432635,-75.87533926
2006-09-03,"CÓRDOBA","PUERTO LIBERTADOR",131.7,"HECTAREA",7.711515736,-75.77123224
2006-09-03,"PUTUMAYO","ORITO",180.66,"HECTAREA",0.673756323,-76.94313923
2006-09-04,"CAQUETÁ","SAN JOSE DEL FRAGUA",90.18,"HECTAREA",1.304702314,-76.11000594
2006-09-04,"CÓRDOBA","LORICA",392.89,"HECTAREA",9.165034998,-75.90978124
2006-09-04,"GUAVIARE","SAN JOSE DEL GUAVIARE",70.93,"HECTAREA",2.484286091,-71.91916993
2006-09-04,"PUTUMAYO","ORITO",262.53,"HECTAREA",0.673756323,-76.94313923
2006-09-05,"ANTIOQUIA","BRICEÑO",62.66,"HECTAREA",7.111788462,-75.56223474
2006-09-05,"ANTIOQUIA","ITUANGO",64.86,"HECTAREA",7.341549718,-75.67842277
2006-09-05,"ANTIOQUIA","VALDIVIA",265.78,"HECTAREA",7.265404213,-75.40094502
2006-09-05,"PUTUMAYO","ORITO",21.49,"HECTAREA",0.673756323,-76.94313923
2006-09-05,"PUTUMAYO","VILLAGARZON",68.33,"HECTAREA",0.911149515,-76.74495447
2006-09-06,"ANTIOQUIA","AMALFI",63.71,"HECTAREA",6.977788843,-74.9812393
2006-09-06,"ANTIOQUIA","ANORI",329.71,"HECTAREA",7.193110778,-75.10848954
2006-09-06,"ANTIOQUIA","ZARAGOZA",290.67,"HECTAREA",7.474004006,-74.85848326
2006-09-07,"ANTIOQUIA","NECHI",638,"HECTAREA",7.983477394,-74.65844186
2006-09-07,"BOLÍVAR","SAN JACINTO DEL CAUCA",109.75,"HECTAREA",8.212463202,-74.75082
2006-09-07,"META","PUERTO RICO",3.22,"HECTAREA",2.758083657,-73.13780171
2006-09-08,"ANTIOQUIA","AMALFI",132.47,"HECTAREA",6.977788843,-74.9812393
2006-09-08,"ANTIOQUIA","ANORI",276.54,"HECTAREA",7.193110778,-75.10848954
2006-09-08,"ANTIOQUIA","SEGOVIA",244.39,"HECTAREA",7.26692339,-74.62163926
2006-09-08,"CAQUETÁ","CURILLO",96.51,"HECTAREA",1.115379292,-75.97328452
2006-09-08,"CAQUETÁ","SAN JOSE DEL FRAGUA",98.42,"HECTAREA",1.304702314,-76.11000594
2006-09-08,"GUAVIARE","SAN JOSE DEL GUAVIARE",80.32,"HECTAREA",2.484286091,-71.91916993
2006-09-08,"PUTUMAYO","ORITO",152,"HECTAREA",0.673756323,-76.94313923
2006-09-08,"PUTUMAYO","VILLAGARZON",50.71,"HECTAREA",0.911149515,-76.74495447
2006-09-09,"ANTIOQUIA","AMALFI",373.64,"HECTAREA",6.977788843,-74.9812393
2006-09-09,"ANTIOQUIA","ANORI",21.94,"HECTAREA",7.193110778,-75.10848954
2006-09-09,"CAQUETÁ","CURILLO",50.1,"HECTAREA",1.115379292,-75.97328452
2006-09-09,"CAQUETÁ","SAN JOSE DEL FRAGUA",152.7,"HECTAREA",1.304702314,-76.11000594
2006-09-10,"GUAVIARE","SAN JOSE DEL GUAVIARE",138.88,"HECTAREA",2.484286091,-71.91916993
2006-09-10,"PUTUMAYO","ORITO",193.06,"HECTAREA",0.673756323,-76.94313923
2006-09-10,"PUTUMAYO","PUERTO CAICEDO",40.69,"HECTAREA",0.70416861,-76.49864415
2006-09-10,"PUTUMAYO","VILLAGARZON",25.77,"HECTAREA",0.911149515,-76.74495447
2006-09-11,"ANTIOQUIA","ANORI",29.55,"HECTAREA",7.193110778,-75.10848954
2006-09-11,"ANTIOQUIA","TARAZA",147.59,"HECTAREA",7.488875998,-75.40189438
2006-09-12,"ANTIOQUIA","CACERES",61.4,"HECTAREA",7.665155105,-75.22369744
2006-09-12,"CÓRDOBA","MONTELIBANO",143.48,"HECTAREA",7.866432635,-75.87533926
2006-09-12,"CÓRDOBA","PUERTO LIBERTADOR",69.33,"HECTAREA",7.711515736,-75.77123224
2006-09-12,"PUTUMAYO","ORITO",275.25,"HECTAREA",0.673756323,-76.94313923
2006-09-13,"ANTIOQUIA","TARAZA",303.8,"HECTAREA",7.488875998,-75.40189438
2006-09-13,"ANTIOQUIA","VALDIVIA",63.78,"HECTAREA",7.265404213,-75.40094502
2006-09-13,"PUTUMAYO","ORITO",31.67,"HECTAREA",0.673756323,-76.94313923
2006-09-14,"PUTUMAYO","ORITO",204.96,"HECTAREA",0.673756323,-76.94313923
2006-09-15,"PUTUMAYO","ORITO",221.95,"HECTAREA",0.673756323,-76.94313923
2006-09-15,"PUTUMAYO","VALLE DEL GUAMUEZ",41.51,"HECTAREA",0.42012589,-76.77067026
2006-09-17,"GUAVIARE","SAN JOSE DEL GUAVIARE",27.9,"HECTAREA",2.484286091,-71.91916993
2006-09-17,"PUTUMAYO","PUERTO ASIS",149.59,"HECTAREA",0.433884539,-76.52158203
2006-09-18,"GUAVIARE","SAN JOSE DEL GUAVIARE",56.76,"HECTAREA",2.484286091,-71.91916993
2006-09-19,"BOLÍVAR","SANTA ROSA DEL SUR",250.17,"HECTAREA",7.772519173,-74.26272843
2006-09-19,"BOLÍVAR","SIMITI",522.2,"HECTAREA",7.851315534,-73.98371609
2006-09-19,"CAQUETÁ","BELEN DE LOS ANDAQUIES",144.64,"HECTAREA",1.536174657,-75.90947504
2006-09-19,"GUAVIARE","CALAMAR",12.36,"HECTAREA",1.613634284,-73.0342639
2006-09-19,"GUAVIARE","EL RETORNO",75.83,"HECTAREA",2.143447362,-72.24364869
2006-09-19,"META","PUERTO CONCORDIA",14.74,"HECTAREA",2.752260112,-72.7210941
2006-09-19,"PUTUMAYO","ORITO",68.26,"HECTAREA",0.673756323,-76.94313923
2006-09-19,"PUTUMAYO","VALLE DEL GUAMUEZ",21.04,"HECTAREA",0.42012589,-76.77067026
2006-09-20,"CAQUETÁ","BELEN DE LOS ANDAQUIES",124.37,"HECTAREA",1.536174657,-75.90947504
2006-09-20,"CAQUETÁ","CURILLO",3.97,"HECTAREA",1.115379292,-75.97328452
2006-09-20,"META","MAPIRIPAN",74.61,"HECTAREA",3.117523361,-71.93805692
2006-09-20,"PUTUMAYO","ORITO",67.05,"HECTAREA",0.673756323,-76.94313923
2006-09-20,"PUTUMAYO","VALLE DEL GUAMUEZ",22.32,"HECTAREA",0.42012589,-76.77067026
2006-09-21,"BOLÍVAR","SANTA ROSA DEL SUR",10.16,"HECTAREA",7.772519173,-74.26272843
2006-09-21,"BOLÍVAR","SIMITI",15.94,"HECTAREA",7.851315534,-73.98371609
2006-09-21,"CAUCA","PIAMONTE",455,"HECTAREA",1.054128816,-76.4443271
2006-09-21,"CAUCA","POPAYAN",23.89,"HECTAREA",2.471704362,-76.59194419
2006-09-21,"GUAVIARE","CALAMAR",41.21,"HECTAREA",1.613634284,-73.0342639
2006-09-21,"GUAVIARE","EL RETORNO",18.12,"HECTAREA",2.143447362,-72.24364869
2006-09-22,"BOLÍVAR","RIO VIEJO",45.74,"HECTAREA",8.559982465,-73.90298668
2006-09-22,"META","PUERTO LLERAS",43.8,"HECTAREA",3.193092925,-73.23671436
2006-09-22,"PUTUMAYO","ORITO",84.49,"HECTAREA",0.673756323,-76.94313923
2006-09-22,"SANTANDER","SAN MIGUEL",136.54,"HECTAREA",6.568121541,-72.64322497
2006-09-23,"BOLÍVAR","ARENAL",165.81,"HECTAREA",8.362996158,-74.10301905
2006-09-23,"BOLÍVAR","RIO VIEJO",19.45,"HECTAREA",8.559982465,-73.90298668
2006-09-23,"GUAVIARE","SAN JOSE DEL GUAVIARE",15.99,"HECTAREA",2.484286091,-71.91916993
2006-09-23,"META","MAPIRIPAN",35.99,"HECTAREA",3.117523361,-71.93805692
2006-09-24,"BOLÍVAR","MORALES",75.9,"HECTAREA",8.253700061,-73.9713459
2006-09-25,"BOLÍVAR","RIO VIEJO",129.07,"HECTAREA",8.559982465,-73.90298668
2006-09-25,"BOLÍVAR","TIQUISIO",32.86,"HECTAREA",8.492345176,-74.29676139
2006-09-25,"GUAVIARE","SAN JOSE DEL GUAVIARE",21.73,"HECTAREA",2.484286091,-71.91916993
2006-09-26,"BOLÍVAR","SANTA ROSA DEL SUR",136.01,"HECTAREA",7.772519173,-74.26272843
2006-09-26,"GUAVIARE","CALAMAR",16.38,"HECTAREA",1.613634284,-73.0342639
2006-09-26,"GUAVIARE","SAN JOSE DEL GUAVIARE",15.28,"HECTAREA",2.484286091,-71.91916993
2006-09-27,"BOLÍVAR","SAN PABLO",161.02,"HECTAREA",7.507922612,-74.10356977
2006-09-27,"CAUCA","PIAMONTE",220.27,"HECTAREA",1.054128816,-76.4443271
2006-09-27,"META","PUERTO LLERAS",80.93,"HECTAREA",3.193092925,-73.23671436
2006-09-28,"BOLÍVAR","SAN PABLO",180.5,"HECTAREA",7.507922612,-74.10356977
2006-09-28,"BOLÍVAR","SIMITI",3.59,"HECTAREA",7.851315534,-73.98371609
2006-09-28,"CAQUETÁ","SAN JOSE DEL FRAGUA",78.26,"HECTAREA",1.304702314,-76.11000594
2006-09-28,"CAUCA","PIAMONTE",129.62,"HECTAREA",1.054128816,-76.4443271
2006-09-28,"META","PUERTO LLERAS",34.55,"HECTAREA",3.193092925,-73.23671436
2006-09-29,"ANTIOQUIA","ANORI",41.5,"HECTAREA",7.193110778,-75.10848954
2006-09-29,"ANTIOQUIA","CACERES",3.98,"HECTAREA",7.665155105,-75.22369744
2006-09-29,"ANTIOQUIA","ZARAGOZA",3.94,"HECTAREA",7.474004006,-74.85848326
2006-09-30,"ANTIOQUIA","ANORI",4.66,"HECTAREA",7.193110778,-75.10848954
2006-09-30,"ANTIOQUIA","ZARAGOZA",20.55,"HECTAREA",7.474004006,-74.85848326
2006-10-01,"ANTIOQUIA","ANORI",170.96,"HECTAREA",7.193110778,-75.10848954
2006-10-01,"ANTIOQUIA","ZARAGOZA",62.26,"HECTAREA",7.474004006,-74.85848326
2006-10-01,"CAQUETÁ","SAN JOSE DEL FRAGUA",180.03,"HECTAREA",1.304702314,-76.11000594
2006-10-01,"CAUCA","PIAMONTE",51.53,"HECTAREA",1.054128816,-76.4443271
2006-10-01,"PUTUMAYO","PUERTO GUZMAN",29.12,"HECTAREA",0.746432215,-75.88022979
2006-10-02,"ANTIOQUIA","CARACOLI",70.35,"HECTAREA",6.33797388,-74.73354817
2006-10-02,"ANTIOQUIA","SEGOVIA",0.99,"HECTAREA",7.26692339,-74.62163926
2006-10-02,"ANTIOQUIA","ZARAGOZA",3.32,"HECTAREA",7.474004006,-74.85848326
2006-10-02,"BOLÍVAR","RIO VIEJO",25.04,"HECTAREA",8.559982465,-73.90298668
2006-10-02,"BOLÍVAR","TIQUISIO",22.06,"HECTAREA",8.492345176,-74.29676139
2006-10-03,"BOLÍVAR","SANTA ROSA DEL SUR",109.22,"HECTAREA",7.772519173,-74.26272843
2006-10-04,"ANTIOQUIA","EL BAGRE",52.87,"HECTAREA",7.704633351,-74.66427726
2006-10-04,"ANTIOQUIA","SEGOVIA",1.3,"HECTAREA",7.26692339,-74.62163926
2006-10-04,"ANTIOQUIA","ZARAGOZA",9.77,"HECTAREA",7.474004006,-74.85848326
2006-10-04,"CAUCA","SANTA ROSA",47,"HECTAREA",1.52002179,-76.53876281
2006-10-05,"ANTIOQUIA","EL BAGRE",46.14,"HECTAREA",7.704633351,-74.66427726
2006-10-05,"ANTIOQUIA","ZARAGOZA",23.07,"HECTAREA",7.474004006,-74.85848326
2006-10-05,"BOLÍVAR","SANTA ROSA",91.93,"HECTAREA",10.46920726,-75.36116053
2006-10-05,"NARIÑO","BELEN",28.38,"HECTAREA",1.593645287,-77.01999366
2006-10-05,"NARIÑO","SAN PEDRO DE CARTAGO",64.97,"HECTAREA",1.536823494,-77.10140325
2006-10-05,"PUTUMAYO","ORITO",91.2,"HECTAREA",0.673756323,-76.94313923
2006-10-06,"ANTIOQUIA","ANORI",139.91,"HECTAREA",7.193110778,-75.10848954
2006-10-06,"ANTIOQUIA","ZARAGOZA",9.09,"HECTAREA",7.474004006,-74.85848326
2006-10-07,"ANTIOQUIA","CARACOLI",90.73,"HECTAREA",6.33797388,-74.73354817
2006-10-07,"BOLÍVAR","SANTA ROSA",78.34,"HECTAREA",10.46920726,-75.36116053
2006-10-07,"BOLÍVAR","SIMITI",30.52,"HECTAREA",7.851315534,-73.98371609
2006-10-07,"GUAVIARE","SAN JOSE DEL GUAVIARE",45.29,"HECTAREA",2.484286091,-71.91916993
2006-10-07,"PUTUMAYO","VILLAGARZON",92.44,"HECTAREA",0.911149515,-76.74495447
2006-10-08,"ANTIOQUIA","ANORI",219.04,"HECTAREA",7.193110778,-75.10848954
2006-10-08,"ANTIOQUIA","EL BAGRE",70.12,"HECTAREA",7.704633351,-74.66427726
2006-10-08,"ANTIOQUIA","ZARAGOZA",126.53,"HECTAREA",7.474004006,-74.85848326
2006-10-08,"GUAVIARE","SAN JOSE DEL GUAVIARE",80.05,"HECTAREA",2.484286091,-71.91916993
2006-10-08,"META","MAPIRIPAN",129.59,"HECTAREA",3.117523361,-71.93805692
2006-10-08,"PUTUMAYO","ORITO",65.41,"HECTAREA",0.673756323,-76.94313923
2006-10-08,"PUTUMAYO","VILLAGARZON",377.05,"HECTAREA",0.911149515,-76.74495447
2006-10-09,"ANTIOQUIA","ANORI",8.22,"HECTAREA",7.193110778,-75.10848954
2006-10-09,"ANTIOQUIA","ZARAGOZA",442.02,"HECTAREA",7.474004006,-74.85848326
2006-10-09,"BOLÍVAR","MORALES",114.12,"HECTAREA",8.253700061,-73.9713459
2006-10-09,"PUTUMAYO","VALLE DEL GUAMUEZ",139.55,"HECTAREA",0.42012589,-76.77067026
2006-10-10,"ANTIOQUIA","ZARAGOZA",188.84,"HECTAREA",7.474004006,-74.85848326
2006-10-10,"BOLÍVAR","SANTA ROSA DEL SUR",127.96,"HECTAREA",7.772519173,-74.26272843
2006-10-10,"META","PUERTO LLERAS",67.66,"HECTAREA",3.193092925,-73.23671436
2006-10-11,"ANTIOQUIA","CARACOLI",49.26,"HECTAREA",6.33797388,-74.73354817
2006-10-11,"ANTIOQUIA","NECHI",18.82,"HECTAREA",7.983477394,-74.65844186
2006-10-11,"ANTIOQUIA","ZARAGOZA",242.67,"HECTAREA",7.474004006,-74.85848326
2006-10-11,"PUTUMAYO","MOCOA",20.48,"HECTAREA",1.26070915,-76.66584349
2006-10-11,"PUTUMAYO","VALLE DEL GUAMUEZ",158.29,"HECTAREA",0.42012589,-76.77067026
2006-10-12,"ANTIOQUIA","CARACOLI",324.67,"HECTAREA",6.33797388,-74.73354817
2006-10-13,"ANTIOQUIA","CARACOLI",180.36,"HECTAREA",6.33797388,-74.73354817
2006-10-13,"META","PUERTO LLERAS",75.73,"HECTAREA",3.193092925,-73.23671436
2006-10-13,"PUTUMAYO","VALLE DEL GUAMUEZ",195.7,"HECTAREA",0.42012589,-76.77067026
2006-10-14,"GUAVIARE","EL RETORNO",68.84,"HECTAREA",2.143447362,-72.24364869
2006-10-14,"PUTUMAYO","VALLE DEL GUAMUEZ",280.09,"HECTAREA",0.42012589,-76.77067026
2006-10-15,"META","MAPIRIPAN",191.12,"HECTAREA",3.117523361,-71.93805692
2006-10-15,"PUTUMAYO","VALLE DEL GUAMUEZ",179.7,"HECTAREA",0.42012589,-76.77067026
2006-10-16,"PUTUMAYO","VALLE DEL GUAMUEZ",251.28,"HECTAREA",0.42012589,-76.77067026
2006-10-18,"GUAVIARE","SAN JOSE DEL GUAVIARE",57.04,"HECTAREA",2.484286091,-71.91916993
2006-10-18,"META","MAPIRIPAN",92.4,"HECTAREA",3.117523361,-71.93805692
2006-10-18,"PUTUMAYO","MOCOA",24.08,"HECTAREA",1.26070915,-76.66584349
2006-10-18,"PUTUMAYO","ORITO",23.87,"HECTAREA",0.673756323,-76.94313923
2006-10-18,"PUTUMAYO","PUERTO CAICEDO",48.97,"HECTAREA",0.70416861,-76.49864415
2006-10-18,"PUTUMAYO","VILLAGARZON",101.02,"HECTAREA",0.911149515,-76.74495447
2006-10-19,"PUTUMAYO","PUERTO CAICEDO",42.13,"HECTAREA",0.70416861,-76.49864415
2006-10-19,"PUTUMAYO","VILLAGARZON",132.95,"HECTAREA",0.911149515,-76.74495447
2006-10-20,"CAQUETÁ","ALBANIA",45.37,"HECTAREA",1.22786549,-75.88232651
2006-10-20,"CAQUETÁ","CURILLO",173.63,"HECTAREA",1.115379292,-75.97328452
2006-10-20,"PUTUMAYO","VALLE DEL GUAMUEZ",103.41,"HECTAREA",0.42012589,-76.77067026
2006-10-21,"CAQUETÁ","PUERTO RICO",28.75,"HECTAREA",2.018940891,-75.07308627
2006-10-21,"PUTUMAYO","VILLAGARZON",41.31,"HECTAREA",0.911149515,-76.74495447
2006-10-24,"CAQUETÁ","PUERTO RICO",625.09,"HECTAREA",2.018940891,-75.07308627
2006-10-24,"META","PUERTO LLERAS",33.93,"HECTAREA",3.193092925,-73.23671436
2006-10-26,"PUTUMAYO","PUERTO GUZMAN",212.53,"HECTAREA",0.746432215,-75.88022979
2006-10-26,"PUTUMAYO","VALLE DEL GUAMUEZ",9.07,"HECTAREA",0.42012589,-76.77067026
2006-10-27,"GUAVIARE","SAN JOSE DEL GUAVIARE",117.44,"HECTAREA",2.484286091,-71.91916993
2006-10-27,"PUTUMAYO","VILLAGARZON",200.14,"HECTAREA",0.911149515,-76.74495447
2006-10-28,"CAQUETÁ","EL DONCELLO",6.9,"HECTAREA",1.713734697,-75.26878109
2006-10-28,"CAQUETÁ","PUERTO RICO",5.34,"HECTAREA",2.018940891,-75.07308627
2006-10-28,"PUTUMAYO","SAN MIGUEL",314.64,"HECTAREA",0.272449048,-76.84510459
2006-10-28,"PUTUMAYO","VALLE DEL GUAMUEZ",137.98,"HECTAREA",0.42012589,-76.77067026
2006-10-29,"CAQUETÁ","PUERTO RICO",179.7,"HECTAREA",2.018940891,-75.07308627
2006-10-29,"META","PUERTO LLERAS",61.74,"HECTAREA",3.193092925,-73.23671436
2006-10-29,"META","VISTAHERMOSA",41.46,"HECTAREA",2.811616698,-73.66652234
2006-10-29,"PUTUMAYO","VALLE DEL GUAMUEZ",462.43,"HECTAREA",0.42012589,-76.77067026
2006-10-30,"CAQUETÁ","LA MONTAÑITA",22.18,"HECTAREA",1.302860442,-75.23572732
2006-10-30,"META","MAPIRIPAN",13.99,"HECTAREA",3.117523361,-71.93805692
2006-10-30,"PUTUMAYO","VALLE DEL GUAMUEZ",462.12,"HECTAREA",0.42012589,-76.77067026
2006-10-31,"CAQUETÁ","LA MONTAÑITA",16.9,"HECTAREA",1.302860442,-75.23572732
2006-10-31,"PUTUMAYO","PUERTO GUZMAN",35.08,"HECTAREA",0.746432215,-75.88022979
2006-11-01,"CAQUETÁ","CARTAGENA DEL CHAIRA",17.19,"HECTAREA",0.647693081,-74.27235499
2006-11-01,"CAQUETÁ","LA MONTAÑITA",11.54,"HECTAREA",1.302860442,-75.23572732
2006-11-01,"PUTUMAYO","PUERTO ASIS",179.55,"HECTAREA",0.433884539,-76.52158203
2006-11-02,"CAQUETÁ","CARTAGENA DEL CHAIRA",38.78,"HECTAREA",0.647693081,-74.27235499
2006-11-02,"META","PUERTO LLERAS",25.11,"HECTAREA",3.193092925,-73.23671436
2006-11-02,"META","VISTAHERMOSA",15.19,"HECTAREA",2.811616698,-73.66652234
2006-11-02,"PUTUMAYO","PUERTO ASIS",88.95,"HECTAREA",0.433884539,-76.52158203
2006-11-02,"PUTUMAYO","VILLAGARZON",89.11,"HECTAREA",0.911149515,-76.74495447
2006-11-03,"CAQUETÁ","SAN VICENTE DEL CAGUAN",11.03,"HECTAREA",1.308465061,-74.19746971
2006-11-04,"CAQUETÁ","SOLANO",35.98,"HECTAREA",0.096131862,-72.32036402
2006-11-04,"META","PUERTO LLERAS",20.85,"HECTAREA",3.193092925,-73.23671436
2006-11-04,"META","VISTAHERMOSA",11.23,"HECTAREA",2.811616698,-73.66652234
2006-11-05,"CAQUETÁ","SAN VICENTE DEL CAGUAN",99.59,"HECTAREA",1.308465061,-74.19746971
2006-11-05,"META","VISTAHERMOSA",7.03,"HECTAREA",2.811616698,-73.66652234
2006-11-05,"PUTUMAYO","PUERTO ASIS",275.26,"HECTAREA",0.433884539,-76.52158203
2006-11-06,"CAQUETÁ","PUERTO RICO",71.73,"HECTAREA",2.018940891,-75.07308627
2006-11-07,"GUAVIARE","CALAMAR",10.72,"HECTAREA",1.613634284,-73.0342639
2006-11-07,"GUAVIARE","EL RETORNO",56.06,"HECTAREA",2.143447362,-72.24364869
2006-11-07,"GUAVIARE","SAN JOSE DEL GUAVIARE",25.9,"HECTAREA",2.484286091,-71.91916993
2006-11-07,"META","PUERTO LLERAS",134.58,"HECTAREA",3.193092925,-73.23671436
2006-11-08,"VICHADA","CUMARIBO",140.26,"HECTAREA",4.262454746,-69.52140484
2006-11-09,"CAQUETÁ","SOLANO",136.51,"HECTAREA",0.096131862,-72.32036402
2006-11-10,"META","PUERTO LLERAS",74.3,"HECTAREA",3.193092925,-73.23671436
2006-11-10,"META","PUERTO RICO",167.73,"HECTAREA",2.758083657,-73.13780171
2006-11-10,"META","VISTAHERMOSA",39.22,"HECTAREA",2.811616698,-73.66652234
2006-11-10,"PUTUMAYO","PUERTO GUZMAN",267.15,"HECTAREA",0.746432215,-75.88022979
2006-11-10,"VAUPÉS","MITU",290.28,"HECTAREA",1.06148231,-70.46688401
2006-11-11,"CAQUETÁ","CURILLO",48.28,"HECTAREA",1.115379292,-75.97328452
2006-11-11,"CAQUETÁ","FLORENCIA",167.97,"HECTAREA",1.749138704,-75.55823906
2006-11-11,"VICHADA","CUMARIBO",389.02,"HECTAREA",4.262454746,-69.52140484
2006-11-12,"VICHADA","CUMARIBO",268.56,"HECTAREA",4.262454746,-69.52140484
2006-11-12,"VICHADA","LA PRIMAVERA",44.16,"HECTAREA",5.517593607,-69.62044054
2006-11-13,"CAQUETÁ","CURILLO",48.33,"HECTAREA",1.115379292,-75.97328452
2006-11-13,"CAQUETÁ","SAN JOSE DEL FRAGUA",13.3,"HECTAREA",1.304702314,-76.11000594
2006-11-13,"VICHADA","CUMARIBO",23.33,"HECTAREA",4.262454746,-69.52140484
2006-11-13,"VICHADA","LA PRIMAVERA",87.11,"HECTAREA",5.517593607,-69.62044054
2006-11-14,"VICHADA","CUMARIBO",59.29,"HECTAREA",4.262454746,-69.52140484
2006-11-15,"VICHADA","CUMARIBO",71.02,"HECTAREA",4.262454746,-69.52140484
2006-11-15,"VICHADA","LA PRIMAVERA",26.54,"HECTAREA",5.517593607,-69.62044054
2006-11-16,"META","PUERTO CONCORDIA",79.06,"HECTAREA",2.752260112,-72.7210941
2006-11-16,"PUTUMAYO","PUERTO ASIS",32.73,"HECTAREA",0.433884539,-76.52158203
2006-11-16,"PUTUMAYO","PUERTO CAICEDO",128.14,"HECTAREA",0.70416861,-76.49864415
2006-11-16,"VICHADA","CUMARIBO",271.66,"HECTAREA",4.262454746,-69.52140484
2006-11-19,"VICHADA","CUMARIBO",82.63,"HECTAREA",4.262454746,-69.52140484
2006-11-20,"VICHADA","CUMARIBO",224.68,"HECTAREA",4.262454746,-69.52140484
2006-11-21,"META","VISTAHERMOSA",453.59,"HECTAREA",2.811616698,-73.66652234
2006-11-21,"PUTUMAYO","VALLE DEL GUAMUEZ",931.82,"HECTAREA",0.42012589,-76.77067026
2006-11-21,"VICHADA","CUMARIBO",155.15,"HECTAREA",4.262454746,-69.52140484
2006-11-22,"GUAVIARE","SAN JOSE DEL GUAVIARE",13.19,"HECTAREA",2.484286091,-71.91916993
2006-11-23,"CAQUETÁ","MILAN",129.52,"HECTAREA",1.146692554,-75.38664764
2006-11-23,"GUAVIARE","SAN JOSE DEL GUAVIARE",41.89,"HECTAREA",2.484286091,-71.91916993
2006-11-23,"META","VISTAHERMOSA",143.9,"HECTAREA",2.811616698,-73.66652234
2006-11-23,"VICHADA","CUMARIBO",356.99,"HECTAREA",4.262454746,-69.52140484
2006-11-24,"CAQUETÁ","MILAN",39.43,"HECTAREA",1.146692554,-75.38664764
2006-11-24,"CAQUETÁ","SOLANO",27.05,"HECTAREA",0.096131862,-72.32036402
2006-11-24,"VICHADA","CUMARIBO",361.08,"HECTAREA",4.262454746,-69.52140484
2006-11-25,"GUAVIARE","SAN JOSE DEL GUAVIARE",17.68,"HECTAREA",2.484286091,-71.91916993
2006-11-25,"PUTUMAYO","PUERTO ASIS",11.9,"HECTAREA",0.433884539,-76.52158203
2006-11-25,"PUTUMAYO","PUERTO CAICEDO",4.45,"HECTAREA",0.70416861,-76.49864415
2006-11-25,"VICHADA","CUMARIBO",79.2,"HECTAREA",4.262454746,-69.52140484
2006-11-26,"META","PUERTO LLERAS",113.32,"HECTAREA",3.193092925,-73.23671436
2006-11-26,"META","VISTAHERMOSA",145.27,"HECTAREA",2.811616698,-73.66652234
2006-11-26,"PUTUMAYO","VALLE DEL GUAMUEZ",41.11,"HECTAREA",0.42012589,-76.77067026
2006-11-26,"VICHADA","CUMARIBO",225.37,"HECTAREA",4.262454746,-69.52140484
2006-11-27,"META","MAPIRIPAN",48.82,"HECTAREA",3.117523361,-71.93805692
2006-11-27,"PUTUMAYO","PUERTO GUZMAN",83.14,"HECTAREA",0.746432215,-75.88022979
2006-11-28,"META","PUERTO LLERAS",96.1,"HECTAREA",3.193092925,-73.23671436
2006-11-28,"META","PUERTO RICO",180.37,"HECTAREA",2.758083657,-73.13780171
2006-11-28,"PUTUMAYO","PUERTO CAICEDO",183.19,"HECTAREA",0.70416861,-76.49864415
2006-11-28,"VICHADA","CUMARIBO",197.12,"HECTAREA",4.262454746,-69.52140484
2006-11-29,"CAQUETÁ","VALPARAISO",13.3,"HECTAREA",1.07534915,-75.73779004
2006-11-29,"META","PUERTO CONCORDIA",151.69,"HECTAREA",2.752260112,-72.7210941
2006-11-29,"META","PUERTO LLERAS",141.64,"HECTAREA",3.193092925,-73.23671436
2006-11-29,"PUTUMAYO","PUERTO GUZMAN",290.5,"HECTAREA",0.746432215,-75.88022979
2006-11-29,"VICHADA","CUMARIBO",119.45,"HECTAREA",4.262454746,-69.52140484
2006-11-30,"CAQUETÁ","VALPARAISO",395.26,"HECTAREA",1.07534915,-75.73779004
2006-11-30,"META","VISTAHERMOSA",33.79,"HECTAREA",2.811616698,-73.66652234
2006-11-30,"VICHADA","CUMARIBO",207.86,"HECTAREA",4.262454746,-69.52140484
2006-12-01,"CAQUETÁ","EL PAUJIL",33.96,"HECTAREA",1.476630016,-75.20231825
2006-12-01,"CAQUETÁ","LA MONTAÑITA",13.5,"HECTAREA",1.302860442,-75.23572732
2006-12-01,"META","PUERTO RICO",39.05,"HECTAREA",2.758083657,-73.13780171
2006-12-01,"VICHADA","CUMARIBO",189.31,"HECTAREA",4.262454746,-69.52140484
2006-12-02,"CAQUETÁ","PUERTO RICO",80.05,"HECTAREA",2.018940891,-75.07308627
2006-12-02,"META","PUERTO RICO",46.63,"HECTAREA",2.758083657,-73.13780171
2006-12-02,"VICHADA","CUMARIBO",94.13,"HECTAREA",4.262454746,-69.52140484
2006-12-03,"GUAVIARE","EL RETORNO",67.83,"HECTAREA",2.143447362,-72.24364869
2006-12-03,"META","VISTAHERMOSA",65.13,"HECTAREA",2.811616698,-73.66652234
2006-12-03,"VICHADA","CUMARIBO",130.26,"HECTAREA",4.262454746,-69.52140484
2006-12-04,"CAQUETÁ","EL PAUJIL",51.99,"HECTAREA",1.476630016,-75.20231825
2006-12-04,"CAQUETÁ","LA MONTAÑITA",71.08,"HECTAREA",1.302860442,-75.23572732
2006-12-04,"META","VISTAHERMOSA",84.69,"HECTAREA",2.811616698,-73.66652234
2006-12-04,"VICHADA","CUMARIBO",152.63,"HECTAREA",4.262454746,-69.52140484
2006-12-05,"META","PUERTO RICO",49.91,"HECTAREA",2.758083657,-73.13780171
2006-12-05,"VICHADA","CUMARIBO",58.1,"HECTAREA",4.262454746,-69.52140484
2006-12-06,"META","PUERTO RICO",43.09,"HECTAREA",2.758083657,-73.13780171
2006-12-06,"VICHADA","CUMARIBO",361.26,"HECTAREA",4.262454746,-69.52140484
2006-12-07,"META","PUERTO LLERAS",59.49,"HECTAREA",3.193092925,-73.23671436
2006-12-08,"CAQUETÁ","LA MONTAÑITA",7.06,"HECTAREA",1.302860442,-75.23572732
2006-12-08,"CAQUETÁ","MILAN",14.35,"HECTAREA",1.146692554,-75.38664764
2006-12-08,"GUAVIARE","EL RETORNO",5.42,"HECTAREA",2.143447362,-72.24364869
2006-12-08,"META","PUERTO CONCORDIA",15.93,"HECTAREA",2.752260112,-72.7210941
2006-12-08,"META","PUERTO RICO",77,"HECTAREA",2.758083657,-73.13780171
2006-12-08,"VICHADA","CUMARIBO",142.84,"HECTAREA",4.262454746,-69.52140484
2006-12-09,"META","PUERTO RICO",156.58,"HECTAREA",2.758083657,-73.13780171
2006-12-09,"PUTUMAYO","PUERTO GUZMAN",11.56,"HECTAREA",0.746432215,-75.88022979
2006-12-09,"VICHADA","CUMARIBO",183.22,"HECTAREA",4.262454746,-69.52140484
2006-12-10,"GUAVIARE","CALAMAR",28.06,"HECTAREA",1.613634284,-73.0342639
2006-12-10,"GUAVIARE","SAN JOSE DEL GUAVIARE",32.92,"HECTAREA",2.484286091,-71.91916993
2006-12-10,"PUTUMAYO","PUERTO GUZMAN",101.68,"HECTAREA",0.746432215,-75.88022979
2006-12-10,"VICHADA","CUMARIBO",110.04,"HECTAREA",4.262454746,-69.52140484
2006-12-11,"GUAVIARE","SAN JOSE DEL GUAVIARE",45.56,"HECTAREA",2.484286091,-71.91916993
2006-12-11,"PUTUMAYO","VALLE DEL GUAMUEZ",777.61,"HECTAREA",0.42012589,-76.77067026
2006-12-11,"VICHADA","CUMARIBO",167.61,"HECTAREA",4.262454746,-69.52140484
2006-12-12,"CAQUETÁ","VALPARAISO",39.95,"HECTAREA",1.07534915,-75.73779004
2006-12-12,"GUAVIARE","EL RETORNO",40.74,"HECTAREA",2.143447362,-72.24364869
2006-12-12,"META","PUERTO RICO",9.18,"HECTAREA",2.758083657,-73.13780171
2006-12-12,"VICHADA","CUMARIBO",214.87,"HECTAREA",4.262454746,-69.52140484
2006-12-14,"META","PUERTO LLERAS",8.59,"HECTAREA",3.193092925,-73.23671436
2006-12-14,"PUTUMAYO","SAN MIGUEL",540.29,"HECTAREA",0.272449048,-76.84510459
2006-12-15,"META","MAPIRIPAN",1.05,"HECTAREA",3.117523361,-71.93805692
2006-12-15,"META","PUERTO LLERAS",112.75,"HECTAREA",3.193092925,-73.23671436
2006-12-15,"META","PUERTO RICO",0.64,"HECTAREA",2.758083657,-73.13780171
2006-12-15,"PUTUMAYO","SAN MIGUEL",523.88,"HECTAREA",0.272449048,-76.84510459
2006-12-15,"PUTUMAYO","VALLE DEL GUAMUEZ",260.5,"HECTAREA",0.42012589,-76.77067026
2006-12-16,"META","PUERTO LLERAS",122.27,"HECTAREA",3.193092925,-73.23671436
2006-12-16,"META","VISTAHERMOSA",16.41,"HECTAREA",2.811616698,-73.66652234
2006-12-16,"PUTUMAYO","PUERTO ASIS",619.61,"HECTAREA",0.433884539,-76.52158203
2006-12-16,"PUTUMAYO","VALLE DEL GUAMUEZ",332.34,"HECTAREA",0.42012589,-76.77067026
2006-12-17,"META","PUERTO RICO",102.72,"HECTAREA",2.758083657,-73.13780171
2006-12-17,"NARIÑO","IPIALES",273.9,"HECTAREA",0.497708465,-77.24047625
2006-12-17,"PUTUMAYO","PUERTO ASIS",289.93,"HECTAREA",0.433884539,-76.52158203
2006-12-17,"PUTUMAYO","VALLE DEL GUAMUEZ",87.99,"HECTAREA",0.42012589,-76.77067026
2006-12-18,"META","LA MACARENA",16.34,"HECTAREA",2.161863917,-74.09488076
2006-12-18,"META","PUERTO LLERAS",63.02,"HECTAREA",3.193092925,-73.23671436
2006-12-18,"META","PUERTO RICO",81.33,"HECTAREA",2.758083657,-73.13780171
2006-12-18,"META","VISTAHERMOSA",16.66,"HECTAREA",2.811616698,-73.66652234
2006-12-18,"PUTUMAYO","PUERTO ASIS",625.57,"HECTAREA",0.433884539,-76.52158203
2006-12-18,"PUTUMAYO","VALLE DEL GUAMUEZ",90.48,"HECTAREA",0.42012589,-76.77067026
2006-12-19,"GUAVIARE","SAN JOSE DEL GUAVIARE",6.01,"HECTAREA",2.484286091,-71.91916993
2006-12-19,"META","PUERTO RICO",66.24,"HECTAREA",2.758083657,-73.13780171
2006-12-19,"META","VISTAHERMOSA",42.46,"HECTAREA",2.811616698,-73.66652234
2006-12-19,"PUTUMAYO","PUERTO ASIS",392.43,"HECTAREA",0.433884539,-76.52158203
2006-12-19,"PUTUMAYO","VALLE DEL GUAMUEZ",301.56,"HECTAREA",0.42012589,-76.77067026
2006-12-20,"GUAVIARE","SAN JOSE DEL GUAVIARE",6.55,"HECTAREA",2.484286091,-71.91916993
2006-12-20,"META","PUERTO RICO",42.69,"HECTAREA",2.758083657,-73.13780171
2006-12-20,"META","VISTAHERMOSA",112.71,"HECTAREA",2.811616698,-73.66652234
2006-12-20,"PUTUMAYO","PUERTO ASIS",846.35,"HECTAREA",0.433884539,-76.52158203
2006-12-21,"GUAVIARE","CALAMAR",23.22,"HECTAREA",1.613634284,-73.0342639
2006-12-21,"GUAVIARE","EL RETORNO",212.27,"HECTAREA",2.143447362,-72.24364869
2006-12-21,"GUAVIARE","SAN JOSE DEL GUAVIARE",19.75,"HECTAREA",2.484286091,-71.91916993
2006-12-23,"NARIÑO","IPIALES",40.48,"HECTAREA",0.497708465,-77.24047625
2006-12-23,"PUTUMAYO","PUERTO ASIS",508.6,"HECTAREA",0.433884539,-76.52158203
2006-12-23,"PUTUMAYO","LEGUIZAMO",212.52,"HECTAREA",0.05947197,-75.06479327
2006-12-23,"PUTUMAYO","VALLE DEL GUAMUEZ",503.21,"HECTAREA",0.42012589,-76.77067026
2006-12-24,"NARIÑO","IPIALES",110.2,"HECTAREA",0.497708465,-77.24047625
2006-12-24,"PUTUMAYO","PUERTO ASIS",95.44,"HECTAREA",0.433884539,-76.52158203
2006-12-24,"PUTUMAYO","LEGUIZAMO",66.75,"HECTAREA",0.05947197,-75.06479327
2006-12-24,"PUTUMAYO","VALLE DEL GUAMUEZ",398.62,"HECTAREA",0.42012589,-76.77067026
2006-12-25,"NARIÑO","IPIALES",83.87,"HECTAREA",0.497708465,-77.24047625
2006-12-25,"PUTUMAYO","PUERTO ASIS",128.25,"HECTAREA",0.433884539,-76.52158203
2006-12-25,"PUTUMAYO","LEGUIZAMO",25.09,"HECTAREA",0.05947197,-75.06479327
2006-12-25,"PUTUMAYO","VALLE DEL GUAMUEZ",693.85,"HECTAREA",0.42012589,-76.77067026
2006-12-26,"PUTUMAYO","PUERTO ASIS",102.35,"HECTAREA",0.433884539,-76.52158203
2006-12-27,"PUTUMAYO","PUERTO ASIS",773.41,"HECTAREA",0.433884539,-76.52158203
2006-12-27,"PUTUMAYO","VALLE DEL GUAMUEZ",530.54,"HECTAREA",0.42012589,-76.77067026
2006-12-28,"META","MAPIRIPAN",47.54,"HECTAREA",3.117523361,-71.93805692
2006-12-29,"CAQUETÁ","EL PAUJIL",32.22,"HECTAREA",1.476630016,-75.20231825
2006-12-29,"CAQUETÁ","LA MONTAÑITA",51.35,"HECTAREA",1.302860442,-75.23572732
2006-12-29,"META","PUERTO LLERAS",121.56,"HECTAREA",3.193092925,-73.23671436
2006-12-30,"META","PUERTO LLERAS",106.99,"HECTAREA",3.193092925,-73.23671436
2006-12-31,"CAQUETÁ","EL PAUJIL",9.47,"HECTAREA",1.476630016,-75.20231825
2006-12-31,"META","PUERTO LLERAS",59.54,"HECTAREA",3.193092925,-73.23671436
2006-12-31,"PUTUMAYO","PUERTO ASIS",372.87,"HECTAREA",0.433884539,-76.52158203
2007-01-01,"PUTUMAYO","PUERTO ASIS",325.81,"HECTAREA",0.433884539,-76.52158203
2007-01-01,"PUTUMAYO","VALLE DEL GUAMUEZ",699.15,"HECTAREA",0.42012589,-76.77067026
2007-01-02,"GUAVIARE","SAN JOSE DEL GUAVIARE",3.39,"HECTAREA",2.484286091,-71.91916993
2007-01-02,"META","PUERTO CONCORDIA",74.04,"HECTAREA",2.752260112,-72.7210941
2007-01-02,"PUTUMAYO","LEGUIZAMO",64.73,"HECTAREA",0.05947197,-75.06479327
2007-01-02,"PUTUMAYO","VALLE DEL GUAMUEZ",664.52,"HECTAREA",0.42012589,-76.77067026
2007-01-03,"CAQUETÁ","SOLITA",47.9,"HECTAREA",0.943939454,-75.64668544
2007-01-03,"META","PUERTO LLERAS",105.91,"HECTAREA",3.193092925,-73.23671436
2007-01-03,"PUTUMAYO","PUERTO ASIS",172.29,"HECTAREA",0.433884539,-76.52158203
2007-01-03,"PUTUMAYO","LEGUIZAMO",96.3,"HECTAREA",0.05947197,-75.06479327
2007-01-04,"GUAVIARE","CALAMAR",75.2,"HECTAREA",1.613634284,-73.0342639
2007-01-04,"GUAVIARE","EL RETORNO",79.69,"HECTAREA",2.143447362,-72.24364869
2007-01-04,"GUAVIARE","SAN JOSE DEL GUAVIARE",77.15,"HECTAREA",2.484286091,-71.91916993
2007-01-04,"PUTUMAYO","PUERTO GUZMAN",34.77,"HECTAREA",0.746432215,-75.88022979
2007-01-04,"PUTUMAYO","LEGUIZAMO",178.08,"HECTAREA",0.05947197,-75.06479327
2007-01-05,"GUAVIARE","EL RETORNO",40.68,"HECTAREA",2.143447362,-72.24364869
2007-01-05,"GUAVIARE","SAN JOSE DEL GUAVIARE",82.16,"HECTAREA",2.484286091,-71.91916993
2007-01-05,"META","PUERTO CONCORDIA",11.93,"HECTAREA",2.752260112,-72.7210941
2007-01-05,"PUTUMAYO","PUERTO ASIS",97.37,"HECTAREA",0.433884539,-76.52158203
2007-01-05,"PUTUMAYO","LEGUIZAMO",73.46,"HECTAREA",0.05947197,-75.06479327
2007-01-05,"PUTUMAYO","SAN MIGUEL",544.99,"HECTAREA",0.272449048,-76.84510459
2007-01-06,"META","PUERTO RICO",74.38,"HECTAREA",2.758083657,-73.13780171
2007-01-06,"NARIÑO","IPIALES",68.89,"HECTAREA",0.497708465,-77.24047625
2007-01-06,"PUTUMAYO","PUERTO ASIS",103.71,"HECTAREA",0.433884539,-76.52158203
2007-01-06,"PUTUMAYO","LEGUIZAMO",95.91,"HECTAREA",0.05947197,-75.06479327
2007-01-06,"PUTUMAYO","VALLE DEL GUAMUEZ",143.01,"HECTAREA",0.42012589,-76.77067026
2007-01-07,"GUAVIARE","EL RETORNO",11.61,"HECTAREA",2.143447362,-72.24364869
2007-01-07,"GUAVIARE","SAN JOSE DEL GUAVIARE",6.6,"HECTAREA",2.484286091,-71.91916993
2007-01-07,"META","PUERTO RICO",113.28,"HECTAREA",2.758083657,-73.13780171
2007-01-07,"PUTUMAYO","PUERTO ASIS",384.28,"HECTAREA",0.433884539,-76.52158203
2007-01-08,"GUAVIARE","CALAMAR",38.79,"HECTAREA",1.613634284,-73.0342639
2007-01-08,"GUAVIARE","SAN JOSE DEL GUAVIARE",78.42,"HECTAREA",2.484286091,-71.91916993
2007-01-08,"META","PUERTO CONCORDIA",21.8,"HECTAREA",2.752260112,-72.7210941
2007-01-08,"PUTUMAYO","PUERTO ASIS",407.34,"HECTAREA",0.433884539,-76.52158203
2007-01-09,"GUAVIARE","SAN JOSE DEL GUAVIARE",12,"HECTAREA",2.484286091,-71.91916993
2007-01-09,"META","PUERTO CONCORDIA",27.22,"HECTAREA",2.752260112,-72.7210941
2007-01-09,"PUTUMAYO","PUERTO ASIS",288.25,"HECTAREA",0.433884539,-76.52158203
2007-01-10,"CAQUETÁ","FLORENCIA",68.09,"HECTAREA",1.749138704,-75.55823906
2007-01-10,"CAQUETÁ","PUERTO RICO",3.56,"HECTAREA",2.018940891,-75.07308627
2007-01-10,"GUAVIARE","CALAMAR",41.37,"HECTAREA",1.613634284,-73.0342639
2007-01-10,"GUAVIARE","SAN JOSE DEL GUAVIARE",82.57,"HECTAREA",2.484286091,-71.91916993
2007-01-10,"PUTUMAYO","PUERTO GUZMAN",256.94,"HECTAREA",0.746432215,-75.88022979
2007-01-11,"CAQUETÁ","LA MONTAÑITA",1.74,"HECTAREA",1.302860442,-75.23572732
2007-01-11,"GUAVIARE","SAN JOSE DEL GUAVIARE",118.03,"HECTAREA",2.484286091,-71.91916993
2007-01-11,"PUTUMAYO","PUERTO GUZMAN",222.87,"HECTAREA",0.746432215,-75.88022979
2007-01-13,"PUTUMAYO","PUERTO ASIS",5.76,"HECTAREA",0.433884539,-76.52158203
2007-01-13,"PUTUMAYO","VILLAGARZON",3.21,"HECTAREA",0.911149515,-76.74495447
2007-01-14,"GUAVIARE","SAN JOSE DEL GUAVIARE",42.45,"HECTAREA",2.484286091,-71.91916993
2007-01-14,"META","PUERTO RICO",12.57,"HECTAREA",2.758083657,-73.13780171
2007-01-14,"NARIÑO","IPIALES",102.07,"HECTAREA",0.497708465,-77.24047625
2007-01-14,"PUTUMAYO","PUERTO GUZMAN",175.06,"HECTAREA",0.746432215,-75.88022979
2007-01-15,"CAQUETÁ","PUERTO RICO",83.5,"HECTAREA",2.018940891,-75.07308627
2007-01-15,"GUAVIARE","SAN JOSE DEL GUAVIARE",0.89,"HECTAREA",2.484286091,-71.91916993
2007-01-15,"META","PUERTO LLERAS",119.14,"HECTAREA",3.193092925,-73.23671436
2007-01-16,"CAQUETÁ","PUERTO RICO",2.54,"HECTAREA",2.018940891,-75.07308627
2007-01-16,"META","PUERTO LLERAS",73.48,"HECTAREA",3.193092925,-73.23671436
2007-01-16,"META","PUERTO RICO",70.36,"HECTAREA",2.758083657,-73.13780171
2007-01-16,"META","VISTAHERMOSA",64.04,"HECTAREA",2.811616698,-73.66652234
2007-01-17,"CAUCA","BOLIVAR",65.12,"HECTAREA",1.853951938,-76.96337454
2007-01-17,"CAUCA","PATIA",109.75,"HECTAREA",2.157983906,-77.0465762
2007-01-17,"GUAVIARE","EL RETORNO",83.77,"HECTAREA",2.143447362,-72.24364869
2007-01-17,"GUAVIARE","SAN JOSE DEL GUAVIARE",15.75,"HECTAREA",2.484286091,-71.91916993
2007-01-18,"CAUCA","BOLIVAR",39.04,"HECTAREA",1.853951938,-76.96337454
2007-01-18,"CAUCA","LA VEGA",24.16,"HECTAREA",2.053933426,-76.7588062
2007-01-18,"CAUCA","PATIA",27.48,"HECTAREA",2.157983906,-77.0465762
2007-01-18,"GUAVIARE","EL RETORNO",63.08,"HECTAREA",2.143447362,-72.24364869
2007-01-19,"CAUCA","PATIA",125.89,"HECTAREA",2.157983906,-77.0465762
2007-01-19,"GUAVIARE","EL RETORNO",20.7,"HECTAREA",2.143447362,-72.24364869
2007-01-19,"GUAVIARE","SAN JOSE DEL GUAVIARE",42.44,"HECTAREA",2.484286091,-71.91916993
2007-01-19,"META","PUERTO RICO",151.98,"HECTAREA",2.758083657,-73.13780171
2007-01-20,"META","PUERTO LLERAS",85.9,"HECTAREA",3.193092925,-73.23671436
2007-01-20,"META","VISTAHERMOSA",46.73,"HECTAREA",2.811616698,-73.66652234
2007-01-21,"CAUCA","BALBOA",112.62,"HECTAREA",2.084732945,-77.2088133
2007-01-21,"CAUCA","PATIA",73.26,"HECTAREA",2.157983906,-77.0465762
2007-01-21,"META","PUERTO LLERAS",63.57,"HECTAREA",3.193092925,-73.23671436
2007-01-21,"META","PUERTO RICO",223.74,"HECTAREA",2.758083657,-73.13780171
2007-01-21,"PUTUMAYO","PUERTO ASIS",40.95,"HECTAREA",0.433884539,-76.52158203
2007-01-21,"PUTUMAYO","VALLE DEL GUAMUEZ",35.21,"HECTAREA",0.42012589,-76.77067026
2007-01-22,"GUAVIARE","CALAMAR",50.69,"HECTAREA",1.613634284,-73.0342639
2007-01-22,"GUAVIARE","EL RETORNO",10.98,"HECTAREA",2.143447362,-72.24364869
2007-01-22,"META","PUERTO RICO",312.86,"HECTAREA",2.758083657,-73.13780171
2007-01-23,"CAUCA","BALBOA",124.39,"HECTAREA",2.084732945,-77.2088133
2007-01-23,"CAUCA","EL TAMBO",28.87,"HECTAREA",2.534488312,-77.00511207
2007-01-23,"CAUCA","PATIA",43.07,"HECTAREA",2.157983906,-77.0465762
2007-01-23,"GUAVIARE","CALAMAR",3.15,"HECTAREA",1.613634284,-73.0342639
2007-01-23,"GUAVIARE","EL RETORNO",6.94,"HECTAREA",2.143447362,-72.24364869
2007-01-23,"GUAVIARE","SAN JOSE DEL GUAVIARE",6.39,"HECTAREA",2.484286091,-71.91916993
2007-01-24,"CAUCA","PATIA",184.39,"HECTAREA",2.157983906,-77.0465762
2007-01-24,"GUAVIARE","EL RETORNO",40.97,"HECTAREA",2.143447362,-72.24364869
2007-01-24,"GUAVIARE","SAN JOSE DEL GUAVIARE",58.29,"HECTAREA",2.484286091,-71.91916993
2007-01-25,"GUAVIARE","CALAMAR",4.27,"HECTAREA",1.613634284,-73.0342639
2007-01-25,"GUAVIARE","EL RETORNO",3.86,"HECTAREA",2.143447362,-72.24364869
2007-01-25,"GUAVIARE","SAN JOSE DEL GUAVIARE",1.69,"HECTAREA",2.484286091,-71.91916993
2007-01-25,"META","PUERTO LLERAS",44,"HECTAREA",3.193092925,-73.23671436
2007-01-25,"META","PUERTO RICO",84.27,"HECTAREA",2.758083657,-73.13780171
2007-01-26,"META","PUERTO LLERAS",79.64,"HECTAREA",3.193092925,-73.23671436
2007-01-26,"META","PUERTO RICO",125.37,"HECTAREA",2.758083657,-73.13780171
2007-01-27,"CAUCA","PATIA",93.04,"HECTAREA",2.157983906,-77.0465762
2007-01-27,"GUAVIARE","CALAMAR",41.71,"HECTAREA",1.613634284,-73.0342639
2007-01-27,"GUAVIARE","SAN JOSE DEL GUAVIARE",27.8,"HECTAREA",2.484286091,-71.91916993
2007-01-27,"META","PUERTO RICO",139.19,"HECTAREA",2.758083657,-73.13780171
2007-01-28,"CAUCA","BALBOA",117.01,"HECTAREA",2.084732945,-77.2088133
2007-01-28,"META","PUERTO RICO",35.91,"HECTAREA",2.758083657,-73.13780171
2007-01-28,"META","VISTAHERMOSA",118.29,"HECTAREA",2.811616698,-73.66652234
2007-01-28,"NARIÑO","LEIVA",24.59,"HECTAREA",1.900862361,-77.31220073
2007-01-29,"CAUCA","BALBOA",72.88,"HECTAREA",2.084732945,-77.2088133
2007-01-29,"GUAVIARE","CALAMAR",19.96,"HECTAREA",1.613634284,-73.0342639
2007-01-29,"GUAVIARE","SAN JOSE DEL GUAVIARE",8.23,"HECTAREA",2.484286091,-71.91916993
2007-01-29,"NARIÑO","LEIVA",25.04,"HECTAREA",1.900862361,-77.31220073
2007-01-30,"GUAVIARE","CALAMAR",52.48,"HECTAREA",1.613634284,-73.0342639
2007-01-30,"GUAVIARE","EL RETORNO",84.5,"HECTAREA",2.143447362,-72.24364869
2007-01-30,"GUAVIARE","SAN JOSE DEL GUAVIARE",11.54,"HECTAREA",2.484286091,-71.91916993
2007-01-31,"CAUCA","BALBOA",53.83,"HECTAREA",2.084732945,-77.2088133
2007-01-31,"META","MAPIRIPAN",2.84,"HECTAREA",3.117523361,-71.93805692
2007-01-31,"NARIÑO","BARBACOAS",164.05,"HECTAREA",1.44563774,-78.15621072
2007-01-31,"NARIÑO","MAGUI",219.66,"HECTAREA",1.906858429,-78.04473644
2007-01-31,"NARIÑO","ROBERTO PAYAN",48.48,"HECTAREA",1.897581156,-78.3811163
2007-02-01,"META","MAPIRIPAN",85.09,"HECTAREA",3.117523361,-71.93805692
2007-02-01,"META","PUERTO CONCORDIA",3.87,"HECTAREA",2.752260112,-72.7210941
2007-02-02,"CAUCA","ARGELIA",21.18,"HECTAREA",2.329337283,-77.26314906
2007-02-02,"CAUCA","BALBOA",29.25,"HECTAREA",2.084732945,-77.2088133
2007-02-02,"GUAVIARE","MIRAFLORES",97.32,"HECTAREA",1.363974932,-72.01810951
2007-02-02,"NARIÑO","SAN ANDRES DE TUMACO",1054.4,"HECTAREA",1.574550638,-78.61540963
2007-02-03,"META","VISTAHERMOSA",41.73,"HECTAREA",2.811616698,-73.66652234
2007-02-03,"NARIÑO","SAN ANDRES DE TUMACO",707.46,"HECTAREA",1.574550638,-78.61540963
2007-02-04,"GUAVIARE","EL RETORNO",124.88,"HECTAREA",2.143447362,-72.24364869
2007-02-04,"GUAVIARE","SAN JOSE DEL GUAVIARE",11.29,"HECTAREA",2.484286091,-71.91916993
2007-02-04,"NARIÑO","EL PEÑOL",100.85,"HECTAREA",1.512283967,-77.43050934
2007-02-04,"NARIÑO","LOS ANDES",4.1,"HECTAREA",1.672601269,-77.71054449
2007-02-04,"NARIÑO","SAN ANDRES DE TUMACO",462.97,"HECTAREA",1.574550638,-78.61540963
2007-02-04,"NARIÑO","TAMINANGO",31.23,"HECTAREA",1.591661392,-77.32525316
2007-02-05,"GUAVIARE","MIRAFLORES",14.45,"HECTAREA",1.363974932,-72.01810951
2007-02-05,"GUAVIARE","SAN JOSE DEL GUAVIARE",26.64,"HECTAREA",2.484286091,-71.91916993
2007-02-05,"NARIÑO","EL PEÑOL",65.36,"HECTAREA",1.512283967,-77.43050934
2007-02-05,"NARIÑO","SAN ANDRES DE TUMACO",1227.37,"HECTAREA",1.574550638,-78.61540963
2007-02-06,"GUAVIARE","EL RETORNO",129.67,"HECTAREA",2.143447362,-72.24364869
2007-02-06,"META","PUERTO CONCORDIA",0.58,"HECTAREA",2.752260112,-72.7210941
2007-02-07,"GUAVIARE","EL RETORNO",118.03,"HECTAREA",2.143447362,-72.24364869
2007-02-08,"GUAVIARE","SAN JOSE DEL GUAVIARE",81.3,"HECTAREA",2.484286091,-71.91916993
2007-02-08,"NARIÑO","SAN ANDRES DE TUMACO",376.35,"HECTAREA",1.574550638,-78.61540963
2007-02-09,"GUAVIARE","CALAMAR",86.65,"HECTAREA",1.613634284,-73.0342639
2007-02-09,"GUAVIARE","EL RETORNO",51.48,"HECTAREA",2.143447362,-72.24364869
2007-02-09,"GUAVIARE","SAN JOSE DEL GUAVIARE",45.48,"HECTAREA",2.484286091,-71.91916993
2007-02-09,"NARIÑO","SAN ANDRES DE TUMACO",1101.33,"HECTAREA",1.574550638,-78.61540963
2007-02-10,"GUAVIARE","SAN JOSE DEL GUAVIARE",49.46,"HECTAREA",2.484286091,-71.91916993
2007-02-10,"NARIÑO","EL PEÑOL",31.88,"HECTAREA",1.512283967,-77.43050934
2007-02-10,"NARIÑO","POLICARPA",42.57,"HECTAREA",1.735354202,-77.48134359
2007-02-10,"NARIÑO","SAN ANDRES DE TUMACO",644.61,"HECTAREA",1.574550638,-78.61540963
2007-02-11,"CAUCA","MERCADERES",86.19,"HECTAREA",1.793825164,-77.18060381
2007-02-11,"GUAVIARE","EL RETORNO",120.83,"HECTAREA",2.143447362,-72.24364869
2007-02-11,"GUAVIARE","SAN JOSE DEL GUAVIARE",83.43,"HECTAREA",2.484286091,-71.91916993
2007-02-11,"NARIÑO","MAGUI",460.88,"HECTAREA",1.906858429,-78.04473644
2007-02-11,"NARIÑO","TAMINANGO",44.9,"HECTAREA",1.591661392,-77.32525316
2007-02-12,"GUAVIARE","CALAMAR",104.16,"HECTAREA",1.613634284,-73.0342639
2007-02-12,"GUAVIARE","EL RETORNO",157.07,"HECTAREA",2.143447362,-72.24364869
2007-02-12,"GUAVIARE","SAN JOSE DEL GUAVIARE",30.04,"HECTAREA",2.484286091,-71.91916993
2007-02-12,"NARIÑO","ALDANA",729.69,"HECTAREA",0.913431916,-77.69538731
2007-02-13,"GUAVIARE","CALAMAR",73.66,"HECTAREA",1.613634284,-73.0342639
2007-02-13,"GUAVIARE","EL RETORNO",251.81,"HECTAREA",2.143447362,-72.24364869
2007-02-13,"GUAVIARE","SAN JOSE DEL GUAVIARE",101.41,"HECTAREA",2.484286091,-71.91916993
2007-02-13,"NARIÑO","SAN ANDRES DE TUMACO",74.96,"HECTAREA",1.574550638,-78.61540963
2007-02-14,"GUAVIARE","SAN JOSE DEL GUAVIARE",33.41,"HECTAREA",2.484286091,-71.91916993
2007-02-14,"META","PUERTO RICO",113.09,"HECTAREA",2.758083657,-73.13780171
2007-02-14,"META","VISTAHERMOSA",86.54,"HECTAREA",2.811616698,-73.66652234
2007-02-15,"GUAVIARE","CALAMAR",41.66,"HECTAREA",1.613634284,-73.0342639
2007-02-15,"GUAVIARE","SAN JOSE DEL GUAVIARE",87.52,"HECTAREA",2.484286091,-71.91916993
2007-02-15,"GUAVIARE","SAN JOSE DEL GUAVIARE",61.6,"HECTAREA",2.484286091,-71.91916993
2007-02-15,"NARIÑO","SAN ANDRES DE TUMACO",311.58,"HECTAREA",1.574550638,-78.61540963
2007-02-16,"GUAVIARE","CALAMAR",53.69,"HECTAREA",1.613634284,-73.0342639
2007-02-16,"GUAVIARE","EL RETORNO",20.32,"HECTAREA",2.143447362,-72.24364869
2007-02-16,"NARIÑO","ROBERTO PAYAN",148.55,"HECTAREA",1.897581156,-78.3811163
2007-02-16,"NARIÑO","SAN ANDRES DE TUMACO",308.02,"HECTAREA",1.574550638,-78.61540963
2007-02-17,"CAUCA","ARGELIA",76.46,"HECTAREA",2.329337283,-77.26314906
2007-02-17,"CAUCA","BALBOA",20.46,"HECTAREA",2.084732945,-77.2088133
2007-02-17,"CAUCA","EL TAMBO",29.62,"HECTAREA",2.534488312,-77.00511207
2007-02-17,"GUAVIARE","CALAMAR",30.69,"HECTAREA",1.613634284,-73.0342639
2007-02-17,"GUAVIARE","EL RETORNO",44.43,"HECTAREA",2.143447362,-72.24364869
2007-02-17,"GUAVIARE","SAN JOSE DEL GUAVIARE",109.86,"HECTAREA",2.484286091,-71.91916993
2007-02-17,"NARIÑO","LEIVA",26.46,"HECTAREA",1.900862361,-77.31220073
2007-02-17,"NARIÑO","SAN ANDRES DE TUMACO",239.98,"HECTAREA",1.574550638,-78.61540963
2007-02-18,"CAUCA","MERCADERES",28.18,"HECTAREA",1.793825164,-77.18060381
2007-02-18,"GUAVIARE","EL RETORNO",93.96,"HECTAREA",2.143447362,-72.24364869
2007-02-18,"GUAVIARE","SAN JOSE DEL GUAVIARE",39.59,"HECTAREA",2.484286091,-71.91916993
2007-02-18,"NARIÑO","ALDANA",239.93,"HECTAREA",0.913431916,-77.69538731
2007-02-18,"NARIÑO","EL CHARCO",89.11,"HECTAREA",2.216382295,-77.99533234
2007-02-18,"NARIÑO","LA TOLA",324.1,"HECTAREA",2.56027333,-78.23506694
2007-02-18,"NARIÑO","LEIVA",56.12,"HECTAREA",1.900862361,-77.31220073
2007-02-18,"NARIÑO","MAGUI",80.26,"HECTAREA",1.906858429,-78.04473644
2007-02-18,"NARIÑO","OLAYA HERRERA",393.55,"HECTAREA",2.287856547,-78.31219024
2007-02-19,"GUAVIARE","CALAMAR",17.4,"HECTAREA",1.613634284,-73.0342639
2007-02-19,"GUAVIARE","EL RETORNO",57.69,"HECTAREA",2.143447362,-72.24364869
2007-02-19,"NARIÑO","SAN ANDRES DE TUMACO",168.69,"HECTAREA",1.574550638,-78.61540963
2007-02-20,"GUAVIARE","EL RETORNO",75.32,"HECTAREA",2.143447362,-72.24364869
2007-02-20,"GUAVIARE","SAN JOSE DEL GUAVIARE",25.02,"HECTAREA",2.484286091,-71.91916993
2007-02-20,"META","PUERTO RICO",68.76,"HECTAREA",2.758083657,-73.13780171
2007-02-20,"META","VISTAHERMOSA",81.53,"HECTAREA",2.811616698,-73.66652234
2007-02-20,"NARIÑO","ROBERTO PAYAN",102.59,"HECTAREA",1.897581156,-78.3811163
2007-02-20,"NARIÑO","SAN ANDRES DE TUMACO",105.97,"HECTAREA",1.574550638,-78.61540963
2007-02-21,"CAUCA","ARGELIA",110.49,"HECTAREA",2.329337283,-77.26314906
2007-02-21,"GUAVIARE","EL RETORNO",119.44,"HECTAREA",2.143447362,-72.24364869
2007-02-21,"GUAVIARE","SAN JOSE DEL GUAVIARE",42.11,"HECTAREA",2.484286091,-71.91916993
2007-02-21,"NARIÑO","LEIVA",108.89,"HECTAREA",1.900862361,-77.31220073
2007-02-21,"NARIÑO","OLAYA HERRERA",238.13,"HECTAREA",2.287856547,-78.31219024
2007-02-22,"META","PUERTO CONCORDIA",63.83,"HECTAREA",2.752260112,-72.7210941
2007-02-22,"NARIÑO","MAGUI",327.51,"HECTAREA",1.906858429,-78.04473644
2007-02-22,"NARIÑO","SAN ANDRES DE TUMACO",187.44,"HECTAREA",1.574550638,-78.61540963
2007-02-23,"CAUCA","BALBOA",76.86,"HECTAREA",2.084732945,-77.2088133
2007-02-23,"META","PUERTO RICO",44.53,"HECTAREA",2.758083657,-73.13780171
2007-02-23,"META","VISTAHERMOSA",123.23,"HECTAREA",2.811616698,-73.66652234
2007-02-23,"NARIÑO","MAGUI",322.43,"HECTAREA",1.906858429,-78.04473644
2007-02-23,"NARIÑO","OLAYA HERRERA",169.5,"HECTAREA",2.287856547,-78.31219024
2007-02-24,"NARIÑO","BARBACOAS",57.16,"HECTAREA",1.44563774,-78.15621072
2007-02-24,"NARIÑO","MAGUI",6.86,"HECTAREA",1.906858429,-78.04473644
2007-02-24,"NARIÑO","OLAYA HERRERA",192.3,"HECTAREA",2.287856547,-78.31219024
2007-02-25,"NARIÑO","OLAYA HERRERA",105.1,"HECTAREA",2.287856547,-78.31219024
2007-02-26,"CAUCA","ARGELIA",30.44,"HECTAREA",2.329337283,-77.26314906
2007-02-26,"CAUCA","EL TAMBO",31.6,"HECTAREA",2.534488312,-77.00511207
2007-02-26,"GUAVIARE","EL RETORNO",100.29,"HECTAREA",2.143447362,-72.24364869
2007-02-26,"META","MAPIRIPAN",83.08,"HECTAREA",3.117523361,-71.93805692
2007-02-26,"META","VISTAHERMOSA",0.7,"HECTAREA",2.811616698,-73.66652234
2007-02-26,"NARIÑO","SAN ANDRES DE TUMACO",112.23,"HECTAREA",1.574550638,-78.61540963
2007-02-27,"CAUCA","ARGELIA",76.12,"HECTAREA",2.329337283,-77.26314906
2007-02-27,"CAUCA","EL TAMBO",49.4,"HECTAREA",2.534488312,-77.00511207
2007-02-27,"META","VISTAHERMOSA",81.38,"HECTAREA",2.811616698,-73.66652234
2007-02-27,"NARIÑO","EL CHARCO",333.82,"HECTAREA",2.216382295,-77.99533234
2007-02-27,"NARIÑO","ROBERTO PAYAN",329.15,"HECTAREA",1.897581156,-78.3811163
2007-02-28,"CAUCA","ARGELIA",162.8,"HECTAREA",2.329337283,-77.26314906
2007-02-28,"META","MAPIRIPAN",81.33,"HECTAREA",3.117523361,-71.93805692
2007-03-01,"CAUCA","ARGELIA",188.35,"HECTAREA",2.329337283,-77.26314906
2007-03-01,"GUAVIARE","EL RETORNO",66.3,"HECTAREA",2.143447362,-72.24364869
2007-03-01,"META","MAPIRIPAN",79.18,"HECTAREA",3.117523361,-71.93805692
2007-03-02,"CAUCA","ARGELIA",195.86,"HECTAREA",2.329337283,-77.26314906
2007-03-02,"CAUCA","BALBOA",26.94,"HECTAREA",2.084732945,-77.2088133
2007-03-02,"GUAVIARE","CALAMAR",27.94,"HECTAREA",1.613634284,-73.0342639
2007-03-02,"META","MAPIRIPAN",44.7,"HECTAREA",3.117523361,-71.93805692
2007-03-02,"NARIÑO","OLAYA HERRERA",23.61,"HECTAREA",2.287856547,-78.31219024
2007-03-03,"GUAVIARE","CALAMAR",163.94,"HECTAREA",1.613634284,-73.0342639
2007-03-03,"GUAVIARE","EL RETORNO",90.82,"HECTAREA",2.143447362,-72.24364869
2007-03-03,"NARIÑO","MOSQUERA",148.29,"HECTAREA",2.442493698,-78.438827
2007-03-03,"NARIÑO","SAN ANDRES DE TUMACO",97.84,"HECTAREA",1.574550638,-78.61540963
2007-03-04,"GUAVIARE","CALAMAR",5.76,"HECTAREA",1.613634284,-73.0342639
2007-03-04,"NARIÑO","SAN ANDRES DE TUMACO",396.65,"HECTAREA",1.574550638,-78.61540963
2007-03-05,"GUAVIARE","CALAMAR",4.6,"HECTAREA",1.613634284,-73.0342639
2007-03-05,"GUAVIARE","MIRAFLORES",78.68,"HECTAREA",1.363974932,-72.01810951
2007-03-05,"NARIÑO","BARBACOAS",63.69,"HECTAREA",1.44563774,-78.15621072
2007-03-05,"NARIÑO","CUMBITARA",165.96,"HECTAREA",1.72559011,-77.59281637
2007-03-05,"NARIÑO","MAGUI",89,"HECTAREA",1.906858429,-78.04473644
2007-03-05,"NARIÑO","POLICARPA",141.11,"HECTAREA",1.735354202,-77.48134359
2007-03-06,"GUAVIARE","CALAMAR",74.71,"HECTAREA",1.613634284,-73.0342639
2007-03-06,"NARIÑO","SAN ANDRES DE TUMACO",17.03,"HECTAREA",1.574550638,-78.61540963
2007-03-07,"GUAVIARE","CALAMAR",37.53,"HECTAREA",1.613634284,-73.0342639
2007-03-07,"META","PUERTO CONCORDIA",57.86,"HECTAREA",2.752260112,-72.7210941
2007-03-07,"NARIÑO","SAN ANDRES DE TUMACO",176.98,"HECTAREA",1.574550638,-78.61540963
2007-03-08,"CAUCA","ARGELIA",7.11,"HECTAREA",2.329337283,-77.26314906
2007-03-08,"NARIÑO","LOS ANDES",1.35,"HECTAREA",1.672601269,-77.71054449
2007-03-08,"NARIÑO","MAGUI",58.69,"HECTAREA",1.906858429,-78.04473644
2007-03-08,"NARIÑO","POLICARPA",4.95,"HECTAREA",1.735354202,-77.48134359
2007-03-09,"GUAVIARE","CALAMAR",90.44,"HECTAREA",1.613634284,-73.0342639
2007-03-09,"GUAVIARE","EL RETORNO",140.45,"HECTAREA",2.143447362,-72.24364869
2007-03-09,"GUAVIARE","SAN JOSE DEL GUAVIARE",129.71,"HECTAREA",2.484286091,-71.91916993
2007-03-09,"NARIÑO","EL PEÑOL",177.79,"HECTAREA",1.512283967,-77.43050934
2007-03-09,"NARIÑO","SAN ANDRES DE TUMACO",29.24,"HECTAREA",1.574550638,-78.61540963
2007-03-10,"GUAVIARE","SAN JOSE DEL GUAVIARE",0.49,"HECTAREA",2.484286091,-71.91916993
2007-03-10,"NARIÑO","ALBAN",60.8,"HECTAREA",1.469854084,-77.06880947
2007-03-10,"NARIÑO","EL PEÑOL",86.3,"HECTAREA",1.512283967,-77.43050934
2007-03-11,"GUAVIARE","CALAMAR",45.15,"HECTAREA",1.613634284,-73.0342639
2007-03-11,"GUAVIARE","EL RETORNO",40.87,"HECTAREA",2.143447362,-72.24364869
2007-03-11,"GUAVIARE","SAN JOSE DEL GUAVIARE",20.48,"HECTAREA",2.484286091,-71.91916993
2007-03-11,"NARIÑO","EL CHARCO",158.67,"HECTAREA",2.216382295,-77.99533234
2007-03-12,"GUAVIARE","EL RETORNO",73.56,"HECTAREA",2.143447362,-72.24364869
2007-03-12,"NARIÑO","CUMBITARA",93.8,"HECTAREA",1.72559011,-77.59281637
2007-03-12,"NARIÑO","EL CHARCO",50.27,"HECTAREA",2.216382295,-77.99533234
2007-03-12,"NARIÑO","MAGUI",50.14,"HECTAREA",1.906858429,-78.04473644
2007-03-12,"NARIÑO","POLICARPA",149.31,"HECTAREA",1.735354202,-77.48134359
2007-03-13,"GUAVIARE","EL RETORNO",165.14,"HECTAREA",2.143447362,-72.24364869
2007-03-13,"NARIÑO","CUMBITARA",302.04,"HECTAREA",1.72559011,-77.59281637
2007-03-14,"CAUCA","MERCADERES",82.41,"HECTAREA",1.793825164,-77.18060381
2007-03-14,"META","PUERTO LLERAS",83.96,"HECTAREA",3.193092925,-73.23671436
2007-03-14,"META","VISTAHERMOSA",40.29,"HECTAREA",2.811616698,-73.66652234
2007-03-16,"GUAVIARE","SAN JOSE DEL GUAVIARE",17.84,"HECTAREA",2.484286091,-71.91916993
2007-03-16,"NARIÑO","MAGUI",30.2,"HECTAREA",1.906858429,-78.04473644
2007-03-16,"NARIÑO","ROBERTO PAYAN",64.64,"HECTAREA",1.897581156,-78.3811163
2007-03-17,"META","VISTAHERMOSA",3.23,"HECTAREA",2.811616698,-73.66652234
2007-03-18,"GUAVIARE","CALAMAR",31.13,"HECTAREA",1.613634284,-73.0342639
2007-03-18,"GUAVIARE","EL RETORNO",51.6,"HECTAREA",2.143447362,-72.24364869
2007-03-18,"NARIÑO","MAGUI",19.04,"HECTAREA",1.906858429,-78.04473644
2007-03-19,"ANTIOQUIA","TARAZA",156.7,"HECTAREA",7.488875998,-75.40189438
2007-03-19,"NARIÑO","EL CHARCO",25.67,"HECTAREA",2.216382295,-77.99533234
2007-03-19,"NARIÑO","MAGUI",11.39,"HECTAREA",1.906858429,-78.04473644
2007-03-20,"ANTIOQUIA","TARAZA",179.39,"HECTAREA",7.488875998,-75.40189438
2007-03-21,"ANTIOQUIA","TARAZA",357.81,"HECTAREA",7.488875998,-75.40189438
2007-03-21,"GUAVIARE","SAN JOSE DEL GUAVIARE",15.17,"HECTAREA",2.484286091,-71.91916993
2007-03-22,"META","PUERTO LLERAS",221.6,"HECTAREA",3.193092925,-73.23671436
2007-03-23,"ANTIOQUIA","TARAZA",220.82,"HECTAREA",7.488875998,-75.40189438
2007-03-23,"GUAVIARE","SAN JOSE DEL GUAVIARE",0.52,"HECTAREA",2.484286091,-71.91916993
2007-03-23,"META","PUERTO LLERAS",154.04,"HECTAREA",3.193092925,-73.23671436
2007-03-24,"ANTIOQUIA","TARAZA",168.2,"HECTAREA",7.488875998,-75.40189438
2007-03-25,"ANTIOQUIA","TARAZA",270.69,"HECTAREA",7.488875998,-75.40189438
2007-03-25,"CÓRDOBA","PUERTO LIBERTADOR",101.64,"HECTAREA",7.711515736,-75.77123224
2007-03-25,"NARIÑO","FRANCISCO PIZARRO",128.35,"HECTAREA",2.088531925,-78.59193099
2007-03-25,"NARIÑO","SAN ANDRES DE TUMACO",87.33,"HECTAREA",1.574550638,-78.61540963
2007-03-26,"ANTIOQUIA","CACERES",143.69,"HECTAREA",7.665155105,-75.22369744
2007-03-26,"ANTIOQUIA","TARAZA",167.41,"HECTAREA",7.488875998,-75.40189438
2007-03-26,"CÓRDOBA","MONTELIBANO",75.42,"HECTAREA",7.866432635,-75.87533926
2007-03-26,"CÓRDOBA","PUERTO LIBERTADOR",170.46,"HECTAREA",7.711515736,-75.77123224
2007-03-26,"GUAVIARE","CALAMAR",9.35,"HECTAREA",1.613634284,-73.0342639
2007-03-26,"GUAVIARE","EL RETORNO",12.82,"HECTAREA",2.143447362,-72.24364869
2007-03-26,"META","PUERTO LLERAS",115.4,"HECTAREA",3.193092925,-73.23671436
2007-03-26,"NARIÑO","SAN ANDRES DE TUMACO",78.75,"HECTAREA",1.574550638,-78.61540963
2007-03-27,"NARIÑO","SAN ANDRES DE TUMACO",248.63,"HECTAREA",1.574550638,-78.61540963
2007-03-28,"ANTIOQUIA","CACERES",43.32,"HECTAREA",7.665155105,-75.22369744
2007-03-28,"ANTIOQUIA","TARAZA",65.34,"HECTAREA",7.488875998,-75.40189438
2007-03-28,"CÓRDOBA","PUERTO LIBERTADOR",138.2,"HECTAREA",7.711515736,-75.77123224
2007-03-28,"META","MAPIRIPAN",79.54,"HECTAREA",3.117523361,-71.93805692
2007-03-28,"NARIÑO","CUMBITARA",45.24,"HECTAREA",1.72559011,-77.59281637
2007-03-28,"NARIÑO","POLICARPA",62.47,"HECTAREA",1.735354202,-77.48134359
2007-03-28,"NARIÑO","SAN ANDRES DE TUMACO",132.13,"HECTAREA",1.574550638,-78.61540963
2007-03-29,"ANTIOQUIA","TARAZA",88.69,"HECTAREA",7.488875998,-75.40189438
2007-03-29,"CÓRDOBA","PUERTO LIBERTADOR",124.84,"HECTAREA",7.711515736,-75.77123224
2007-03-29,"META","PUERTO CONCORDIA",6.32,"HECTAREA",2.752260112,-72.7210941
2007-03-29,"META","PUERTO LLERAS",65.88,"HECTAREA",3.193092925,-73.23671436
2007-03-29,"META","VISTAHERMOSA",17.99,"HECTAREA",2.811616698,-73.66652234
2007-03-29,"NARIÑO","EL CHARCO",29.86,"HECTAREA",2.216382295,-77.99533234
2007-03-29,"NARIÑO","MAGUI",84.8,"HECTAREA",1.906858429,-78.04473644
2007-03-30,"CÓRDOBA","PUERTO LIBERTADOR",211.48,"HECTAREA",7.711515736,-75.77123224
2007-03-30,"META","MAPIRIPAN",9.85,"HECTAREA",3.117523361,-71.93805692
2007-03-30,"META","PUERTO CONCORDIA",14.86,"HECTAREA",2.752260112,-72.7210941
2007-03-30,"NARIÑO","EL CHARCO",95.36,"HECTAREA",2.216382295,-77.99533234
2007-03-31,"ANTIOQUIA","TARAZA",121.17,"HECTAREA",7.488875998,-75.40189438
2007-03-31,"CÓRDOBA","PUERTO LIBERTADOR",42.52,"HECTAREA",7.711515736,-75.77123224
2007-03-31,"META","VISTAHERMOSA",13.88,"HECTAREA",2.811616698,-73.66652234
2007-03-31,"NARIÑO","BARBACOAS",5.45,"HECTAREA",1.44563774,-78.15621072
2007-03-31,"NARIÑO","ROBERTO PAYAN",0.29,"HECTAREA",1.897581156,-78.3811163
2007-03-31,"NARIÑO","SAN ANDRES DE TUMACO",85.95,"HECTAREA",1.574550638,-78.61540963
2007-04-01,"META","LA MACARENA",46.7,"HECTAREA",2.161863917,-74.09488076
2007-04-01,"META","PUERTO RICO",80.3,"HECTAREA",2.758083657,-73.13780171
2007-04-01,"NARIÑO","OLAYA HERRERA",146.8,"HECTAREA",2.287856547,-78.31219024
2007-04-02,"ANTIOQUIA","CACERES",499.08,"HECTAREA",7.665155105,-75.22369744
2007-04-02,"ANTIOQUIA","TARAZA",47.35,"HECTAREA",7.488875998,-75.40189438
2007-04-03,"META","PUERTO LLERAS",40.73,"HECTAREA",3.193092925,-73.23671436
2007-04-03,"META","VISTAHERMOSA",81.34,"HECTAREA",2.811616698,-73.66652234
2007-04-03,"NARIÑO","CUMBITARA",40.2,"HECTAREA",1.72559011,-77.59281637
2007-04-03,"NARIÑO","EL CHARCO",72.09,"HECTAREA",2.216382295,-77.99533234
2007-04-03,"NARIÑO","MAGUI",112.28,"HECTAREA",1.906858429,-78.04473644
2007-04-03,"NARIÑO","POLICARPA",103.12,"HECTAREA",1.735354202,-77.48134359
2007-04-04,"META","PUERTO RICO",37.53,"HECTAREA",2.758083657,-73.13780171
2007-04-04,"NARIÑO","BARBACOAS",190.23,"HECTAREA",1.44563774,-78.15621072
2007-04-05,"ANTIOQUIA","TARAZA",492.08,"HECTAREA",7.488875998,-75.40189438
2007-04-05,"GUAVIARE","SAN JOSE DEL GUAVIARE",17.79,"HECTAREA",2.484286091,-71.91916993
2007-04-06,"ANTIOQUIA","TARAZA",333.19,"HECTAREA",7.488875998,-75.40189438
2007-04-06,"GUAVIARE","SAN JOSE DEL GUAVIARE",199.92,"HECTAREA",2.484286091,-71.91916993
2007-04-07,"META","PUERTO LLERAS",22.57,"HECTAREA",3.193092925,-73.23671436
2007-04-07,"META","VISTAHERMOSA",70.89,"HECTAREA",2.811616698,-73.66652234
2007-04-08,"GUAVIARE","CALAMAR",48.26,"HECTAREA",1.613634284,-73.0342639
2007-04-08,"GUAVIARE","EL RETORNO",38.87,"HECTAREA",2.143447362,-72.24364869
2007-04-08,"NARIÑO","SAN ANDRES DE TUMACO",17.08,"HECTAREA",1.574550638,-78.61540963
2007-04-09,"ANTIOQUIA","CACERES",341.03,"HECTAREA",7.665155105,-75.22369744
2007-04-09,"ANTIOQUIA","TARAZA",40.06,"HECTAREA",7.488875998,-75.40189438
2007-04-09,"ANTIOQUIA","VALDIVIA",79.89,"HECTAREA",7.265404213,-75.40094502
2007-04-09,"NARIÑO","SAN ANDRES DE TUMACO",131.85,"HECTAREA",1.574550638,-78.61540963
2007-04-10,"META","MAPIRIPAN",19.35,"HECTAREA",3.117523361,-71.93805692
2007-04-10,"NARIÑO","SAN ANDRES DE TUMACO",328.6,"HECTAREA",1.574550638,-78.61540963
2007-04-11,"ANTIOQUIA","TARAZA",115.63,"HECTAREA",7.488875998,-75.40189438
2007-04-11,"CÓRDOBA","MONTELIBANO",123.57,"HECTAREA",7.866432635,-75.87533926
2007-04-11,"GUAVIARE","CALAMAR",55.26,"HECTAREA",1.613634284,-73.0342639
2007-04-11,"GUAVIARE","EL RETORNO",30.3,"HECTAREA",2.143447362,-72.24364869
2007-04-11,"META","MAPIRIPAN",54.65,"HECTAREA",3.117523361,-71.93805692
2007-04-12,"ANTIOQUIA","TARAZA",361.39,"HECTAREA",7.488875998,-75.40189438
2007-04-12,"META","PUERTO LLERAS",187.31,"HECTAREA",3.193092925,-73.23671436
2007-04-13,"CÓRDOBA","MONTELIBANO",28.77,"HECTAREA",7.866432635,-75.87533926
2007-04-13,"META","PUERTO RICO",132.72,"HECTAREA",2.758083657,-73.13780171
2007-04-13,"META","VISTAHERMOSA",132.56,"HECTAREA",2.811616698,-73.66652234
2007-04-13,"NARIÑO","ROBERTO PAYAN",45.03,"HECTAREA",1.897581156,-78.3811163
2007-04-13,"NARIÑO","SAN ANDRES DE TUMACO",18.48,"HECTAREA",1.574550638,-78.61540963
2007-04-14,"NARIÑO","BARBACOAS",178.72,"HECTAREA",1.44563774,-78.15621072
2007-04-14,"NARIÑO","ROBERTO PAYAN",37.55,"HECTAREA",1.897581156,-78.3811163
2007-04-15,"ANTIOQUIA","TARAZA",110.05,"HECTAREA",7.488875998,-75.40189438
2007-04-15,"META","VISTAHERMOSA",323.76,"HECTAREA",2.811616698,-73.66652234
2007-04-15,"NARIÑO","BARBACOAS",32.08,"HECTAREA",1.44563774,-78.15621072
2007-04-15,"NARIÑO","ROBERTO PAYAN",115.41,"HECTAREA",1.897581156,-78.3811163
2007-04-16,"NARIÑO","EL CHARCO",5.06,"HECTAREA",2.216382295,-77.99533234
2007-04-16,"NARIÑO","MAGUI",228.64,"HECTAREA",1.906858429,-78.04473644
2007-04-17,"ANTIOQUIA","CACERES",213.09,"HECTAREA",7.665155105,-75.22369744
2007-04-17,"ANTIOQUIA","TARAZA",189.01,"HECTAREA",7.488875998,-75.40189438
2007-04-17,"CÓRDOBA","PUERTO LIBERTADOR",49.56,"HECTAREA",7.711515736,-75.77123224
2007-04-17,"META","PUERTO RICO",262.71,"HECTAREA",2.758083657,-73.13780171
2007-04-19,"ANTIOQUIA","ANORI",40.69,"HECTAREA",7.193110778,-75.10848954
2007-04-19,"ANTIOQUIA","ZARAGOZA",199.84,"HECTAREA",7.474004006,-74.85848326
2007-04-19,"META","VISTAHERMOSA",62.63,"HECTAREA",2.811616698,-73.66652234
2007-04-19,"NARIÑO","SAN ANDRES DE TUMACO",556.88,"HECTAREA",1.574550638,-78.61540963
2007-04-20,"GUAVIARE","CALAMAR",25.89,"HECTAREA",1.613634284,-73.0342639
2007-04-20,"GUAVIARE","EL RETORNO",4.49,"HECTAREA",2.143447362,-72.24364869
2007-04-20,"NARIÑO","EL CHARCO",375.69,"HECTAREA",2.216382295,-77.99533234
2007-04-21,"ANTIOQUIA","CACERES",452.67,"HECTAREA",7.665155105,-75.22369744
2007-04-21,"ANTIOQUIA","TARAZA",230.08,"HECTAREA",7.488875998,-75.40189438
2007-04-21,"ANTIOQUIA","VALDIVIA",210.66,"HECTAREA",7.265404213,-75.40094502
2007-04-21,"NARIÑO","ROBERTO PAYAN",137.62,"HECTAREA",1.897581156,-78.3811163
2007-04-22,"NARIÑO","EL CHARCO",166.11,"HECTAREA",2.216382295,-77.99533234
2007-04-23,"ANTIOQUIA","ANORI",296.95,"HECTAREA",7.193110778,-75.10848954
2007-04-23,"ANTIOQUIA","EL BAGRE",49.45,"HECTAREA",7.704633351,-74.66427726
2007-04-23,"ANTIOQUIA","ZARAGOZA",380.61,"HECTAREA",7.474004006,-74.85848326
2007-04-23,"NARIÑO","MAGUI",146.32,"HECTAREA",1.906858429,-78.04473644
2007-04-23,"NARIÑO","ROBERTO PAYAN",64.92,"HECTAREA",1.897581156,-78.3811163
2007-04-24,"ANTIOQUIA","ANORI",48.58,"HECTAREA",7.193110778,-75.10848954
2007-04-24,"ANTIOQUIA","ZARAGOZA",89.84,"HECTAREA",7.474004006,-74.85848326
2007-04-25,"ANTIOQUIA","ANORI",135.32,"HECTAREA",7.193110778,-75.10848954
2007-04-25,"NARIÑO","MAGUI",164.33,"HECTAREA",1.906858429,-78.04473644
2007-04-25,"NARIÑO","ROBERTO PAYAN",292.14,"HECTAREA",1.897581156,-78.3811163
2007-04-26,"CÓRDOBA","MONTELIBANO",252.19,"HECTAREA",7.866432635,-75.87533926
2007-04-26,"CÓRDOBA","PUERTO LIBERTADOR",408.6,"HECTAREA",7.711515736,-75.77123224
2007-04-26,"NARIÑO","BARBACOAS",125.8,"HECTAREA",1.44563774,-78.15621072
2007-04-26,"NARIÑO","MAGUI",224.22,"HECTAREA",1.906858429,-78.04473644
2007-04-27,"CÓRDOBA","MONTELIBANO",15.25,"HECTAREA",7.866432635,-75.87533926
2007-04-27,"CÓRDOBA","PUERTO LIBERTADOR",13.28,"HECTAREA",7.711515736,-75.77123224
2007-04-27,"NARIÑO","SAN ANDRES DE TUMACO",129.02,"HECTAREA",1.574550638,-78.61540963
2007-04-28,"ANTIOQUIA","ANORI",376.42,"HECTAREA",7.193110778,-75.10848954
2007-04-28,"META","PUERTO RICO",79.69,"HECTAREA",2.758083657,-73.13780171
2007-04-28,"NARIÑO","CUMBAL",19.32,"HECTAREA",0.944223274,-77.95958446
2007-04-28,"NARIÑO","EL CHARCO",114.15,"HECTAREA",2.216382295,-77.99533234
2007-04-28,"NARIÑO","MAGUI",9.79,"HECTAREA",1.906858429,-78.04473644
2007-04-29,"NARIÑO","CUMBITARA",291.11,"HECTAREA",1.72559011,-77.59281637
2007-04-29,"NARIÑO","EL ROSARIO",42.83,"HECTAREA",1.887689437,-77.48319589
2007-04-30,"ANTIOQUIA","EL BAGRE",41.05,"HECTAREA",7.704633351,-74.66427726
2007-04-30,"ANTIOQUIA","ITUANGO",65.45,"HECTAREA",7.341549718,-75.67842277
2007-04-30,"ANTIOQUIA","ZARAGOZA",68.21,"HECTAREA",7.474004006,-74.85848326
2007-04-30,"CÓRDOBA","MONTELIBANO",202.19,"HECTAREA",7.866432635,-75.87533926
2007-04-30,"CÓRDOBA","PUERTO LIBERTADOR",478.82,"HECTAREA",7.711515736,-75.77123224
2007-04-30,"META","MAPIRIPAN",5.87,"HECTAREA",3.117523361,-71.93805692
2007-04-30,"NARIÑO","BARBACOAS",86.64,"HECTAREA",1.44563774,-78.15621072
2007-04-30,"NARIÑO","FRANCISCO PIZARRO",65.07,"HECTAREA",2.088531925,-78.59193099
2007-04-30,"NARIÑO","MAGUI",148.53,"HECTAREA",1.906858429,-78.04473644
2007-04-30,"NARIÑO","SAN ANDRES DE TUMACO",51.49,"HECTAREA",1.574550638,-78.61540963
2007-05-01,"GUAVIARE","EL RETORNO",4.42,"HECTAREA",2.143447362,-72.24364869
2007-05-01,"GUAVIARE","SAN JOSE DEL GUAVIARE",9.25,"HECTAREA",2.484286091,-71.91916993
2007-05-01,"META","PUERTO LLERAS",77.02,"HECTAREA",3.193092925,-73.23671436
2007-05-01,"META","PUERTO RICO",33.6,"HECTAREA",2.758083657,-73.13780171
2007-05-01,"NARIÑO","EL CHARCO",154.61,"HECTAREA",2.216382295,-77.99533234
2007-05-02,"ANTIOQUIA","AMALFI",178.52,"HECTAREA",6.977788843,-74.9812393
2007-05-02,"ANTIOQUIA","ANORI",121.16,"HECTAREA",7.193110778,-75.10848954
2007-05-02,"ANTIOQUIA","SEGOVIA",57.75,"HECTAREA",7.26692339,-74.62163926
2007-05-02,"ANTIOQUIA","ZARAGOZA",178.81,"HECTAREA",7.474004006,-74.85848326
2007-05-02,"NARIÑO","ROBERTO PAYAN",216.46,"HECTAREA",1.897581156,-78.3811163
2007-05-03,"ANTIOQUIA","AMALFI",25.96,"HECTAREA",6.977788843,-74.9812393
2007-05-03,"ANTIOQUIA","SEGOVIA",173,"HECTAREA",7.26692339,-74.62163926
2007-05-03,"ANTIOQUIA","ZARAGOZA",63.48,"HECTAREA",7.474004006,-74.85848326
2007-05-04,"ANTIOQUIA","TARAZA",252.79,"HECTAREA",7.488875998,-75.40189438
2007-05-05,"ANTIOQUIA","EL BAGRE",143.77,"HECTAREA",7.704633351,-74.66427726
2007-05-05,"ANTIOQUIA","ZARAGOZA",111.97,"HECTAREA",7.474004006,-74.85848326
2007-05-05,"CÓRDOBA","MONTELIBANO",24.82,"HECTAREA",7.866432635,-75.87533926
2007-05-05,"CÓRDOBA","PUERTO LIBERTADOR",173.68,"HECTAREA",7.711515736,-75.77123224
2007-05-05,"META","MAPIRIPAN",68.14,"HECTAREA",3.117523361,-71.93805692
2007-05-05,"META","PUERTO LLERAS",149.02,"HECTAREA",3.193092925,-73.23671436
2007-05-05,"NARIÑO","EL CHARCO",166.22,"HECTAREA",2.216382295,-77.99533234
2007-05-05,"NARIÑO","SAN ANDRES DE TUMACO",328.5,"HECTAREA",1.574550638,-78.61540963
2007-05-06,"ANTIOQUIA","EL BAGRE",217.5,"HECTAREA",7.704633351,-74.66427726
2007-05-06,"CÓRDOBA","MONTELIBANO",179.94,"HECTAREA",7.866432635,-75.87533926
2007-05-06,"CÓRDOBA","PUERTO LIBERTADOR",236.11,"HECTAREA",7.711515736,-75.77123224
2007-05-07,"CÓRDOBA","TIERRALTA",245.06,"HECTAREA",7.813896829,-76.16846678
2007-05-07,"META","MAPIRIPAN",77.68,"HECTAREA",3.117523361,-71.93805692
2007-05-07,"META","PUERTO RICO",40.23,"HECTAREA",2.758083657,-73.13780171
2007-05-07,"NARIÑO","MAGUI",275.01,"HECTAREA",1.906858429,-78.04473644
2007-05-08,"ANTIOQUIA","EL BAGRE",358.86,"HECTAREA",7.704633351,-74.66427726
2007-05-08,"META","PUERTO RICO",72.88,"HECTAREA",2.758083657,-73.13780171
2007-05-08,"NARIÑO","EL CHARCO",337.89,"HECTAREA",2.216382295,-77.99533234
2007-05-09,"ANTIOQUIA","CARACOLI",539.16,"HECTAREA",6.33797388,-74.73354817
2007-05-09,"META","PUERTO RICO",220.78,"HECTAREA",2.758083657,-73.13780171
2007-05-10,"ANTIOQUIA","ANORI",51.29,"HECTAREA",7.193110778,-75.10848954
2007-05-10,"ANTIOQUIA","TARAZA",61.93,"HECTAREA",7.488875998,-75.40189438
2007-05-10,"ANTIOQUIA","VALDIVIA",53.33,"HECTAREA",7.265404213,-75.40094502
2007-05-10,"CÓRDOBA","MONTELIBANO",117.47,"HECTAREA",7.866432635,-75.87533926
2007-05-11,"ANTIOQUIA","TARAZA",495.09,"HECTAREA",7.488875998,-75.40189438
2007-05-11,"NARIÑO","SAN ANDRES DE TUMACO",203.5,"HECTAREA",1.574550638,-78.61540963
2007-05-13,"ANTIOQUIA","TARAZA",171.76,"HECTAREA",7.488875998,-75.40189438
2007-05-13,"CÓRDOBA","MONTELIBANO",198.19,"HECTAREA",7.866432635,-75.87533926
2007-05-13,"META","PUERTO CONCORDIA",3.22,"HECTAREA",2.752260112,-72.7210941
2007-05-14,"ANTIOQUIA","NECHI",215.45,"HECTAREA",7.983477394,-74.65844186
2007-05-14,"CÓRDOBA","MONTELIBANO",66.39,"HECTAREA",7.866432635,-75.87533926
2007-05-14,"CÓRDOBA","PUERTO LIBERTADOR",18.87,"HECTAREA",7.711515736,-75.77123224
2007-05-14,"CÓRDOBA","TIERRALTA",24.05,"HECTAREA",7.813896829,-76.16846678
2007-05-14,"GUAVIARE","CALAMAR",1.46,"HECTAREA",1.613634284,-73.0342639
2007-05-14,"GUAVIARE","EL RETORNO",1.56,"HECTAREA",2.143447362,-72.24364869
2007-05-14,"META","PUERTO LLERAS",31.74,"HECTAREA",3.193092925,-73.23671436
2007-05-14,"META","PUERTO RICO",120.28,"HECTAREA",2.758083657,-73.13780171
2007-05-14,"META","VISTAHERMOSA",68.61,"HECTAREA",2.811616698,-73.66652234
2007-05-14,"NARIÑO","ROBERTO PAYAN",517.3,"HECTAREA",1.897581156,-78.3811163
2007-05-15,"ANTIOQUIA","NECHI",121.75,"HECTAREA",7.983477394,-74.65844186
2007-05-15,"ANTIOQUIA","TARAZA",313.47,"HECTAREA",7.488875998,-75.40189438
2007-05-15,"META","PUERTO RICO",58.43,"HECTAREA",2.758083657,-73.13780171
2007-05-15,"NARIÑO","SAN ANDRES DE TUMACO",401.4,"HECTAREA",1.574550638,-78.61540963
2007-05-16,"ANTIOQUIA","NECHI",153.55,"HECTAREA",7.983477394,-74.65844186
2007-05-16,"BOLÍVAR","MONTECRISTO",206.1,"HECTAREA",8.01710024,-74.46342911
2007-05-17,"ANTIOQUIA","CARACOLI",144.91,"HECTAREA",6.33797388,-74.73354817
2007-05-17,"ANTIOQUIA","ZARAGOZA",48.72,"HECTAREA",7.474004006,-74.85848326
2007-05-17,"CÓRDOBA","TIERRALTA",45.91,"HECTAREA",7.813896829,-76.16846678
2007-05-17,"META","PUERTO LLERAS",4.06,"HECTAREA",3.193092925,-73.23671436
2007-05-17,"NARIÑO","ROBERTO PAYAN",68.61,"HECTAREA",1.897581156,-78.3811163
2007-05-18,"ANTIOQUIA","CARACOLI",201.09,"HECTAREA",6.33797388,-74.73354817
2007-05-18,"CÓRDOBA","MONTELIBANO",131.9,"HECTAREA",7.866432635,-75.87533926
2007-05-18,"CÓRDOBA","PUERTO LIBERTADOR",156.23,"HECTAREA",7.711515736,-75.77123224
2007-05-18,"CÓRDOBA","TIERRALTA",29.85,"HECTAREA",7.813896829,-76.16846678
2007-05-18,"NARIÑO","SAN ANDRES DE TUMACO",275.55,"HECTAREA",1.574550638,-78.61540963
2007-05-19,"ANTIOQUIA","ANORI",71.58,"HECTAREA",7.193110778,-75.10848954
2007-05-19,"ANTIOQUIA","CACERES",24.7,"HECTAREA",7.665155105,-75.22369744
2007-05-19,"ANTIOQUIA","VALDIVIA",189.55,"HECTAREA",7.265404213,-75.40094502
2007-05-19,"META","PUERTO LLERAS",30.98,"HECTAREA",3.193092925,-73.23671436
2007-05-20,"ANTIOQUIA","TARAZA",39.53,"HECTAREA",7.488875998,-75.40189438
2007-05-20,"ANTIOQUIA","VALDIVIA",119.48,"HECTAREA",7.265404213,-75.40094502
2007-05-21,"ANTIOQUIA","CARACOLI",30.74,"HECTAREA",6.33797388,-74.73354817
2007-05-21,"ANTIOQUIA","TARAZA",120.56,"HECTAREA",7.488875998,-75.40189438
2007-05-21,"BOLÍVAR","MONTECRISTO",51.75,"HECTAREA",8.01710024,-74.46342911
2007-05-21,"META","PUERTO LLERAS",83.24,"HECTAREA",3.193092925,-73.23671436
2007-05-22,"BOLÍVAR","MONTECRISTO",384.19,"HECTAREA",8.01710024,-74.46342911
2007-05-23,"ANTIOQUIA","CARACOLI",64.8,"HECTAREA",6.33797388,-74.73354817
2007-05-23,"BOLÍVAR","MONTECRISTO",430.16,"HECTAREA",8.01710024,-74.46342911
2007-05-23,"META","PUERTO RICO",155.4,"HECTAREA",2.758083657,-73.13780171
2007-05-24,"META","PUERTO RICO",86.05,"HECTAREA",2.758083657,-73.13780171
2007-05-24,"META","VISTAHERMOSA",80.87,"HECTAREA",2.811616698,-73.66652234
2007-05-25,"ANTIOQUIA","CARACOLI",76.37,"HECTAREA",6.33797388,-74.73354817
2007-05-25,"BOLÍVAR","MONTECRISTO",66.62,"HECTAREA",8.01710024,-74.46342911
2007-05-25,"META","PUERTO RICO",80.34,"HECTAREA",2.758083657,-73.13780171
2007-05-25,"NARIÑO","SAN ANDRES DE TUMACO",46.09,"HECTAREA",1.574550638,-78.61540963
2007-05-26,"ANTIOQUIA","CARACOLI",151.7,"HECTAREA",6.33797388,-74.73354817
2007-05-26,"ANTIOQUIA","VALDIVIA",234.27,"HECTAREA",7.265404213,-75.40094502
2007-05-26,"GUAVIARE","SAN JOSE DEL GUAVIARE",16.9,"HECTAREA",2.484286091,-71.91916993
2007-05-26,"NARIÑO","SAN ANDRES DE TUMACO",283.93,"HECTAREA",1.574550638,-78.61540963
2007-05-27,"ANTIOQUIA","CAUCASIA",375.34,"HECTAREA",7.867941792,-75.03501824
2007-05-27,"ANTIOQUIA","NECHI",242.44,"HECTAREA",7.983477394,-74.65844186
2007-05-27,"ANTIOQUIA","TARAZA",92.91,"HECTAREA",7.488875998,-75.40189438
2007-05-28,"ANTIOQUIA","ANORI",24.78,"HECTAREA",7.193110778,-75.10848954
2007-05-28,"ANTIOQUIA","TARAZA",357.21,"HECTAREA",7.488875998,-75.40189438
2007-05-28,"ANTIOQUIA","VALDIVIA",179.64,"HECTAREA",7.265404213,-75.40094502
2007-05-29,"NARIÑO","EL CHARCO",263.89,"HECTAREA",2.216382295,-77.99533234
2007-05-29,"NARIÑO","PASTO",164.96,"HECTAREA",1.083605497,-77.20610074
2007-05-30,"NARIÑO","YACUANQUER",213.8,"HECTAREA",1.125547916,-77.42467569
2007-05-31,"ANTIOQUIA","TARAZA",462.82,"HECTAREA",7.488875998,-75.40189438
2007-05-31,"ANTIOQUIA","VALDIVIA",25.03,"HECTAREA",7.265404213,-75.40094502
2007-06-03,"ANTIOQUIA","PUERTO NARE",106.97,"HECTAREA",6.126539139,-74.70317722
2007-06-03,"ANTIOQUIA","SONSON",102.96,"HECTAREA",5.826388779,-74.83637623
2007-06-04,"ANTIOQUIA","SONSON",38.77,"HECTAREA",5.826388779,-74.83637623
2007-06-04,"CALDAS","NORCASIA",51.3,"HECTAREA",5.638062349,-74.85492707
2007-06-04,"CALDAS","SAMANA",80.34,"HECTAREA",5.519692873,-74.99718577
2007-06-04,"META","PUERTO RICO",97.66,"HECTAREA",2.758083657,-73.13780171
2007-06-04,"SANTANDER","LA BELLEZA",72.38,"HECTAREA",5.895724341,-74.04676575
2007-06-06,"ANTIOQUIA","PUERTO NARE",3.96,"HECTAREA",6.126539139,-74.70317722
2007-06-06,"ANTIOQUIA","PUERTO TRIUNFO",148.94,"HECTAREA",5.954830151,-74.6861918
2007-06-07,"ANTIOQUIA","PUERTO TRIUNFO",157.23,"HECTAREA",5.954830151,-74.6861918
2007-06-07,"META","PUERTO RICO",35.1,"HECTAREA",2.758083657,-73.13780171
2007-06-08,"GUAVIARE","SAN JOSE DEL GUAVIARE",6,"HECTAREA",2.484286091,-71.91916993
2007-06-08,"SANTANDER","BOLIVAR",320.23,"HECTAREA",6.181715586,-73.92065703
2007-06-09,"META","PUERTO RICO",6.29,"HECTAREA",2.758083657,-73.13780171
2007-06-09,"NARIÑO","PASTO",423.27,"HECTAREA",1.083605497,-77.20610074
2007-06-09,"SANTANDER","BOLIVAR",337.35,"HECTAREA",6.181715586,-73.92065703
2007-06-10,"META","PUERTO RICO",95.57,"HECTAREA",2.758083657,-73.13780171
2007-06-10,"NARIÑO","PASTO",28.43,"HECTAREA",1.083605497,-77.20610074
2007-06-11,"SANTANDER","BOLIVAR",517.54,"HECTAREA",6.181715586,-73.92065703
2007-06-12,"ANTIOQUIA","BETANIA",63.47,"HECTAREA",5.727081285,-75.98689107
2007-06-12,"META","VISTAHERMOSA",54.04,"HECTAREA",2.811616698,-73.66652234
2007-06-12,"NARIÑO","BARBACOAS",294.62,"HECTAREA",1.44563774,-78.15621072
2007-06-12,"NARIÑO","EL CHARCO",35.08,"HECTAREA",2.216382295,-77.99533234
2007-06-12,"NARIÑO","ROBERTO PAYAN",176.52,"HECTAREA",1.897581156,-78.3811163
2007-06-13,"ANTIOQUIA","BETANIA",31.44,"HECTAREA",5.727081285,-75.98689107
2007-06-13,"CALDAS","NORCASIA",64.12,"HECTAREA",5.638062349,-74.85492707
2007-06-13,"CALDAS","SAMANA",28.29,"HECTAREA",5.519692873,-74.99718577
2007-06-13,"META","PUERTO RICO",23.26,"HECTAREA",2.758083657,-73.13780171
2007-06-13,"NARIÑO","MAGUI",232.2,"HECTAREA",1.906858429,-78.04473644
2007-06-14,"CALDAS","NORCASIA",59.61,"HECTAREA",5.638062349,-74.85492707
2007-06-14,"META","PUERTO RICO",96.32,"HECTAREA",2.758083657,-73.13780171
2007-06-15,"ANTIOQUIA","BETANIA",11.56,"HECTAREA",5.727081285,-75.98689107
2007-06-15,"GUAVIARE","SAN JOSE DEL GUAVIARE",34.33,"HECTAREA",2.484286091,-71.91916993
2007-06-15,"NARIÑO","EL CHARCO",281.97,"HECTAREA",2.216382295,-77.99533234
2007-06-15,"NARIÑO","MAGUI",329.22,"HECTAREA",1.906858429,-78.04473644
2007-06-16,"NARIÑO","MAGUI",52.16,"HECTAREA",1.906858429,-78.04473644
2007-06-17,"SANTANDER","BOLIVAR",50.07,"HECTAREA",6.181715586,-73.92065703
2007-06-17,"SANTANDER","CIMITARRA",49.22,"HECTAREA",6.40972961,-74.17030427
2007-06-17,"SANTANDER","LANDAZURI",53.65,"HECTAREA",6.385234814,-73.78760899
2007-06-17,"SANTANDER","SUCRE",117.36,"HECTAREA",5.983203734,-73.95936235
2007-06-18,"META","PUERTO GAITAN",78.21,"HECTAREA",4.005034467,-71.63157429
2007-06-18,"NARIÑO","MOSQUERA",152.33,"HECTAREA",2.442493698,-78.438827
2007-06-18,"NARIÑO","OLAYA HERRERA",150.22,"HECTAREA",2.287856547,-78.31219024
2007-06-19,"META","PUERTO RICO",67.17,"HECTAREA",2.758083657,-73.13780171
2007-06-19,"NARIÑO","OLAYA HERRERA",166.85,"HECTAREA",2.287856547,-78.31219024
2007-06-19,"NARIÑO","SAN ANDRES DE TUMACO",89.49,"HECTAREA",1.574550638,-78.61540963
2007-06-19,"SANTANDER","CIMITARRA",64.95,"HECTAREA",6.40972961,-74.17030427
2007-06-19,"SANTANDER","SUCRE",65.82,"HECTAREA",5.983203734,-73.95936235
2007-06-21,"NARIÑO","MOSQUERA",95.16,"HECTAREA",2.442493698,-78.438827
2007-06-21,"SANTANDER","LANDAZURI",26.43,"HECTAREA",6.385234814,-73.78760899
2007-06-24,"BOLÍVAR","MARIA LA BAJA",405.21,"HECTAREA",9.976017168,-75.34380265
2007-06-24,"META","PUERTO RICO",61.3,"HECTAREA",2.758083657,-73.13780171
2007-06-24,"NARIÑO","ROBERTO PAYAN",96.2,"HECTAREA",1.897581156,-78.3811163
2007-06-24,"NARIÑO","SAN ANDRES DE TUMACO",315.71,"HECTAREA",1.574550638,-78.61540963
2007-06-25,"BOLÍVAR","MARIA LA BAJA",617.02,"HECTAREA",9.976017168,-75.34380265
2007-06-26,"BOLÍVAR","MARIA LA BAJA",185.15,"HECTAREA",9.976017168,-75.34380265
2007-06-27,"BOLÍVAR","SAN PABLO",227.49,"HECTAREA",7.507922612,-74.10356977
2007-06-27,"BOLÍVAR","SANTA ROSA DEL SUR",154.36,"HECTAREA",7.772519173,-74.26272843
2007-06-27,"META","PUERTO RICO",111.2,"HECTAREA",2.758083657,-73.13780171
2007-06-27,"NARIÑO","PASTO",250.71,"HECTAREA",1.083605497,-77.20610074
2007-06-28,"BOLÍVAR","SAN PABLO",129.49,"HECTAREA",7.507922612,-74.10356977
2007-06-28,"BOLÍVAR","SANTA ROSA DEL SUR",121.35,"HECTAREA",7.772519173,-74.26272843
2007-06-29,"ANTIOQUIA","EL BAGRE",110.6,"HECTAREA",7.704633351,-74.66427726
2007-06-29,"BOLÍVAR","SAN PABLO",115.22,"HECTAREA",7.507922612,-74.10356977
2007-06-29,"BOLÍVAR","SANTA ROSA DEL SUR",64.4,"HECTAREA",7.772519173,-74.26272843
2007-06-29,"NARIÑO","BARBACOAS",141.01,"HECTAREA",1.44563774,-78.15621072
2007-06-30,"GUAVIARE","EL RETORNO",9.57,"HECTAREA",2.143447362,-72.24364869
2007-06-30,"NARIÑO","BARBACOAS",332.2,"HECTAREA",1.44563774,-78.15621072
2007-07-01,"BOLÍVAR","SANTA ROSA DEL SUR",143.75,"HECTAREA",7.772519173,-74.26272843
2007-07-01,"GUAVIARE","EL RETORNO",90.01,"HECTAREA",2.143447362,-72.24364869
2007-07-01,"META","PUERTO LLERAS",176.42,"HECTAREA",3.193092925,-73.23671436
2007-07-02,"BOLÍVAR","SANTA ROSA DEL SUR",231.29,"HECTAREA",7.772519173,-74.26272843
2007-07-02,"BOLÍVAR","SIMITI",382.52,"HECTAREA",7.851315534,-73.98371609
2007-07-02,"META","PUERTO RICO",85.01,"HECTAREA",2.758083657,-73.13780171
2007-07-03,"BOLÍVAR","SANTA ROSA DEL SUR",187.46,"HECTAREA",7.772519173,-74.26272843
2007-07-03,"NARIÑO","MAGUI",256.62,"HECTAREA",1.906858429,-78.04473644
2007-07-04,"BOLÍVAR","CANTAGALLO",102.37,"HECTAREA",7.239229146,-74.10014043
2007-07-04,"BOLÍVAR","SIMITI",68.45,"HECTAREA",7.851315534,-73.98371609
2007-07-04,"META","PUERTO LLERAS",138.28,"HECTAREA",3.193092925,-73.23671436
2007-07-04,"META","PUERTO RICO",246.81,"HECTAREA",2.758083657,-73.13780171
2007-07-05,"BOLÍVAR","CANTAGALLO",112.35,"HECTAREA",7.239229146,-74.10014043
2007-07-06,"BOLÍVAR","SIMITI",217.89,"HECTAREA",7.851315534,-73.98371609
2007-07-06,"META","PUERTO LLERAS",119.09,"HECTAREA",3.193092925,-73.23671436
2007-07-07,"BOLÍVAR","SANTA ROSA DEL SUR",160.55,"HECTAREA",7.772519173,-74.26272843
2007-07-07,"META","PUERTO LLERAS",134.63,"HECTAREA",3.193092925,-73.23671436
2007-07-07,"META","PUERTO RICO",200.7,"HECTAREA",2.758083657,-73.13780171
2007-07-08,"BOLÍVAR","SIMITI",141.45,"HECTAREA",7.851315534,-73.98371609
2007-07-08,"GUAVIARE","SAN JOSE DEL GUAVIARE",46.17,"HECTAREA",2.484286091,-71.91916993
2007-07-10,"BOLÍVAR","SIMITI",316.57,"HECTAREA",7.851315534,-73.98371609
2007-07-11,"BOLÍVAR","SANTA ROSA DEL SUR",309.87,"HECTAREA",7.772519173,-74.26272843
2007-07-12,"BOLÍVAR","ARENAL",98.14,"HECTAREA",8.362996158,-74.10301905
2007-07-12,"BOLÍVAR","MORALES",8.08,"HECTAREA",8.253700061,-73.9713459
2007-07-13,"BOLÍVAR","ARENAL",72.72,"HECTAREA",8.362996158,-74.10301905
2007-07-13,"BOLÍVAR","RIO VIEJO",52.71,"HECTAREA",8.559982465,-73.90298668
2007-07-13,"META","PUERTO RICO",49.97,"HECTAREA",2.758083657,-73.13780171
2007-07-14,"GUAVIARE","SAN JOSE DEL GUAVIARE",22.63,"HECTAREA",2.484286091,-71.91916993
2007-07-14,"META","PUERTO RICO",85.66,"HECTAREA",2.758083657,-73.13780171
2007-07-14,"SANTANDER","CIMITARRA",45.88,"HECTAREA",6.40972961,-74.17030427
2007-07-14,"SANTANDER","LANDAZURI",32.67,"HECTAREA",6.385234814,-73.78760899
2007-07-15,"META","PUERTO RICO",57.73,"HECTAREA",2.758083657,-73.13780171
2007-07-16,"BOLÍVAR","SANTA ROSA DEL SUR",70.23,"HECTAREA",7.772519173,-74.26272843
2007-07-16,"GUAVIARE","SAN JOSE DEL GUAVIARE",73.98,"HECTAREA",2.484286091,-71.91916993
2007-07-17,"CAUCA","PIAMONTE",169.55,"HECTAREA",1.054128816,-76.4443271
2007-07-17,"GUAVIARE","SAN JOSE DEL GUAVIARE",39.17,"HECTAREA",2.484286091,-71.91916993
2007-07-17,"PUTUMAYO","ORITO",225.44,"HECTAREA",0.673756323,-76.94313923
2007-07-18,"GUAVIARE","SAN JOSE DEL GUAVIARE",22.48,"HECTAREA",2.484286091,-71.91916993
2007-07-18,"META","PUERTO LLERAS",71.31,"HECTAREA",3.193092925,-73.23671436
2007-07-18,"PUTUMAYO","VALLE DEL GUAMUEZ",627.19,"HECTAREA",0.42012589,-76.77067026
2007-07-19,"BOLÍVAR","MORALES",88.59,"HECTAREA",8.253700061,-73.9713459
2007-07-19,"META","PUERTO LLERAS",73.92,"HECTAREA",3.193092925,-73.23671436
2007-07-19,"PUTUMAYO","ORITO",395.47,"HECTAREA",0.673756323,-76.94313923
2007-07-19,"PUTUMAYO","VALLE DEL GUAMUEZ",685.63,"HECTAREA",0.42012589,-76.77067026
2007-07-20,"META","MAPIRIPAN",30.97,"HECTAREA",3.117523361,-71.93805692
2007-07-21,"PUTUMAYO","ORITO",853.74,"HECTAREA",0.673756323,-76.94313923
2007-07-22,"GUAVIARE","SAN JOSE DEL GUAVIARE",50.85,"HECTAREA",2.484286091,-71.91916993
2007-07-22,"PUTUMAYO","ORITO",653.85,"HECTAREA",0.673756323,-76.94313923
2007-07-23,"GUAVIARE","SAN JOSE DEL GUAVIARE",80.93,"HECTAREA",2.484286091,-71.91916993
2007-07-23,"META","PUERTO CONCORDIA",40.11,"HECTAREA",2.752260112,-72.7210941
2007-07-23,"NORTE DE SANTANDER","TIBU",66.03,"HECTAREA",8.713507237,-72.79925855
2007-07-23,"PUTUMAYO","VALLE DEL GUAMUEZ",643.54,"HECTAREA",0.42012589,-76.77067026
2007-07-24,"GUAVIARE","SAN JOSE DEL GUAVIARE",62.35,"HECTAREA",2.484286091,-71.91916993
2007-07-24,"META","PUERTO RICO",8.75,"HECTAREA",2.758083657,-73.13780171
2007-07-24,"NORTE DE SANTANDER","TIBU",255.81,"HECTAREA",8.713507237,-72.79925855
2007-07-24,"PUTUMAYO","PUERTO ASIS",410.35,"HECTAREA",0.433884539,-76.52158203
2007-07-24,"PUTUMAYO","VALLE DEL GUAMUEZ",660.07,"HECTAREA",0.42012589,-76.77067026
2007-07-25,"META","PUERTO RICO",47.17,"HECTAREA",2.758083657,-73.13780171
2007-07-25,"NORTE DE SANTANDER","SARDINATA",42.9,"HECTAREA",8.215080767,-72.79580961
2007-07-25,"NORTE DE SANTANDER","TIBU",74.18,"HECTAREA",8.713507237,-72.79925855
2007-07-26,"GUAVIARE","EL RETORNO",59.54,"HECTAREA",2.143447362,-72.24364869
2007-07-26,"NORTE DE SANTANDER","SARDINATA",51.57,"HECTAREA",8.215080767,-72.79580961
2007-07-26,"NORTE DE SANTANDER","TEORAMA",51.23,"HECTAREA",8.760013794,-73.15714097
2007-07-26,"NORTE DE SANTANDER","TIBU",69.85,"HECTAREA",8.713507237,-72.79925855
2007-07-26,"PUTUMAYO","ORITO",25.59,"HECTAREA",0.673756323,-76.94313923
2007-07-26,"PUTUMAYO","PUERTO ASIS",229.61,"HECTAREA",0.433884539,-76.52158203
2007-07-26,"PUTUMAYO","PUERTO CAICEDO",52.14,"HECTAREA",0.70416861,-76.49864415
2007-07-26,"PUTUMAYO","VALLE DEL GUAMUEZ",900.62,"HECTAREA",0.42012589,-76.77067026
2007-07-27,"GUAVIARE","EL RETORNO",11.25,"HECTAREA",2.143447362,-72.24364869
2007-07-27,"NORTE DE SANTANDER","TEORAMA",94.03,"HECTAREA",8.760013794,-73.15714097
2007-07-27,"NORTE DE SANTANDER","TIBU",148.89,"HECTAREA",8.713507237,-72.79925855
2007-07-28,"NORTE DE SANTANDER","TEORAMA",102.63,"HECTAREA",8.760013794,-73.15714097
2007-07-28,"NORTE DE SANTANDER","TIBU",179.92,"HECTAREA",8.713507237,-72.79925855
2007-07-28,"PUTUMAYO","VALLE DEL GUAMUEZ",339.33,"HECTAREA",0.42012589,-76.77067026
2007-07-29,"META","MAPIRIPAN",16.22,"HECTAREA",3.117523361,-71.93805692
2007-07-29,"NORTE DE SANTANDER","TIBU",96.18,"HECTAREA",8.713507237,-72.79925855
2007-07-29,"PUTUMAYO","VALLE DEL GUAMUEZ",822.49,"HECTAREA",0.42012589,-76.77067026
2007-07-30,"GUAVIARE","EL RETORNO",24.31,"HECTAREA",2.143447362,-72.24364869
2007-07-30,"GUAVIARE","SAN JOSE DEL GUAVIARE",153.91,"HECTAREA",2.484286091,-71.91916993
2007-07-30,"NORTE DE SANTANDER","TEORAMA",45.54,"HECTAREA",8.760013794,-73.15714097
2007-07-30,"NORTE DE SANTANDER","TIBU",47.28,"HECTAREA",8.713507237,-72.79925855
2007-07-30,"PUTUMAYO","VALLE DEL GUAMUEZ",1256.34,"HECTAREA",0.42012589,-76.77067026
2007-07-31,"PUTUMAYO","PUERTO ASIS",725.23,"HECTAREA",0.433884539,-76.52158203
2007-07-31,"PUTUMAYO","VILLAGARZON",151.03,"HECTAREA",0.911149515,-76.74495447
2007-08-01,"META","PUERTO LLERAS",177.05,"HECTAREA",3.193092925,-73.23671436
2007-08-01,"META","PUERTO RICO",228.18,"HECTAREA",2.758083657,-73.13780171
2007-08-01,"NORTE DE SANTANDER","TIBU",137.25,"HECTAREA",8.713507237,-72.79925855
2007-08-01,"PUTUMAYO","PUERTO ASIS",389.49,"HECTAREA",0.433884539,-76.52158203
2007-08-01,"PUTUMAYO","VALLE DEL GUAMUEZ",676.33,"HECTAREA",0.42012589,-76.77067026
2007-08-02,"META","PUERTO LLERAS",232.91,"HECTAREA",3.193092925,-73.23671436
2007-08-02,"META","PUERTO RICO",32.54,"HECTAREA",2.758083657,-73.13780171
2007-08-02,"NORTE DE SANTANDER","TIBU",88.29,"HECTAREA",8.713507237,-72.79925855
2007-08-02,"PUTUMAYO","VALLE DEL GUAMUEZ",858.27,"HECTAREA",0.42012589,-76.77067026
2007-08-03,"NORTE DE SANTANDER","TIBU",109.7,"HECTAREA",8.713507237,-72.79925855
2007-08-04,"NORTE DE SANTANDER","TIBU",64.91,"HECTAREA",8.713507237,-72.79925855
2007-08-04,"PUTUMAYO","ORITO",971.82,"HECTAREA",0.673756323,-76.94313923
2007-08-05,"NORTE DE SANTANDER","SARDINATA",112.23,"HECTAREA",8.215080767,-72.79580961
2007-08-05,"NORTE DE SANTANDER","TIBU",47.82,"HECTAREA",8.713507237,-72.79925855
2007-08-05,"PUTUMAYO","ORITO",615.68,"HECTAREA",0.673756323,-76.94313923
2007-08-06,"GUAVIARE","SAN JOSE DEL GUAVIARE",35.66,"HECTAREA",2.484286091,-71.91916993
2007-08-06,"META","PUERTO RICO",122.71,"HECTAREA",2.758083657,-73.13780171
2007-08-06,"META","VISTAHERMOSA",124.49,"HECTAREA",2.811616698,-73.66652234
2007-08-06,"NORTE DE SANTANDER","SARDINATA",40.58,"HECTAREA",8.215080767,-72.79580961
2007-08-06,"PUTUMAYO","ORITO",717.46,"HECTAREA",0.673756323,-76.94313923
2007-08-06,"PUTUMAYO","PUERTO CAICEDO",336.76,"HECTAREA",0.70416861,-76.49864415
2007-08-07,"META","PUERTO RICO",227.05,"HECTAREA",2.758083657,-73.13780171
2007-08-07,"NORTE DE SANTANDER","EL TARRA",79.6,"HECTAREA",8.678263671,-73.0317597
2007-08-07,"NORTE DE SANTANDER","TIBU",68.28,"HECTAREA",8.713507237,-72.79925855
2007-08-07,"PUTUMAYO","ORITO",377.14,"HECTAREA",0.673756323,-76.94313923
2007-08-07,"PUTUMAYO","VALLE DEL GUAMUEZ",447.73,"HECTAREA",0.42012589,-76.77067026
2007-08-08,"META","PUERTO RICO",69.23,"HECTAREA",2.758083657,-73.13780171
2007-08-08,"NORTE DE SANTANDER","EL TARRA",63.71,"HECTAREA",8.678263671,-73.0317597
2007-08-08,"PUTUMAYO","PUERTO GUZMAN",593.12,"HECTAREA",0.746432215,-75.88022979
2007-08-09,"META","PUERTO LLERAS",121.47,"HECTAREA",3.193092925,-73.23671436
2007-08-09,"META","PUERTO RICO",12.55,"HECTAREA",2.758083657,-73.13780171
2007-08-09,"PUTUMAYO","PUERTO ASIS",175.4,"HECTAREA",0.433884539,-76.52158203
2007-08-09,"PUTUMAYO","PUERTO GUZMAN",133.51,"HECTAREA",0.746432215,-75.88022979
2007-08-10,"META","PUERTO LLERAS",33.02,"HECTAREA",3.193092925,-73.23671436
2007-08-10,"NORTE DE SANTANDER","EL TARRA",206.19,"HECTAREA",8.678263671,-73.0317597
2007-08-10,"PUTUMAYO","PUERTO ASIS",367.81,"HECTAREA",0.433884539,-76.52158203
2007-08-10,"PUTUMAYO","PUERTO GUZMAN",359.54,"HECTAREA",0.746432215,-75.88022979
2007-08-11,"NORTE DE SANTANDER","EL TARRA",236.43,"HECTAREA",8.678263671,-73.0317597
2007-08-12,"META","PUERTO LLERAS",149.42,"HECTAREA",3.193092925,-73.23671436
2007-08-12,"NORTE DE SANTANDER","EL TARRA",6.78,"HECTAREA",8.678263671,-73.0317597
2007-08-12,"PUTUMAYO","ORITO",139.99,"HECTAREA",0.673756323,-76.94313923
2007-08-13,"META","PUERTO LLERAS",260.33,"HECTAREA",3.193092925,-73.23671436
2007-08-14,"META","MAPIRIPAN",46.12,"HECTAREA",3.117523361,-71.93805692
2007-08-14,"PUTUMAYO","PUERTO ASIS",286.08,"HECTAREA",0.433884539,-76.52158203
2007-08-14,"PUTUMAYO","PUERTO CAICEDO",255.31,"HECTAREA",0.70416861,-76.49864415
2007-08-15,"NORTE DE SANTANDER","ABREGO",95.46,"HECTAREA",8.019834481,-73.15850485
2007-08-17,"META","PUERTO LLERAS",76.82,"HECTAREA",3.193092925,-73.23671436
2007-08-17,"META","PUERTO RICO",35.23,"HECTAREA",2.758083657,-73.13780171
2007-08-19,"META","PUERTO LLERAS",31.15,"HECTAREA",3.193092925,-73.23671436
2007-08-22,"ARAUCA","ARAUQUITA",362.35,"HECTAREA",6.799338394,-71.29827429
2007-08-22,"META","PUERTO LLERAS",52.76,"HECTAREA",3.193092925,-73.23671436
2007-08-23,"ARAUCA","ARAUQUITA",422.39,"HECTAREA",6.799338394,-71.29827429
2007-08-23,"META","MAPIRIPAN",12.22,"HECTAREA",3.117523361,-71.93805692
2007-08-24,"ARAUCA","ARAUQUITA",263.7,"HECTAREA",6.799338394,-71.29827429
2007-08-24,"META","PUERTO RICO",166.44,"HECTAREA",2.758083657,-73.13780171
2007-08-24,"NARIÑO","SAN ANDRES DE TUMACO",116.75,"HECTAREA",1.574550638,-78.61540963
2007-08-25,"ARAUCA","FORTUL",262.1,"HECTAREA",6.750907234,-71.79124241
2007-08-27,"ARAUCA","ARAUQUITA",442.62,"HECTAREA",6.799338394,-71.29827429
2007-08-27,"GUAVIARE","SAN JOSE DEL GUAVIARE",43.25,"HECTAREA",2.484286091,-71.91916993
2007-08-28,"ARAUCA","ARAUQUITA",232.34,"HECTAREA",6.799338394,-71.29827429
2007-08-28,"META","MAPIRIPAN",180.05,"HECTAREA",3.117523361,-71.93805692
2007-08-29,"ARAUCA","ARAUQUITA",3.16,"HECTAREA",6.799338394,-71.29827429
2007-08-29,"ARAUCA","FORTUL",115.44,"HECTAREA",6.750907234,-71.79124241
2007-08-29,"META","MAPIRIPAN",23.4,"HECTAREA",3.117523361,-71.93805692
2007-08-30,"ARAUCA","ARAUQUITA",127.79,"HECTAREA",6.799338394,-71.29827429
2007-08-30,"ARAUCA","FORTUL",7.03,"HECTAREA",6.750907234,-71.79124241
2007-08-30,"ARAUCA","TAME",136.69,"HECTAREA",6.390650479,-71.79178647
2007-08-30,"NARIÑO","OLAYA HERRERA",735.72,"HECTAREA",2.287856547,-78.31219024
2007-08-31,"ARAUCA","FORTUL",18.54,"HECTAREA",6.750907234,-71.79124241
2007-08-31,"ARAUCA","SARAVENA",178.34,"HECTAREA",6.906941714,-71.85070757
2007-08-31,"META","PUERTO LLERAS",93.11,"HECTAREA",3.193092925,-73.23671436
2007-08-31,"NARIÑO","EL CHARCO",399.89,"HECTAREA",2.216382295,-77.99533234
2007-08-31,"NARIÑO","MAGUI",351.98,"HECTAREA",1.906858429,-78.04473644
2007-08-31,"NARIÑO","SAN ANDRES DE TUMACO",384.65,"HECTAREA",1.574550638,-78.61540963
2007-09-01,"ARAUCA","SARAVENA",122.17,"HECTAREA",6.906941714,-71.85070757
2007-09-01,"NARIÑO","EL CHARCO",741.68,"HECTAREA",2.216382295,-77.99533234
2007-09-02,"META","PUERTO LLERAS",90.99,"HECTAREA",3.193092925,-73.23671436
2007-09-03,"GUAVIARE","EL RETORNO",19.16,"HECTAREA",2.143447362,-72.24364869
2007-09-03,"NARIÑO","EL CHARCO",590.93,"HECTAREA",2.216382295,-77.99533234
2007-09-03,"NARIÑO","SAN ANDRES DE TUMACO",351,"HECTAREA",1.574550638,-78.61540963
2007-09-04,"VICHADA","CUMARIBO",606.94,"HECTAREA",4.262454746,-69.52140484
2007-09-05,"META","MAPIRIPAN",117.24,"HECTAREA",3.117523361,-71.93805692
2007-09-05,"VICHADA","CUMARIBO",167.35,"HECTAREA",4.262454746,-69.52140484
2007-09-06,"GUAVIARE","SAN JOSE DEL GUAVIARE",35.35,"HECTAREA",2.484286091,-71.91916993
2007-09-06,"NARIÑO","EL CHARCO",254.06,"HECTAREA",2.216382295,-77.99533234
2007-09-06,"NARIÑO","MAGUI",255.95,"HECTAREA",1.906858429,-78.04473644
2007-09-06,"VICHADA","CUMARIBO",240.94,"HECTAREA",4.262454746,-69.52140484
2007-09-07,"META","MAPIRIPAN",177.16,"HECTAREA",3.117523361,-71.93805692
2007-09-07,"VICHADA","CUMARIBO",726,"HECTAREA",4.262454746,-69.52140484
2007-09-08,"GUAVIARE","EL RETORNO",24.45,"HECTAREA",2.143447362,-72.24364869
2007-09-08,"VICHADA","CUMARIBO",719.63,"HECTAREA",4.262454746,-69.52140484
2007-09-09,"META","MAPIRIPAN",78.23,"HECTAREA",3.117523361,-71.93805692
2007-09-09,"META","PUERTO RICO",81.35,"HECTAREA",2.758083657,-73.13780171
2007-09-09,"NARIÑO","CUMBITARA",173.09,"HECTAREA",1.72559011,-77.59281637
2007-09-09,"NARIÑO","EL CHARCO",241.54,"HECTAREA",2.216382295,-77.99533234
2007-09-09,"VICHADA","CUMARIBO",743.36,"HECTAREA",4.262454746,-69.52140484
2007-09-10,"GUAVIARE","EL RETORNO",149.51,"HECTAREA",2.143447362,-72.24364869
2007-09-10,"VICHADA","CUMARIBO",268.51,"HECTAREA",4.262454746,-69.52140484
2007-09-11,"VICHADA","LA PRIMAVERA",171.35,"HECTAREA",5.517593607,-69.62044054
2007-09-12,"VICHADA","CUMARIBO",146.94,"HECTAREA",4.262454746,-69.52140484
2007-09-13,"VICHADA","CUMARIBO",544.74,"HECTAREA",4.262454746,-69.52140484
2007-09-14,"GUAVIARE","SAN JOSE DEL GUAVIARE",149.98,"HECTAREA",2.484286091,-71.91916993
2007-09-14,"VICHADA","CUMARIBO",50.18,"HECTAREA",4.262454746,-69.52140484
2007-09-15,"META","MAPIRIPAN",5.76,"HECTAREA",3.117523361,-71.93805692
2007-09-15,"NARIÑO","SAN ANDRES DE TUMACO",113.22,"HECTAREA",1.574550638,-78.61540963
2007-09-16,"GUAVIARE","SAN JOSE DEL GUAVIARE",152.24,"HECTAREA",2.484286091,-71.91916993
2007-09-16,"NARIÑO","SAN ANDRES DE TUMACO",21.29,"HECTAREA",1.574550638,-78.61540963
2007-09-16,"VICHADA","CUMARIBO",329.59,"HECTAREA",4.262454746,-69.52140484
2007-09-17,"META","MAPIRIPAN",77.58,"HECTAREA",3.117523361,-71.93805692
2007-09-17,"NARIÑO","MAGUI",488.62,"HECTAREA",1.906858429,-78.04473644
2007-09-17,"VICHADA","CUMARIBO",408.62,"HECTAREA",4.262454746,-69.52140484
2007-09-18,"GUAVIARE","SAN JOSE DEL GUAVIARE",302.7,"HECTAREA",2.484286091,-71.91916993
2007-09-18,"NARIÑO","SAN ANDRES DE TUMACO",494.42,"HECTAREA",1.574550638,-78.61540963
2007-09-18,"VICHADA","CUMARIBO",353.03,"HECTAREA",4.262454746,-69.52140484
2007-09-19,"META","PUERTO CONCORDIA",147.03,"HECTAREA",2.752260112,-72.7210941
2007-09-20,"GUAVIARE","EL RETORNO",64.86,"HECTAREA",2.143447362,-72.24364869
2007-09-20,"NARIÑO","BARBACOAS",44.46,"HECTAREA",1.44563774,-78.15621072
2007-09-21,"META","PUERTO CONCORDIA",19.29,"HECTAREA",2.752260112,-72.7210941
2007-09-21,"NARIÑO","ROBERTO PAYAN",22.95,"HECTAREA",1.897581156,-78.3811163
2007-09-22,"GUAVIARE","CALAMAR",25.12,"HECTAREA",1.613634284,-73.0342639
2007-09-22,"GUAVIARE","EL RETORNO",51.88,"HECTAREA",2.143447362,-72.24364869
2007-09-23,"VICHADA","CUMARIBO",143.07,"HECTAREA",4.262454746,-69.52140484
2007-09-24,"META","MAPIRIPAN",51.91,"HECTAREA",3.117523361,-71.93805692
2007-09-24,"VICHADA","CUMARIBO",1.84,"HECTAREA",4.262454746,-69.52140484
2007-09-26,"META","MAPIRIPAN",8.16,"HECTAREA",3.117523361,-71.93805692
2007-09-27,"META","MAPIRIPAN",114.81,"HECTAREA",3.117523361,-71.93805692
2007-09-28,"META","PUERTO LLERAS",236.41,"HECTAREA",3.193092925,-73.23671436
2007-09-29,"META","PUERTO LLERAS",129.42,"HECTAREA",3.193092925,-73.23671436
2007-09-30,"META","MAPIRIPAN",469.39,"HECTAREA",3.117523361,-71.93805692
2007-10-01,"META","MAPIRIPAN",285.06,"HECTAREA",3.117523361,-71.93805692
2007-10-02,"GUAVIARE","SAN JOSE DEL GUAVIARE",135.33,"HECTAREA",2.484286091,-71.91916993
2007-10-02,"PUTUMAYO","PUERTO GUZMAN",235.42,"HECTAREA",0.746432215,-75.88022979
2007-10-03,"PUTUMAYO","PUERTO GUZMAN",4.04,"HECTAREA",0.746432215,-75.88022979
2007-10-03,"VICHADA","CUMARIBO",130.88,"HECTAREA",4.262454746,-69.52140484
2007-10-04,"META","MAPIRIPAN",89.3,"HECTAREA",3.117523361,-71.93805692
2007-10-04,"PUTUMAYO","PUERTO GUZMAN",592.28,"HECTAREA",0.746432215,-75.88022979
2007-10-05,"META","PUERTO LLERAS",127.69,"HECTAREA",3.193092925,-73.23671436
2007-10-05,"PUTUMAYO","PUERTO GUZMAN",193.24,"HECTAREA",0.746432215,-75.88022979
2007-10-05,"VICHADA","CUMARIBO",456.26,"HECTAREA",4.262454746,-69.52140484
2007-10-06,"CAQUETÁ","SAN JOSE DEL FRAGUA",303.25,"HECTAREA",1.304702314,-76.11000594
2007-10-06,"GUAVIARE","SAN JOSE DEL GUAVIARE",6.19,"HECTAREA",2.484286091,-71.91916993
2007-10-06,"META","MAPIRIPAN",78.31,"HECTAREA",3.117523361,-71.93805692
2007-10-06,"VICHADA","CUMARIBO",423.93,"HECTAREA",4.262454746,-69.52140484
2007-10-07,"CAQUETÁ","VALPARAISO",55.77,"HECTAREA",1.07534915,-75.73779004
2007-10-07,"GUAVIARE","EL RETORNO",49.7,"HECTAREA",2.143447362,-72.24364869
2007-10-07,"META","PUERTO LLERAS",76.81,"HECTAREA",3.193092925,-73.23671436
2007-10-07,"VICHADA","CUMARIBO",150.88,"HECTAREA",4.262454746,-69.52140484
2007-10-08,"META","MAPIRIPAN",165.7,"HECTAREA",3.117523361,-71.93805692
2007-10-08,"PUTUMAYO","PUERTO GUZMAN",276.37,"HECTAREA",0.746432215,-75.88022979
2007-10-09,"GUAVIARE","EL RETORNO",25.92,"HECTAREA",2.143447362,-72.24364869
2007-10-09,"META","PUERTO LLERAS",92.51,"HECTAREA",3.193092925,-73.23671436
2007-10-09,"VICHADA","CUMARIBO",120.41,"HECTAREA",4.262454746,-69.52140484
2007-10-10,"META","MAPIRIPAN",85.7,"HECTAREA",3.117523361,-71.93805692
2007-10-10,"VICHADA","CUMARIBO",271.63,"HECTAREA",4.262454746,-69.52140484
2007-10-11,"CAQUETÁ","MILAN",301.29,"HECTAREA",1.146692554,-75.38664764
2007-10-11,"GUAVIARE","EL RETORNO",91.43,"HECTAREA",2.143447362,-72.24364869
2007-10-11,"GUAVIARE","SAN JOSE DEL GUAVIARE",67.16,"HECTAREA",2.484286091,-71.91916993
2007-10-11,"META","PUERTO LLERAS",50.23,"HECTAREA",3.193092925,-73.23671436
2007-10-11,"PUTUMAYO","PUERTO GUZMAN",30.32,"HECTAREA",0.746432215,-75.88022979
2007-10-11,"VICHADA","CUMARIBO",16.82,"HECTAREA",4.262454746,-69.52140484
2007-10-12,"PUTUMAYO","PUERTO GUZMAN",121.37,"HECTAREA",0.746432215,-75.88022979
2007-10-13,"CAQUETÁ","VALPARAISO",150.79,"HECTAREA",1.07534915,-75.73779004
2007-10-13,"GUAVIARE","EL RETORNO",96.73,"HECTAREA",2.143447362,-72.24364869
2007-10-14,"ANTIOQUIA","CACERES",114.87,"HECTAREA",7.665155105,-75.22369744
2007-10-14,"CAQUETÁ","MILAN",46.62,"HECTAREA",1.146692554,-75.38664764
2007-10-14,"GUAVIARE","EL RETORNO",96.85,"HECTAREA",2.143447362,-72.24364869
2007-10-15,"ANTIOQUIA","CACERES",134.5,"HECTAREA",7.665155105,-75.22369744
2007-10-15,"CAQUETÁ","MILAN",7.72,"HECTAREA",1.146692554,-75.38664764
2007-10-16,"ANTIOQUIA","TARAZA",205.46,"HECTAREA",7.488875998,-75.40189438
2007-10-16,"ANTIOQUIA","ZARAGOZA",126.66,"HECTAREA",7.474004006,-74.85848326
2007-10-16,"GUAVIARE","SAN JOSE DEL GUAVIARE",16.26,"HECTAREA",2.484286091,-71.91916993
2007-10-17,"ANTIOQUIA","TARAZA",171.2,"HECTAREA",7.488875998,-75.40189438
2007-10-17,"CAQUETÁ","VALPARAISO",188.25,"HECTAREA",1.07534915,-75.73779004
2007-10-18,"ANTIOQUIA","NECHI",742.2,"HECTAREA",7.983477394,-74.65844186
2007-10-18,"GUAVIARE","EL RETORNO",61.69,"HECTAREA",2.143447362,-72.24364869
2007-10-18,"PUTUMAYO","PUERTO GUZMAN",96.23,"HECTAREA",0.746432215,-75.88022979
2007-10-19,"ANTIOQUIA","CACERES",264.05,"HECTAREA",7.665155105,-75.22369744
2007-10-19,"GUAVIARE","SAN JOSE DEL GUAVIARE",59.34,"HECTAREA",2.484286091,-71.91916993
2007-10-20,"CAQUETÁ","SOLANO",240.12,"HECTAREA",0.096131862,-72.32036402
2007-10-21,"CAUCA","PIAMONTE",118.39,"HECTAREA",1.054128816,-76.4443271
2007-10-21,"GUAVIARE","EL RETORNO",32.22,"HECTAREA",2.143447362,-72.24364869
2007-10-21,"PUTUMAYO","PUERTO CAICEDO",259.5,"HECTAREA",0.70416861,-76.49864415
2007-10-21,"PUTUMAYO","VILLAGARZON",213.14,"HECTAREA",0.911149515,-76.74495447
2007-10-22,"ANTIOQUIA","ANORI",288.59,"HECTAREA",7.193110778,-75.10848954
2007-10-22,"ANTIOQUIA","ZARAGOZA",290.59,"HECTAREA",7.474004006,-74.85848326
2007-10-22,"GUAVIARE","EL RETORNO",0.35,"HECTAREA",2.143447362,-72.24364869
2007-10-23,"ANTIOQUIA","ANORI",62.52,"HECTAREA",7.193110778,-75.10848954
2007-10-23,"BOLÍVAR","MONTECRISTO",807.04,"HECTAREA",8.01710024,-74.46342911
2007-10-23,"GUAVIARE","SAN JOSE DEL GUAVIARE",181.42,"HECTAREA",2.484286091,-71.91916993
2007-10-23,"PUTUMAYO","MOCOA",149.16,"HECTAREA",1.26070915,-76.66584349
2007-10-23,"PUTUMAYO","PUERTO GUZMAN",140.08,"HECTAREA",0.746432215,-75.88022979
2007-10-24,"ANTIOQUIA","EL BAGRE",65.7,"HECTAREA",7.704633351,-74.66427726
2007-10-24,"ANTIOQUIA","SEGOVIA",275.26,"HECTAREA",7.26692339,-74.62163926
2007-10-24,"BOLÍVAR","MONTECRISTO",157.53,"HECTAREA",8.01710024,-74.46342911
2007-10-24,"GUAVIARE","SAN JOSE DEL GUAVIARE",90.79,"HECTAREA",2.484286091,-71.91916993
2007-10-25,"ANTIOQUIA","ZARAGOZA",263.02,"HECTAREA",7.474004006,-74.85848326
2007-10-25,"GUAVIARE","EL RETORNO",136.12,"HECTAREA",2.143447362,-72.24364869
2007-10-25,"PUTUMAYO","PUERTO CAICEDO",475.23,"HECTAREA",0.70416861,-76.49864415
2007-10-26,"ANTIOQUIA","TARAZA",642.92,"HECTAREA",7.488875998,-75.40189438
2007-10-26,"GUAVIARE","SAN JOSE DEL GUAVIARE",56.08,"HECTAREA",2.484286091,-71.91916993
2007-10-26,"PUTUMAYO","PUERTO GUZMAN",373.24,"HECTAREA",0.746432215,-75.88022979
2007-10-27,"ANTIOQUIA","SEGOVIA",492.12,"HECTAREA",7.26692339,-74.62163926
2007-10-28,"ANTIOQUIA","ANORI",152.17,"HECTAREA",7.193110778,-75.10848954
2007-10-28,"CAQUETÁ","CURILLO",257.69,"HECTAREA",1.115379292,-75.97328452
2007-10-29,"CAQUETÁ","MILAN",88.05,"HECTAREA",1.146692554,-75.38664764
2007-10-30,"CAQUETÁ","CURILLO",640.94,"HECTAREA",1.115379292,-75.97328452
2007-10-31,"CAQUETÁ","CURILLO",164.05,"HECTAREA",1.115379292,-75.97328452
2007-11-02,"ANTIOQUIA","EL BAGRE",503.96,"HECTAREA",7.704633351,-74.66427726
2007-11-03,"ANTIOQUIA","TARAZA",105.14,"HECTAREA",7.488875998,-75.40189438
2007-11-03,"GUAVIARE","SAN JOSE DEL GUAVIARE",53.65,"HECTAREA",2.484286091,-71.91916993
2007-11-04,"ANTIOQUIA","TARAZA",211.5,"HECTAREA",7.488875998,-75.40189438
2007-11-04,"CAUCA","PIAMONTE",502.23,"HECTAREA",1.054128816,-76.4443271
2007-11-05,"ANTIOQUIA","TARAZA",313.06,"HECTAREA",7.488875998,-75.40189438
2007-11-05,"GUAVIARE","EL RETORNO",22.58,"HECTAREA",2.143447362,-72.24364869
2007-11-05,"PUTUMAYO","PUERTO GUZMAN",387.53,"HECTAREA",0.746432215,-75.88022979
2007-11-06,"GUAVIARE","SAN JOSE DEL GUAVIARE",4.93,"HECTAREA",2.484286091,-71.91916993
2007-11-07,"ANTIOQUIA","TARAZA",99.7,"HECTAREA",7.488875998,-75.40189438
2007-11-08,"ANTIOQUIA","TARAZA",582.81,"HECTAREA",7.488875998,-75.40189438
2007-11-08,"CAQUETÁ","PUERTO RICO",64.53,"HECTAREA",2.018940891,-75.07308627
2007-11-08,"CAQUETÁ","VALPARAISO",38.38,"HECTAREA",1.07534915,-75.73779004
2007-11-09,"ANTIOQUIA","TARAZA",326.48,"HECTAREA",7.488875998,-75.40189438
2007-11-09,"CAQUETÁ","MILAN",2.98,"HECTAREA",1.146692554,-75.38664764
2007-11-09,"GUAVIARE","SAN JOSE DEL GUAVIARE",56.29,"HECTAREA",2.484286091,-71.91916993
2007-11-10,"ANTIOQUIA","CACERES",67.05,"HECTAREA",7.665155105,-75.22369744
2007-11-10,"ANTIOQUIA","CAUCASIA",63.53,"HECTAREA",7.867941792,-75.03501824
2007-11-10,"ANTIOQUIA","VALDIVIA",188.65,"HECTAREA",7.265404213,-75.40094502
2007-11-10,"CAQUETÁ","CURILLO",126.26,"HECTAREA",1.115379292,-75.97328452
2007-11-10,"CAQUETÁ","MILAN",5.32,"HECTAREA",1.146692554,-75.38664764
2007-11-10,"GUAVIARE","SAN JOSE DEL GUAVIARE",61.03,"HECTAREA",2.484286091,-71.91916993
2007-11-11,"CAQUETÁ","CURILLO",81.09,"HECTAREA",1.115379292,-75.97328452
2007-11-11,"CÓRDOBA","PUERTO LIBERTADOR",138.03,"HECTAREA",7.711515736,-75.77123224
2007-11-11,"GUAVIARE","EL RETORNO",1.3,"HECTAREA",2.143447362,-72.24364869
2007-11-11,"GUAVIARE","SAN JOSE DEL GUAVIARE",35.48,"HECTAREA",2.484286091,-71.91916993
2007-11-12,"CAQUETÁ","CURILLO",403.34,"HECTAREA",1.115379292,-75.97328452
2007-11-12,"CÓRDOBA","MONTELIBANO",468.34,"HECTAREA",7.866432635,-75.87533926
2007-11-12,"GUAVIARE","EL RETORNO",0.91,"HECTAREA",2.143447362,-72.24364869
2007-11-13,"CAQUETÁ","CURILLO",54.35,"HECTAREA",1.115379292,-75.97328452
2007-11-13,"CÓRDOBA","MONTELIBANO",629.62,"HECTAREA",7.866432635,-75.87533926
2007-11-14,"CÓRDOBA","MONTELIBANO",322.65,"HECTAREA",7.866432635,-75.87533926
2007-11-14,"CÓRDOBA","PUERTO LIBERTADOR",152.11,"HECTAREA",7.711515736,-75.77123224
2007-11-15,"ANTIOQUIA","TARAZA",245.27,"HECTAREA",7.488875998,-75.40189438
2007-11-15,"CAQUETÁ","CURILLO",67.77,"HECTAREA",1.115379292,-75.97328452
2007-11-16,"ANTIOQUIA","TARAZA",15.54,"HECTAREA",7.488875998,-75.40189438
2007-11-16,"CÓRDOBA","MONTELIBANO",118.36,"HECTAREA",7.866432635,-75.87533926
2007-11-17,"ANTIOQUIA","VALDIVIA",479.19,"HECTAREA",7.265404213,-75.40094502
2007-11-18,"ANTIOQUIA","VALDIVIA",380.39,"HECTAREA",7.265404213,-75.40094502
2007-11-18,"GUAVIARE","EL RETORNO",97.63,"HECTAREA",2.143447362,-72.24364869
2007-11-19,"ANTIOQUIA","VALDIVIA",180.04,"HECTAREA",7.265404213,-75.40094502
2007-11-19,"CAQUETÁ","MILAN",98.97,"HECTAREA",1.146692554,-75.38664764
2007-11-19,"GUAVIARE","EL RETORNO",72.21,"HECTAREA",2.143447362,-72.24364869
2007-11-19,"META","PUERTO RICO",58.78,"HECTAREA",2.758083657,-73.13780171
2007-11-20,"ANTIOQUIA","TARAZA",33.81,"HECTAREA",7.488875998,-75.40189438
2007-11-20,"CAQUETÁ","MILAN",32.56,"HECTAREA",1.146692554,-75.38664764
2007-11-20,"CÓRDOBA","PUERTO LIBERTADOR",84.84,"HECTAREA",7.711515736,-75.77123224
2007-11-20,"GUAVIARE","SAN JOSE DEL GUAVIARE",10.78,"HECTAREA",2.484286091,-71.91916993
2007-11-22,"ANTIOQUIA","EL BAGRE",159.8,"HECTAREA",7.704633351,-74.66427726
2007-11-23,"ANTIOQUIA","CARACOLI",381.39,"HECTAREA",6.33797388,-74.73354817
2007-11-23,"CAQUETÁ","MILAN",59.7,"HECTAREA",1.146692554,-75.38664764
2007-11-24,"ANTIOQUIA","TARAZA",147.99,"HECTAREA",7.488875998,-75.40189438
2007-11-24,"CAQUETÁ","CURILLO",142.02,"HECTAREA",1.115379292,-75.97328452
2007-11-25,"CAQUETÁ","MILAN",15.13,"HECTAREA",1.146692554,-75.38664764
2007-11-26,"ANTIOQUIA","ANORI",148.77,"HECTAREA",7.193110778,-75.10848954
2007-11-26,"GUAVIARE","EL RETORNO",38.59,"HECTAREA",2.143447362,-72.24364869
2007-11-26,"PUTUMAYO","PUERTO ASIS",737.53,"HECTAREA",0.433884539,-76.52158203
2007-11-27,"CAQUETÁ","MILAN",182.25,"HECTAREA",1.146692554,-75.38664764
2007-11-27,"GUAVIARE","EL RETORNO",9.55,"HECTAREA",2.143447362,-72.24364869
2007-11-28,"ANTIOQUIA","EL BAGRE",254.25,"HECTAREA",7.704633351,-74.66427726
2007-11-28,"CAQUETÁ","MILAN",32.87,"HECTAREA",1.146692554,-75.38664764
2007-11-28,"GUAVIARE","SAN JOSE DEL GUAVIARE",16.18,"HECTAREA",2.484286091,-71.91916993
2007-11-29,"ANTIOQUIA","EL BAGRE",216.82,"HECTAREA",7.704633351,-74.66427726
2007-11-29,"GUAVIARE","CALAMAR",19.95,"HECTAREA",1.613634284,-73.0342639
2007-11-29,"PUTUMAYO","PUERTO GUZMAN",8.03,"HECTAREA",0.746432215,-75.88022979
2007-11-30,"ANTIOQUIA","CARACOLI",142.73,"HECTAREA",6.33797388,-74.73354817
2007-11-30,"ANTIOQUIA","NECHI",189.54,"HECTAREA",7.983477394,-74.65844186
2007-11-30,"BOLÍVAR","MONTECRISTO",161.63,"HECTAREA",8.01710024,-74.46342911
2007-11-30,"CAQUETÁ","CURILLO",113.85,"HECTAREA",1.115379292,-75.97328452
2007-11-30,"GUAVIARE","CALAMAR",63.35,"HECTAREA",1.613634284,-73.0342639
2007-12-01,"ANTIOQUIA","CARACOLI",25.07,"HECTAREA",6.33797388,-74.73354817
2007-12-01,"ANTIOQUIA","NECHI",152.92,"HECTAREA",7.983477394,-74.65844186
2007-12-01,"ANTIOQUIA","ZARAGOZA",128.72,"HECTAREA",7.474004006,-74.85848326
2007-12-01,"CÓRDOBA","PUERTO LIBERTADOR",90.14,"HECTAREA",7.711515736,-75.77123224
2007-12-01,"GUAVIARE","CALAMAR",8.03,"HECTAREA",1.613634284,-73.0342639
2007-12-01,"GUAVIARE","MIRAFLORES",31.83,"HECTAREA",1.363974932,-72.01810951
2007-12-02,"ANTIOQUIA","ANORI",159.48,"HECTAREA",7.193110778,-75.10848954
2007-12-02,"ANTIOQUIA","CARACOLI",181.33,"HECTAREA",6.33797388,-74.73354817
2007-12-02,"ANTIOQUIA","ZARAGOZA",60.04,"HECTAREA",7.474004006,-74.85848326
2007-12-02,"CAQUETÁ","PUERTO RICO",102.42,"HECTAREA",2.018940891,-75.07308627
2007-12-02,"GUAVIARE","CALAMAR",109.26,"HECTAREA",1.613634284,-73.0342639
2007-12-02,"GUAVIARE","SAN JOSE DEL GUAVIARE",25.57,"HECTAREA",2.484286091,-71.91916993
2007-12-03,"ANTIOQUIA","ANORI",46.13,"HECTAREA",7.193110778,-75.10848954
2007-12-03,"ANTIOQUIA","TARAZA",56.47,"HECTAREA",7.488875998,-75.40189438
2007-12-03,"CAQUETÁ","MILAN",49.42,"HECTAREA",1.146692554,-75.38664764
2007-12-03,"GUAVIARE","CALAMAR",24.35,"HECTAREA",1.613634284,-73.0342639
2007-12-03,"GUAVIARE","SAN JOSE DEL GUAVIARE",15.96,"HECTAREA",2.484286091,-71.91916993
2007-12-04,"CAQUETÁ","CURILLO",46.79,"HECTAREA",1.115379292,-75.97328452
2007-12-04,"GUAVIARE","SAN JOSE DEL GUAVIARE",73.89,"HECTAREA",2.484286091,-71.91916993
2007-12-05,"CAQUETÁ","PUERTO RICO",24.26,"HECTAREA",2.018940891,-75.07308627
2007-12-05,"CÓRDOBA","TIERRALTA",103.38,"HECTAREA",7.813896829,-76.16846678
2007-12-05,"GUAVIARE","CALAMAR",91.8,"HECTAREA",1.613634284,-73.0342639
2007-12-06,"ANTIOQUIA","ANORI",75.73,"HECTAREA",7.193110778,-75.10848954
2007-12-06,"ANTIOQUIA","TARAZA",6.07,"HECTAREA",7.488875998,-75.40189438
2007-12-06,"CAQUETÁ","MILAN",96.3,"HECTAREA",1.146692554,-75.38664764
2007-12-06,"CÓRDOBA","LORICA",66.19,"HECTAREA",9.165034998,-75.90978124
2007-12-06,"GUAVIARE","CALAMAR",60,"HECTAREA",1.613634284,-73.0342639
2007-12-06,"GUAVIARE","SAN JOSE DEL GUAVIARE",11.03,"HECTAREA",2.484286091,-71.91916993
2007-12-07,"ANTIOQUIA","TARAZA",76.24,"HECTAREA",7.488875998,-75.40189438
2007-12-07,"CAQUETÁ","PUERTO RICO",144.41,"HECTAREA",2.018940891,-75.07308627
2007-12-07,"GUAVIARE","SAN JOSE DEL GUAVIARE",45.84,"HECTAREA",2.484286091,-71.91916993
2007-12-08,"ANTIOQUIA","TARAZA",141,"HECTAREA",7.488875998,-75.40189438
2007-12-08,"CAQUETÁ","MILAN",113.34,"HECTAREA",1.146692554,-75.38664764
2007-12-08,"GUAVIARE","CALAMAR",83.42,"HECTAREA",1.613634284,-73.0342639
2007-12-09,"ANTIOQUIA","CARACOLI",69.74,"HECTAREA",6.33797388,-74.73354817
2007-12-09,"CAQUETÁ","MILAN",11.41,"HECTAREA",1.146692554,-75.38664764
2007-12-09,"GUAVIARE","CALAMAR",64.42,"HECTAREA",1.613634284,-73.0342639
2007-12-10,"ANTIOQUIA","CARACOLI",105.41,"HECTAREA",6.33797388,-74.73354817
2007-12-10,"CAQUETÁ","PUERTO RICO",111.28,"HECTAREA",2.018940891,-75.07308627
2007-12-10,"GUAVIARE","SAN JOSE DEL GUAVIARE",70.62,"HECTAREA",2.484286091,-71.91916993
2007-12-11,"CAQUETÁ","MILAN",211.46,"HECTAREA",1.146692554,-75.38664764
2007-12-11,"GUAVIARE","EL RETORNO",5.86,"HECTAREA",2.143447362,-72.24364869
2007-12-11,"META","MAPIRIPAN",69.91,"HECTAREA",3.117523361,-71.93805692
2007-12-12,"META","PUERTO RICO",3.27,"HECTAREA",2.758083657,-73.13780171
2007-12-14,"ANTIOQUIA","AMALFI",26.13,"HECTAREA",6.977788843,-74.9812393
2007-12-14,"ANTIOQUIA","SEGOVIA",52.04,"HECTAREA",7.26692339,-74.62163926
2007-12-15,"ANTIOQUIA","AMALFI",20.48,"HECTAREA",6.977788843,-74.9812393
2007-12-15,"ANTIOQUIA","SEGOVIA",42.07,"HECTAREA",7.26692339,-74.62163926
2007-12-16,"ANTIOQUIA","EL BAGRE",150.07,"HECTAREA",7.704633351,-74.66427726
2007-12-16,"GUAVIARE","EL RETORNO",18.12,"HECTAREA",2.143447362,-72.24364869
2007-12-17,"GUAVIARE","EL RETORNO",16.72,"HECTAREA",2.143447362,-72.24364869
2007-12-18,"GUAVIARE","SAN JOSE DEL GUAVIARE",83.66,"HECTAREA",2.484286091,-71.91916993
2007-12-18,"NARIÑO","SAN ANDRES DE TUMACO",56.97,"HECTAREA",1.574550638,-78.61540963
2007-12-20,"ANTIOQUIA","CARACOLI",148.27,"HECTAREA",6.33797388,-74.73354817
2007-12-20,"META","PUERTO LLERAS",46.42,"HECTAREA",3.193092925,-73.23671436
2007-12-20,"META","VISTAHERMOSA",144.46,"HECTAREA",2.811616698,-73.66652234
2007-12-20,"NARIÑO","EL CHARCO",293.42,"HECTAREA",2.216382295,-77.99533234
2007-12-21,"META","MAPIRIPAN",123.93,"HECTAREA",3.117523361,-71.93805692
2007-12-21,"META","PUERTO RICO",57.26,"HECTAREA",2.758083657,-73.13780171
2007-12-21,"NARIÑO","SAN ANDRES DE TUMACO",244.79,"HECTAREA",1.574550638,-78.61540963
2007-12-22,"GUAVIARE","EL RETORNO",4.01,"HECTAREA",2.143447362,-72.24364869
2007-12-24,"GUAVIARE","EL RETORNO",58.67,"HECTAREA",2.143447362,-72.24364869
2007-12-24,"NARIÑO","SAN ANDRES DE TUMACO",103.83,"HECTAREA",1.574550638,-78.61540963
2007-12-27,"GUAVIARE","SAN JOSE DEL GUAVIARE",75.34,"HECTAREA",2.484286091,-71.91916993
2007-12-28,"META","PUERTO LLERAS",45.43,"HECTAREA",3.193092925,-73.23671436
2007-12-28,"NARIÑO","SAN ANDRES DE TUMACO",282.27,"HECTAREA",1.574550638,-78.61540963
2007-12-29,"GUAVIARE","CALAMAR",26.88,"HECTAREA",1.613634284,-73.0342639
2007-12-30,"CAUCA","PATIA",83.08,"HECTAREA",2.157983906,-77.0465762
2007-12-30,"GUAVIARE","SAN JOSE DEL GUAVIARE",109,"HECTAREA",2.484286091,-71.91916993
2007-12-31,"GUAVIARE","SAN JOSE DEL GUAVIARE",43.31,"HECTAREA",2.484286091,-71.91916993
2008-01-01,"META","PUERTO RICO",116.51,"HECTAREA",2.758083657,-73.13780171
2008-01-02,"GUAVIARE","SAN JOSE DEL GUAVIARE",80.45,"HECTAREA",2.484286091,-71.91916993
2008-01-02,"META","PUERTO RICO",75.8,"HECTAREA",2.758083657,-73.13780171
2008-01-03,"GUAVIARE","SAN JOSE DEL GUAVIARE",43.89,"HECTAREA",2.484286091,-71.91916993
2008-01-03,"META","VISTAHERMOSA",120.86,"HECTAREA",2.811616698,-73.66652234
2008-01-04,"CAUCA","BOLIVAR",95.04,"HECTAREA",1.853951938,-76.96337454
2008-01-04,"GUAVIARE","SAN JOSE DEL GUAVIARE",111.83,"HECTAREA",2.484286091,-71.91916993
2008-01-04,"META","PUERTO RICO",75.96,"HECTAREA",2.758083657,-73.13780171
2008-01-05,"NARIÑO","EL CHARCO",66.95,"HECTAREA",2.216382295,-77.99533234
2008-01-05,"NARIÑO","MAGUI",194.03,"HECTAREA",1.906858429,-78.04473644
2008-01-06,"META","PUERTO RICO",68.42,"HECTAREA",2.758083657,-73.13780171
2008-01-07,"GUAVIARE","SAN JOSE DEL GUAVIARE",32.02,"HECTAREA",2.484286091,-71.91916993
2008-01-07,"META","PUERTO RICO",91.19,"HECTAREA",2.758083657,-73.13780171
2008-01-08,"GUAVIARE","SAN JOSE DEL GUAVIARE",11.47,"HECTAREA",2.484286091,-71.91916993
2008-01-08,"META","PUERTO RICO",69.42,"HECTAREA",2.758083657,-73.13780171
2008-01-08,"NARIÑO","MAGUI",88.05,"HECTAREA",1.906858429,-78.04473644
2008-01-09,"META","PUERTO RICO",73.61,"HECTAREA",2.758083657,-73.13780171
2008-01-10,"CAUCA","ARGELIA",315.9,"HECTAREA",2.329337283,-77.26314906
2008-01-11,"GUAVIARE","SAN JOSE DEL GUAVIARE",69.8,"HECTAREA",2.484286091,-71.91916993
2008-01-11,"NARIÑO","EL CHARCO",55.37,"HECTAREA",2.216382295,-77.99533234
2008-01-11,"NARIÑO","MAGUI",274.38,"HECTAREA",1.906858429,-78.04473644
2008-01-12,"META","MAPIRIPAN",83.52,"HECTAREA",3.117523361,-71.93805692
2008-01-12,"NARIÑO","BARBACOAS",72.26,"HECTAREA",1.44563774,-78.15621072
2008-01-13,"META","MAPIRIPAN",268.22,"HECTAREA",3.117523361,-71.93805692
2008-01-14,"META","PUERTO LLERAS",37.73,"HECTAREA",3.193092925,-73.23671436
2008-01-14,"META","VISTAHERMOSA",89.12,"HECTAREA",2.811616698,-73.66652234
2008-01-14,"NARIÑO","EL CHARCO",222.44,"HECTAREA",2.216382295,-77.99533234
2008-01-14,"NARIÑO","FRANCISCO PIZARRO",9.95,"HECTAREA",2.088531925,-78.59193099
2008-01-15,"META","PUERTO RICO",54.23,"HECTAREA",2.758083657,-73.13780171
2008-01-15,"META","VISTAHERMOSA",75.88,"HECTAREA",2.811616698,-73.66652234
2008-01-16,"GUAVIARE","SAN JOSE DEL GUAVIARE",32.11,"HECTAREA",2.484286091,-71.91916993
2008-01-16,"META","PUERTO LLERAS",69.48,"HECTAREA",3.193092925,-73.23671436
2008-01-16,"NARIÑO","BARBACOAS",313.25,"HECTAREA",1.44563774,-78.15621072
2008-01-16,"NARIÑO","FRANCISCO PIZARRO",398.15,"HECTAREA",2.088531925,-78.59193099
2008-01-17,"META","MAPIRIPAN",61.01,"HECTAREA",3.117523361,-71.93805692
2008-01-17,"META","PUERTO GAITAN",112.86,"HECTAREA",4.005034467,-71.63157429
2008-01-17,"NARIÑO","EL CHARCO",228.32,"HECTAREA",2.216382295,-77.99533234
2008-01-17,"NARIÑO","FRANCISCO PIZARRO",319.47,"HECTAREA",2.088531925,-78.59193099
2008-01-18,"META","VISTAHERMOSA",223.76,"HECTAREA",2.811616698,-73.66652234
2008-01-18,"NARIÑO","EL CHARCO",342.3,"HECTAREA",2.216382295,-77.99533234
2008-01-18,"NARIÑO","FRANCISCO PIZARRO",323.85,"HECTAREA",2.088531925,-78.59193099
2008-01-18,"NARIÑO","LA TOLA",285.61,"HECTAREA",2.56027333,-78.23506694
2008-01-19,"CAUCA","ARGELIA",123.93,"HECTAREA",2.329337283,-77.26314906
2008-01-19,"CAUCA","MERCADERES",16.09,"HECTAREA",1.793825164,-77.18060381
2008-01-19,"META","VISTAHERMOSA",216.95,"HECTAREA",2.811616698,-73.66652234
2008-01-19,"NARIÑO","PASTO",43.6,"HECTAREA",1.083605497,-77.20610074
2008-01-19,"NARIÑO","SAN ANDRES DE TUMACO",278.4,"HECTAREA",1.574550638,-78.61540963
2008-01-20,"CAUCA","MERCADERES",58.09,"HECTAREA",1.793825164,-77.18060381
2008-01-20,"GUAVIARE","SAN JOSE DEL GUAVIARE",165.03,"HECTAREA",2.484286091,-71.91916993
2008-01-20,"NARIÑO","EL CHARCO",492.89,"HECTAREA",2.216382295,-77.99533234
2008-01-21,"GUAVIARE","EL RETORNO",82.16,"HECTAREA",2.143447362,-72.24364869
2008-01-21,"META","PUERTO RICO",10.94,"HECTAREA",2.758083657,-73.13780171
2008-01-21,"NARIÑO","LEIVA",102.83,"HECTAREA",1.900862361,-77.31220073
2008-01-22,"GUAVIARE","SAN JOSE DEL GUAVIARE",104.91,"HECTAREA",2.484286091,-71.91916993
2008-01-22,"META","PUERTO RICO",67.57,"HECTAREA",2.758083657,-73.13780171
2008-01-23,"CAUCA","PATIA",103.89,"HECTAREA",2.157983906,-77.0465762
2008-01-23,"META","PUERTO RICO",187.97,"HECTAREA",2.758083657,-73.13780171
2008-01-24,"META","PUERTO RICO",22.61,"HECTAREA",2.758083657,-73.13780171
2008-01-24,"META","VISTAHERMOSA",118.13,"HECTAREA",2.811616698,-73.66652234
2008-01-25,"META","PUERTO RICO",28.68,"HECTAREA",2.758083657,-73.13780171
2008-01-25,"META","VISTAHERMOSA",119.69,"HECTAREA",2.811616698,-73.66652234
2008-01-26,"META","PUERTO RICO",7.18,"HECTAREA",2.758083657,-73.13780171
2008-01-26,"META","VISTAHERMOSA",76.68,"HECTAREA",2.811616698,-73.66652234
2008-01-27,"GUAVIARE","CALAMAR",55.96,"HECTAREA",1.613634284,-73.0342639
2008-01-29,"NARIÑO","EL CHARCO",329.14,"HECTAREA",2.216382295,-77.99533234
2008-01-30,"GUAVIARE","SAN JOSE DEL GUAVIARE",50.07,"HECTAREA",2.484286091,-71.91916993
2008-01-31,"GUAVIARE","SAN JOSE DEL GUAVIARE",57.58,"HECTAREA",2.484286091,-71.91916993
2008-01-31,"META","VISTAHERMOSA",67.52,"HECTAREA",2.811616698,-73.66652234
2008-01-31,"NARIÑO","BARBACOAS",193.48,"HECTAREA",1.44563774,-78.15621072
2008-01-31,"NARIÑO","MAGUI",290.38,"HECTAREA",1.906858429,-78.04473644
2008-02-01,"META","VISTAHERMOSA",70.41,"HECTAREA",2.811616698,-73.66652234
2008-02-01,"NARIÑO","EL CHARCO",682.52,"HECTAREA",2.216382295,-77.99533234
2008-02-02,"GUAVIARE","SAN JOSE DEL GUAVIARE",71.22,"HECTAREA",2.484286091,-71.91916993
2008-02-02,"NARIÑO","BARBACOAS",158.87,"HECTAREA",1.44563774,-78.15621072
2008-02-02,"NARIÑO","MAGUI",165.58,"HECTAREA",1.906858429,-78.04473644
2008-02-03,"GUAVIARE","SAN JOSE DEL GUAVIARE",27.13,"HECTAREA",2.484286091,-71.91916993
2008-02-03,"PUTUMAYO","ORITO",168.97,"HECTAREA",0.673756323,-76.94313923
2008-02-03,"PUTUMAYO","VILLAGARZON",304.31,"HECTAREA",0.911149515,-76.74495447
2008-02-04,"META","VISTAHERMOSA",105.79,"HECTAREA",2.811616698,-73.66652234
2008-02-04,"PUTUMAYO","ORITO",219.6,"HECTAREA",0.673756323,-76.94313923
2008-02-05,"GUAVIARE","CALAMAR",69.14,"HECTAREA",1.613634284,-73.0342639
2008-02-05,"NARIÑO","EL CHARCO",347.51,"HECTAREA",2.216382295,-77.99533234
2008-02-05,"NARIÑO","MAGUI",314.47,"HECTAREA",1.906858429,-78.04473644
2008-02-06,"GUAVIARE","CALAMAR",51.31,"HECTAREA",1.613634284,-73.0342639
2008-02-06,"GUAVIARE","SAN JOSE DEL GUAVIARE",14.36,"HECTAREA",2.484286091,-71.91916993
2008-02-06,"NARIÑO","MAGUI",409.77,"HECTAREA",1.906858429,-78.04473644
2008-02-07,"GUAVIARE","MIRAFLORES",85.92,"HECTAREA",1.363974932,-72.01810951
2008-02-07,"GUAVIARE","SAN JOSE DEL GUAVIARE",8.7,"HECTAREA",2.484286091,-71.91916993
2008-02-07,"NARIÑO","LA TOLA",76.64,"HECTAREA",2.56027333,-78.23506694
2008-02-07,"NARIÑO","OLAYA HERRERA",62.12,"HECTAREA",2.287856547,-78.31219024
2008-02-07,"PUTUMAYO","VALLE DEL GUAMUEZ",492.68,"HECTAREA",0.42012589,-76.77067026
2008-02-08,"META","PUERTO RICO",116.8,"HECTAREA",2.758083657,-73.13780171
2008-02-08,"NARIÑO","FRANCISCO PIZARRO",53.76,"HECTAREA",2.088531925,-78.59193099
2008-02-08,"NARIÑO","ROBERTO PAYAN",254.49,"HECTAREA",1.897581156,-78.3811163
2008-02-09,"META","PUERTO RICO",46.53,"HECTAREA",2.758083657,-73.13780171
2008-02-10,"GUAVIARE","CALAMAR",14.61,"HECTAREA",1.613634284,-73.0342639
2008-02-10,"GUAVIARE","SAN JOSE DEL GUAVIARE",46.39,"HECTAREA",2.484286091,-71.91916993
2008-02-10,"NARIÑO","FRANCISCO PIZARRO",90.94,"HECTAREA",2.088531925,-78.59193099
2008-02-11,"CAUCA","PIAMONTE",233.58,"HECTAREA",1.054128816,-76.4443271
2008-02-11,"PUTUMAYO","VILLAGARZON",56.45,"HECTAREA",0.911149515,-76.74495447
2008-02-15,"GUAVIARE","SAN JOSE DEL GUAVIARE",77.69,"HECTAREA",2.484286091,-71.91916993
2008-02-15,"NARIÑO","EL CHARCO",720.26,"HECTAREA",2.216382295,-77.99533234
2008-02-15,"NARIÑO","LA TOLA",209.33,"HECTAREA",2.56027333,-78.23506694
2008-02-15,"PUTUMAYO","VILLAGARZON",373.18,"HECTAREA",0.911149515,-76.74495447
2008-02-16,"GUAVIARE","MIRAFLORES",88.77,"HECTAREA",1.363974932,-72.01810951
2008-02-16,"META","MAPIRIPAN",49.36,"HECTAREA",3.117523361,-71.93805692
2008-02-16,"PUTUMAYO","ORITO",1.01,"HECTAREA",0.673756323,-76.94313923
2008-02-17,"GUAVIARE","MIRAFLORES",78.47,"HECTAREA",1.363974932,-72.01810951
2008-02-17,"GUAVIARE","SAN JOSE DEL GUAVIARE",12.68,"HECTAREA",2.484286091,-71.91916993
2008-02-17,"NARIÑO","EL CHARCO",997.27,"HECTAREA",2.216382295,-77.99533234
2008-02-17,"NARIÑO","MAGUI",488.46,"HECTAREA",1.906858429,-78.04473644
2008-02-18,"GUAVIARE","SAN JOSE DEL GUAVIARE",3.64,"HECTAREA",2.484286091,-71.91916993
2008-02-18,"META","MAPIRIPAN",25.01,"HECTAREA",3.117523361,-71.93805692
2008-02-19,"GUAVIARE","SAN JOSE DEL GUAVIARE",40.99,"HECTAREA",2.484286091,-71.91916993
2008-02-20,"GUAVIARE","SAN JOSE DEL GUAVIARE",66.2,"HECTAREA",2.484286091,-71.91916993
2008-02-20,"NARIÑO","ROBERTO PAYAN",64.88,"HECTAREA",1.897581156,-78.3811163
2008-02-21,"NARIÑO","ROBERTO PAYAN",231.61,"HECTAREA",1.897581156,-78.3811163
2008-02-21,"NARIÑO","SAN ANDRES DE TUMACO",219.86,"HECTAREA",1.574550638,-78.61540963
2008-02-21,"PUTUMAYO","VALLE DEL GUAMUEZ",81.34,"HECTAREA",0.42012589,-76.77067026
2008-02-23,"NARIÑO","MAGUI",158.51,"HECTAREA",1.906858429,-78.04473644
2008-02-23,"NARIÑO","OLAYA HERRERA",48.3,"HECTAREA",2.287856547,-78.31219024
2008-02-24,"GUAVIARE","SAN JOSE DEL GUAVIARE",199.08,"HECTAREA",2.484286091,-71.91916993
2008-02-24,"NARIÑO","CUMBITARA",177.37,"HECTAREA",1.72559011,-77.59281637
2008-02-24,"NARIÑO","MAGUI",430.08,"HECTAREA",1.906858429,-78.04473644
2008-02-24,"NARIÑO","OLAYA HERRERA",254.46,"HECTAREA",2.287856547,-78.31219024
2008-02-25,"GUAVIARE","SAN JOSE DEL GUAVIARE",50.22,"HECTAREA",2.484286091,-71.91916993
2008-02-25,"META","PUERTO LLERAS",54.98,"HECTAREA",3.193092925,-73.23671436
2008-02-25,"PUTUMAYO","ORITO",145.58,"HECTAREA",0.673756323,-76.94313923
2008-02-25,"PUTUMAYO","PUERTO CAICEDO",115.39,"HECTAREA",0.70416861,-76.49864415
2008-02-26,"NARIÑO","EL CHARCO",259.66,"HECTAREA",2.216382295,-77.99533234
2008-02-26,"NARIÑO","MAGUI",258.64,"HECTAREA",1.906858429,-78.04473644
2008-02-27,"PUTUMAYO","ORITO",107.48,"HECTAREA",0.673756323,-76.94313923
2008-02-28,"NARIÑO","BARBACOAS",45.5,"HECTAREA",1.44563774,-78.15621072
2008-02-28,"NARIÑO","EL CHARCO",429.51,"HECTAREA",2.216382295,-77.99533234
2008-02-29,"GUAVIARE","SAN JOSE DEL GUAVIARE",10.95,"HECTAREA",2.484286091,-71.91916993
2008-02-29,"NARIÑO","FRANCISCO PIZARRO",227.72,"HECTAREA",2.088531925,-78.59193099
2008-02-29,"PUTUMAYO","ORITO",92.07,"HECTAREA",0.673756323,-76.94313923
2008-03-01,"META","PUERTO RICO",55.74,"HECTAREA",2.758083657,-73.13780171
2008-03-01,"NARIÑO","BARBACOAS",88.02,"HECTAREA",1.44563774,-78.15621072
2008-03-01,"PUTUMAYO","PUERTO ASIS",83.6,"HECTAREA",0.433884539,-76.52158203
2008-03-02,"META","PUERTO RICO",48.46,"HECTAREA",2.758083657,-73.13780171
2008-03-02,"NARIÑO","EL CHARCO",35.91,"HECTAREA",2.216382295,-77.99533234
2008-03-02,"PUTUMAYO","ORITO",239.08,"HECTAREA",0.673756323,-76.94313923
2008-03-03,"META","MAPIRIPAN",31.41,"HECTAREA",3.117523361,-71.93805692
2008-03-03,"PUTUMAYO","PUERTO GUZMAN",142.22,"HECTAREA",0.746432215,-75.88022979
2008-03-04,"GUAVIARE","EL RETORNO",37.99,"HECTAREA",2.143447362,-72.24364869
2008-03-04,"NARIÑO","EL CHARCO",325.6,"HECTAREA",2.216382295,-77.99533234
2008-03-04,"NARIÑO","OLAYA HERRERA",214.29,"HECTAREA",2.287856547,-78.31219024
2008-03-05,"NARIÑO","EL CHARCO",281.64,"HECTAREA",2.216382295,-77.99533234
2008-03-05,"NARIÑO","SANTA BARBARA",98.38,"HECTAREA",2.494420411,-77.98256461
2008-03-05,"PUTUMAYO","ORITO",1.04,"HECTAREA",0.673756323,-76.94313923
2008-03-06,"NARIÑO","EL CHARCO",34.43,"HECTAREA",2.216382295,-77.99533234
2008-03-06,"NARIÑO","OLAYA HERRERA",46.68,"HECTAREA",2.287856547,-78.31219024
2008-03-06,"PUTUMAYO","ORITO",104.61,"HECTAREA",0.673756323,-76.94313923
2008-03-06,"PUTUMAYO","VILLAGARZON",384.45,"HECTAREA",0.911149515,-76.74495447
2008-03-07,"META","MAPIRIPAN",108.73,"HECTAREA",3.117523361,-71.93805692
2008-03-07,"NARIÑO","MAGUI",65.49,"HECTAREA",1.906858429,-78.04473644
2008-03-07,"NARIÑO","OLAYA HERRERA",245.96,"HECTAREA",2.287856547,-78.31219024
2008-03-07,"PUTUMAYO","VALLE DEL GUAMUEZ",354.15,"HECTAREA",0.42012589,-76.77067026
2008-03-08,"GUAVIARE","MIRAFLORES",132.9,"HECTAREA",1.363974932,-72.01810951
2008-03-08,"NARIÑO","SAN ANDRES DE TUMACO",429.81,"HECTAREA",1.574550638,-78.61540963
2008-03-08,"PUTUMAYO","PUERTO GUZMAN",324.6,"HECTAREA",0.746432215,-75.88022979
2008-03-09,"META","MAPIRIPAN",92,"HECTAREA",3.117523361,-71.93805692
2008-03-09,"PUTUMAYO","PUERTO GUZMAN",76.62,"HECTAREA",0.746432215,-75.88022979
2008-03-10,"GUAVIARE","MIRAFLORES",125.98,"HECTAREA",1.363974932,-72.01810951
2008-03-11,"NARIÑO","BARBACOAS",597.51,"HECTAREA",1.44563774,-78.15621072
2008-03-11,"NARIÑO","EL CHARCO",144.05,"HECTAREA",2.216382295,-77.99533234
2008-03-11,"NARIÑO","PASTO",83.85,"HECTAREA",1.083605497,-77.20610074
2008-03-12,"NARIÑO","EL CHARCO",109.64,"HECTAREA",2.216382295,-77.99533234
2008-03-12,"NARIÑO","MAGUI",101.55,"HECTAREA",1.906858429,-78.04473644
2008-03-12,"PUTUMAYO","ORITO",149.84,"HECTAREA",0.673756323,-76.94313923
2008-03-12,"PUTUMAYO","PUERTO ASIS",145.51,"HECTAREA",0.433884539,-76.52158203
2008-03-13,"NARIÑO","EL CHARCO",218.24,"HECTAREA",2.216382295,-77.99533234
2008-03-13,"NARIÑO","SANTA BARBARA",233.71,"HECTAREA",2.494420411,-77.98256461
2008-03-14,"NARIÑO","MAGUI",174.03,"HECTAREA",1.906858429,-78.04473644
2008-03-15,"GUAVIARE","MIRAFLORES",201.08,"HECTAREA",1.363974932,-72.01810951
2008-03-15,"NARIÑO","EL CHARCO",187.12,"HECTAREA",2.216382295,-77.99533234
2008-03-15,"PUTUMAYO","PUERTO ASIS",325.56,"HECTAREA",0.433884539,-76.52158203
2008-03-16,"META","PUERTO GAITAN",61.74,"HECTAREA",4.005034467,-71.63157429
2008-03-16,"NARIÑO","SAN ANDRES DE TUMACO",557.67,"HECTAREA",1.574550638,-78.61540963
2008-03-17,"GUAVIARE","EL RETORNO",106.39,"HECTAREA",2.143447362,-72.24364869
2008-03-17,"NARIÑO","SAN ANDRES DE TUMACO",565.72,"HECTAREA",1.574550638,-78.61540963
2008-03-18,"CAQUETÁ","SAN JOSE DEL FRAGUA",93.98,"HECTAREA",1.304702314,-76.11000594
2008-03-18,"GUAVIARE","SAN JOSE DEL GUAVIARE",32.07,"HECTAREA",2.484286091,-71.91916993
2008-03-18,"NARIÑO","EL ROSARIO",162.67,"HECTAREA",1.887689437,-77.48319589
2008-03-18,"NARIÑO","PASTO",2.31,"HECTAREA",1.083605497,-77.20610074
2008-03-18,"NARIÑO","SAN ANDRES DE TUMACO",86.46,"HECTAREA",1.574550638,-78.61540963
2008-03-19,"GUAVIARE","SAN JOSE DEL GUAVIARE",59.66,"HECTAREA",2.484286091,-71.91916993
2008-03-19,"NARIÑO","EL ROSARIO",192.32,"HECTAREA",1.887689437,-77.48319589
2008-03-19,"NARIÑO","MAGUI",157.24,"HECTAREA",1.906858429,-78.04473644
2008-03-19,"NARIÑO","SAN ANDRES DE TUMACO",154.2,"HECTAREA",1.574550638,-78.61540963
2008-03-20,"GUAVIARE","SAN JOSE DEL GUAVIARE",53.49,"HECTAREA",2.484286091,-71.91916993
2008-03-20,"NARIÑO","SAN ANDRES DE TUMACO",119.87,"HECTAREA",1.574550638,-78.61540963
2008-03-21,"GUAVIARE","SAN JOSE DEL GUAVIARE",3.52,"HECTAREA",2.484286091,-71.91916993
2008-03-22,"NARIÑO","EL CHARCO",301.56,"HECTAREA",2.216382295,-77.99533234
2008-03-22,"PUTUMAYO","PUERTO ASIS",100.17,"HECTAREA",0.433884539,-76.52158203
2008-03-24,"GUAVIARE","CALAMAR",12.5,"HECTAREA",1.613634284,-73.0342639
2008-03-24,"NARIÑO","BARBACOAS",49.47,"HECTAREA",1.44563774,-78.15621072
2008-03-24,"NARIÑO","EL CHARCO",245.68,"HECTAREA",2.216382295,-77.99533234
2008-03-24,"NARIÑO","MOSQUERA",239.05,"HECTAREA",2.442493698,-78.438827
2008-03-24,"PUTUMAYO","PUERTO ASIS",28.53,"HECTAREA",0.433884539,-76.52158203
2008-03-24,"PUTUMAYO","VILLAGARZON",17.35,"HECTAREA",0.911149515,-76.74495447
2008-03-25,"PUTUMAYO","PUERTO ASIS",63.02,"HECTAREA",0.433884539,-76.52158203
2008-03-26,"PUTUMAYO","PUERTO ASIS",90.9,"HECTAREA",0.433884539,-76.52158203
2008-03-27,"CAQUETÁ","CURILLO",51.57,"HECTAREA",1.115379292,-75.97328452
2008-03-27,"CAQUETÁ","SAN JOSE DEL FRAGUA",136.04,"HECTAREA",1.304702314,-76.11000594
2008-03-28,"PUTUMAYO","VALLE DEL GUAMUEZ",96.8,"HECTAREA",0.42012589,-76.77067026
2008-03-29,"NARIÑO","SAN ANDRES DE TUMACO",267.9,"HECTAREA",1.574550638,-78.61540963
2008-03-30,"NARIÑO","OLAYA HERRERA",64.85,"HECTAREA",2.287856547,-78.31219024
2008-03-31,"NARIÑO","MAGUI",171.14,"HECTAREA",1.906858429,-78.04473644
2008-03-31,"PUTUMAYO","ORITO",308.31,"HECTAREA",0.673756323,-76.94313923
2008-04-01,"NARIÑO","BARBACOAS",107.26,"HECTAREA",1.44563774,-78.15621072
2008-04-01,"PUTUMAYO","VILLAGARZON",196.5,"HECTAREA",0.911149515,-76.74495447
2008-04-02,"CAQUETÁ","CURILLO",16.32,"HECTAREA",1.115379292,-75.97328452
2008-04-02,"CAQUETÁ","SAN JOSE DEL FRAGUA",50.48,"HECTAREA",1.304702314,-76.11000594
2008-04-02,"NARIÑO","SAN ANDRES DE TUMACO",14.37,"HECTAREA",1.574550638,-78.61540963
2008-04-02,"PUTUMAYO","ORITO",286.73,"HECTAREA",0.673756323,-76.94313923
2008-04-03,"NARIÑO","SAN ANDRES DE TUMACO",5.53,"HECTAREA",1.574550638,-78.61540963
2008-04-03,"PUTUMAYO","ORITO",77.7,"HECTAREA",0.673756323,-76.94313923
2008-04-04,"PUTUMAYO","ORITO",295.23,"HECTAREA",0.673756323,-76.94313923
2008-04-05,"NARIÑO","SAN ANDRES DE TUMACO",40.38,"HECTAREA",1.574550638,-78.61540963
2008-04-06,"BOLÍVAR","CANTAGALLO",120.83,"HECTAREA",7.239229146,-74.10014043
2008-04-06,"CAQUETÁ","ALBANIA",101.66,"HECTAREA",1.22786549,-75.88232651
2008-04-06,"CAQUETÁ","CURILLO",69.74,"HECTAREA",1.115379292,-75.97328452
2008-04-06,"NARIÑO","SAN ANDRES DE TUMACO",170.69,"HECTAREA",1.574550638,-78.61540963
2008-04-06,"PUTUMAYO","PUERTO GUZMAN",57.47,"HECTAREA",0.746432215,-75.88022979
2008-04-07,"BOLÍVAR","SAN PABLO",171.69,"HECTAREA",7.507922612,-74.10356977
2008-04-07,"NARIÑO","SAN ANDRES DE TUMACO",206.29,"HECTAREA",1.574550638,-78.61540963
2008-04-07,"PUTUMAYO","ORITO",500.96,"HECTAREA",0.673756323,-76.94313923
2008-04-09,"NARIÑO","SAN ANDRES DE TUMACO",26.29,"HECTAREA",1.574550638,-78.61540963
2008-04-10,"BOLÍVAR","CANTAGALLO",99.75,"HECTAREA",7.239229146,-74.10014043
2008-04-10,"NARIÑO","CORDOBA",14.53,"HECTAREA",0.78274688,-77.36805903
2008-04-10,"PUTUMAYO","VILLAGARZON",169.9,"HECTAREA",0.911149515,-76.74495447
2008-04-11,"NARIÑO","BARBACOAS",191.29,"HECTAREA",1.44563774,-78.15621072
2008-04-11,"NARIÑO","PASTO",324.26,"HECTAREA",1.083605497,-77.20610074
2008-04-12,"BOLÍVAR","CANTAGALLO",80.28,"HECTAREA",7.239229146,-74.10014043
2008-04-12,"NARIÑO","EL CHARCO",233.22,"HECTAREA",2.216382295,-77.99533234
2008-04-12,"NARIÑO","PASTO",3.68,"HECTAREA",1.083605497,-77.20610074
2008-04-13,"ANTIOQUIA","PUERTO NARE",21.52,"HECTAREA",6.126539139,-74.70317722
2008-04-13,"NARIÑO","ROBERTO PAYAN",685.18,"HECTAREA",1.897581156,-78.3811163
2008-04-14,"ANTIOQUIA","YONDO",62.13,"HECTAREA",6.925159318,-74.15824041
2008-04-14,"BOLÍVAR","SAN PABLO",102.42,"HECTAREA",7.507922612,-74.10356977
2008-04-14,"NARIÑO","SAN ANDRES DE TUMACO",84.09,"HECTAREA",1.574550638,-78.61540963
2008-04-15,"NARIÑO","ROBERTO PAYAN",327.58,"HECTAREA",1.897581156,-78.3811163
2008-04-16,"NARIÑO","PASTO",164.52,"HECTAREA",1.083605497,-77.20610074
2008-04-16,"NARIÑO","SAN ANDRES DE TUMACO",143.48,"HECTAREA",1.574550638,-78.61540963
2008-04-17,"CAUCA","PIAMONTE",102.19,"HECTAREA",1.054128816,-76.4443271
2008-04-17,"NARIÑO","SAN ANDRES DE TUMACO",333.89,"HECTAREA",1.574550638,-78.61540963
2008-04-17,"PUTUMAYO","PUERTO CAICEDO",266.82,"HECTAREA",0.70416861,-76.49864415
2008-04-18,"BOLÍVAR","CANTAGALLO",86.55,"HECTAREA",7.239229146,-74.10014043
2008-04-18,"BOLÍVAR","SAN PABLO",86.52,"HECTAREA",7.507922612,-74.10356977
2008-04-18,"NARIÑO","MAGUI",130.96,"HECTAREA",1.906858429,-78.04473644
2008-04-18,"NARIÑO","OLAYA HERRERA",27.12,"HECTAREA",2.287856547,-78.31219024
2008-04-18,"NARIÑO","SANTA BARBARA",157.02,"HECTAREA",2.494420411,-77.98256461
2008-04-19,"NARIÑO","MAGUI",311.59,"HECTAREA",1.906858429,-78.04473644
2008-04-20,"NARIÑO","ROBERTO PAYAN",173.55,"HECTAREA",1.897581156,-78.3811163
2008-04-20,"PUTUMAYO","ORITO",126.47,"HECTAREA",0.673756323,-76.94313923
2008-04-21,"NARIÑO","EL CHARCO",269.24,"HECTAREA",2.216382295,-77.99533234
2008-04-22,"BOLÍVAR","SAN PABLO",181.5,"HECTAREA",7.507922612,-74.10356977
2008-04-22,"NARIÑO","EL CHARCO",186.39,"HECTAREA",2.216382295,-77.99533234
2008-04-22,"NARIÑO","ROBERTO PAYAN",274.68,"HECTAREA",1.897581156,-78.3811163
2008-04-23,"PUTUMAYO","VILLAGARZON",86.81,"HECTAREA",0.911149515,-76.74495447
2008-04-24,"CAUCA","PIAMONTE",178.42,"HECTAREA",1.054128816,-76.4443271
2008-04-24,"NARIÑO","MAGUI",233.25,"HECTAREA",1.906858429,-78.04473644
2008-04-24,"PUTUMAYO","PUERTO GUZMAN",54.23,"HECTAREA",0.746432215,-75.88022979
2008-04-25,"NARIÑO","SAN ANDRES DE TUMACO",151.48,"HECTAREA",1.574550638,-78.61540963
2008-04-25,"PUTUMAYO","ORITO",274.24,"HECTAREA",0.673756323,-76.94313923
2008-04-25,"PUTUMAYO","VILLAGARZON",114.35,"HECTAREA",0.911149515,-76.74495447
2008-04-26,"BOLÍVAR","EL PEÑON",93.63,"HECTAREA",8.864818786,-73.91230147
2008-04-26,"NARIÑO","BARBACOAS",193.11,"HECTAREA",1.44563774,-78.15621072
2008-04-26,"NARIÑO","MAGUI",167.56,"HECTAREA",1.906858429,-78.04473644
2008-04-26,"PUTUMAYO","PUERTO CAICEDO",101.3,"HECTAREA",0.70416861,-76.49864415
2008-04-26,"PUTUMAYO","VILLAGARZON",98.93,"HECTAREA",0.911149515,-76.74495447
2008-04-27,"PUTUMAYO","ORITO",91.67,"HECTAREA",0.673756323,-76.94313923
2008-04-28,"ANTIOQUIA","SAN FRANCISCO",93.24,"HECTAREA",5.840093731,-74.98176334
2008-04-28,"NARIÑO","EL CHARCO",173.3,"HECTAREA",2.216382295,-77.99533234
2008-04-28,"NARIÑO","MOSQUERA",12.89,"HECTAREA",2.442493698,-78.438827
2008-04-28,"NARIÑO","SAN ANDRES DE TUMACO",30.61,"HECTAREA",1.574550638,-78.61540963
2008-04-28,"PUTUMAYO","PUERTO ASIS",31.61,"HECTAREA",0.433884539,-76.52158203
2008-04-28,"PUTUMAYO","PUERTO CAICEDO",168.66,"HECTAREA",0.70416861,-76.49864415
2008-04-28,"PUTUMAYO","VILLAGARZON",118.42,"HECTAREA",0.911149515,-76.74495447
2008-04-29,"ANTIOQUIA","EL BAGRE",51.37,"HECTAREA",7.704633351,-74.66427726
2008-04-29,"PUTUMAYO","ORITO",122.07,"HECTAREA",0.673756323,-76.94313923
2008-04-30,"SANTANDER","CIMITARRA",50.78,"HECTAREA",6.40972961,-74.17030427
2008-05-01,"NARIÑO","SAN ANDRES DE TUMACO",149,"HECTAREA",1.574550638,-78.61540963
2008-05-01,"SANTANDER","CIMITARRA",4.27,"HECTAREA",6.40972961,-74.17030427
2008-05-02,"NARIÑO","SAN ANDRES DE TUMACO",41.52,"HECTAREA",1.574550638,-78.61540963
2008-05-04,"NARIÑO","SAN ANDRES DE TUMACO",82.73,"HECTAREA",1.574550638,-78.61540963
2008-05-06,"NARIÑO","BARBACOAS",197.84,"HECTAREA",1.44563774,-78.15621072
2008-05-06,"NARIÑO","SAN ANDRES DE TUMACO",196.83,"HECTAREA",1.574550638,-78.61540963
2008-05-08,"NORTE DE SANTANDER","TIBU",95.33,"HECTAREA",8.713507237,-72.79925855
2008-05-09,"BOLÍVAR","SAN PABLO",14.9,"HECTAREA",7.507922612,-74.10356977
2008-05-09,"BOLÍVAR","SIMITI",15.13,"HECTAREA",7.851315534,-73.98371609
2008-05-09,"NORTE DE SANTANDER","ABREGO",64.44,"HECTAREA",8.019834481,-73.15850485
2008-05-09,"NORTE DE SANTANDER","TEORAMA",20.33,"HECTAREA",8.760013794,-73.15714097
2008-05-10,"ANTIOQUIA","SONSON",89.44,"HECTAREA",5.826388779,-74.83637623
2008-05-10,"NARIÑO","EL CHARCO",409.27,"HECTAREA",2.216382295,-77.99533234
2008-05-10,"NORTE DE SANTANDER","TEORAMA",75.7,"HECTAREA",8.760013794,-73.15714097
2008-05-10,"NORTE DE SANTANDER","TIBU",393.63,"HECTAREA",8.713507237,-72.79925855
2008-05-11,"NORTE DE SANTANDER","SAN CALIXTO",43.2,"HECTAREA",8.414441404,-73.2176038
2008-05-11,"SANTANDER","CIMITARRA",82.4,"HECTAREA",6.40972961,-74.17030427
2008-05-12,"ANTIOQUIA","SEGOVIA",191.44,"HECTAREA",7.26692339,-74.62163926
2008-05-12,"NARIÑO","BARBACOAS",351.6,"HECTAREA",1.44563774,-78.15621072
2008-05-12,"NORTE DE SANTANDER","EL TARRA",165.09,"HECTAREA",8.678263671,-73.0317597
2008-05-13,"NARIÑO","EL CHARCO",177.69,"HECTAREA",2.216382295,-77.99533234
2008-05-13,"NARIÑO","SAN ANDRES DE TUMACO",193.01,"HECTAREA",1.574550638,-78.61540963
2008-05-13,"NORTE DE SANTANDER","TIBU",326.78,"HECTAREA",8.713507237,-72.79925855
2008-05-14,"NARIÑO","EL CHARCO",310.99,"HECTAREA",2.216382295,-77.99533234
2008-05-14,"NORTE DE SANTANDER","TIBU",162.63,"HECTAREA",8.713507237,-72.79925855
2008-05-15,"ANTIOQUIA","CACERES",37.77,"HECTAREA",7.665155105,-75.22369744
2008-05-15,"NARIÑO","EL CHARCO",226.57,"HECTAREA",2.216382295,-77.99533234
2008-05-16,"NORTE DE SANTANDER","TIBU",356.88,"HECTAREA",8.713507237,-72.79925855
2008-05-16,"SANTANDER","SUCRE",87.99,"HECTAREA",5.983203734,-73.95936235
2008-05-17,"NORTE DE SANTANDER","EL TARRA",9.55,"HECTAREA",8.678263671,-73.0317597
2008-05-18,"ANTIOQUIA","ZARAGOZA",116.74,"HECTAREA",7.474004006,-74.85848326
2008-05-18,"NARIÑO","EL CHARCO",416.62,"HECTAREA",2.216382295,-77.99533234
2008-05-18,"NARIÑO","SAN ANDRES DE TUMACO",253.84,"HECTAREA",1.574550638,-78.61540963
2008-05-18,"NORTE DE SANTANDER","TIBU",221.13,"HECTAREA",8.713507237,-72.79925855
2008-05-19,"NARIÑO","EL CHARCO",343.76,"HECTAREA",2.216382295,-77.99533234
2008-05-19,"NORTE DE SANTANDER","SARDINATA",62.51,"HECTAREA",8.215080767,-72.79580961
2008-05-19,"SANTANDER","SUCRE",27.21,"HECTAREA",5.983203734,-73.95936235
2008-05-20,"ANTIOQUIA","SEGOVIA",69.72,"HECTAREA",7.26692339,-74.62163926
2008-05-20,"NORTE DE SANTANDER","SARDINATA",59.18,"HECTAREA",8.215080767,-72.79580961
2008-05-20,"NORTE DE SANTANDER","TIBU",19.94,"HECTAREA",8.713507237,-72.79925855
2008-05-21,"NORTE DE SANTANDER","ABREGO",60.24,"HECTAREA",8.019834481,-73.15850485
2008-05-21,"NORTE DE SANTANDER","TIBU",130.42,"HECTAREA",8.713507237,-72.79925855
2008-05-22,"ANTIOQUIA","ZARAGOZA",23.37,"HECTAREA",7.474004006,-74.85848326
2008-05-22,"SANTANDER","SUCRE",17.72,"HECTAREA",5.983203734,-73.95936235
2008-05-23,"ANTIOQUIA","CACERES",140.7,"HECTAREA",7.665155105,-75.22369744
2008-05-23,"BOYACÁ","PUERTO BOYACA",99.31,"HECTAREA",5.953466654,-74.4528581
2008-05-23,"NARIÑO","BARBACOAS",40.12,"HECTAREA",1.44563774,-78.15621072
2008-05-23,"NARIÑO","EL CHARCO",216.81,"HECTAREA",2.216382295,-77.99533234
2008-05-23,"NARIÑO","SAN ANDRES DE TUMACO",89.25,"HECTAREA",1.574550638,-78.61540963
2008-05-25,"NORTE DE SANTANDER","ABREGO",41.58,"HECTAREA",8.019834481,-73.15850485
2008-05-25,"NORTE DE SANTANDER","SARDINATA",11.6,"HECTAREA",8.215080767,-72.79580961
2008-05-25,"SANTANDER","CIMITARRA",38.96,"HECTAREA",6.40972961,-74.17030427
2008-05-25,"SANTANDER","PUERTO PARRA",53.7,"HECTAREA",6.685278856,-73.95761256
2008-05-26,"ANTIOQUIA","CACERES",272.75,"HECTAREA",7.665155105,-75.22369744
2008-05-26,"ANTIOQUIA","ZARAGOZA",47.7,"HECTAREA",7.474004006,-74.85848326
2008-05-26,"NARIÑO","EL CHARCO",543.27,"HECTAREA",2.216382295,-77.99533234
2008-05-26,"NORTE DE SANTANDER","ABREGO",20.63,"HECTAREA",8.019834481,-73.15850485
2008-05-27,"BOYACÁ","PUERTO BOYACA",66.34,"HECTAREA",5.953466654,-74.4528581
2008-05-28,"NARIÑO","EL CHARCO",163.57,"HECTAREA",2.216382295,-77.99533234
2008-05-28,"NARIÑO","ROBERTO PAYAN",93.34,"HECTAREA",1.897581156,-78.3811163
2008-05-29,"ANTIOQUIA","YONDO",183.03,"HECTAREA",6.925159318,-74.15824041
2008-05-29,"NARIÑO","EL CHARCO",631.66,"HECTAREA",2.216382295,-77.99533234
2008-05-29,"NORTE DE SANTANDER","EL TARRA",10.99,"HECTAREA",8.678263671,-73.0317597
2008-05-30,"ANTIOQUIA","YONDO",52.45,"HECTAREA",6.925159318,-74.15824041
2008-05-30,"NARIÑO","EL CHARCO",165.72,"HECTAREA",2.216382295,-77.99533234
2008-05-30,"NORTE DE SANTANDER","TIBU",70.43,"HECTAREA",8.713507237,-72.79925855
2008-05-31,"NORTE DE SANTANDER","EL TARRA",30.72,"HECTAREA",8.678263671,-73.0317597
2008-05-31,"SANTANDER","BOLIVAR",59.35,"HECTAREA",6.181715586,-73.92065703
2008-06-01,"NARIÑO","EL CHARCO",485.48,"HECTAREA",2.216382295,-77.99533234
2008-06-01,"NARIÑO","ROBERTO PAYAN",523.57,"HECTAREA",1.897581156,-78.3811163
2008-06-01,"NORTE DE SANTANDER","EL TARRA",157.81,"HECTAREA",8.678263671,-73.0317597
2008-06-02,"NARIÑO","EL CHARCO",14.49,"HECTAREA",2.216382295,-77.99533234
2008-06-02,"NORTE DE SANTANDER","EL TARRA",85.94,"HECTAREA",8.678263671,-73.0317597
2008-06-02,"NORTE DE SANTANDER","HACARI",17.13,"HECTAREA",8.361831987,-73.0782633
2008-06-03,"NARIÑO","EL CHARCO",211.02,"HECTAREA",2.216382295,-77.99533234
2008-06-03,"NARIÑO","SAN ANDRES DE TUMACO",88.2,"HECTAREA",1.574550638,-78.61540963
2008-06-04,"NORTE DE SANTANDER","EL TARRA",150.05,"HECTAREA",8.678263671,-73.0317597
2008-06-05,"NARIÑO","ROBERTO PAYAN",201.43,"HECTAREA",1.897581156,-78.3811163
2008-06-06,"ARAUCA","SARAVENA",47.32,"HECTAREA",6.906941714,-71.85070757
2008-06-06,"VICHADA","CUMARIBO",152.64,"HECTAREA",4.262454746,-69.52140484
2008-06-07,"ARAUCA","ARAUQUITA",29.65,"HECTAREA",6.799338394,-71.29827429
2008-06-07,"NARIÑO","FRANCISCO PIZARRO",177.28,"HECTAREA",2.088531925,-78.59193099
2008-06-07,"NARIÑO","MAGUI",237.78,"HECTAREA",1.906858429,-78.04473644
2008-06-07,"VICHADA","CUMARIBO",184.05,"HECTAREA",4.262454746,-69.52140484
2008-06-08,"ARAUCA","ARAUQUITA",555.53,"HECTAREA",6.799338394,-71.29827429
2008-06-08,"NARIÑO","ROBERTO PAYAN",240.96,"HECTAREA",1.897581156,-78.3811163
2008-06-08,"VICHADA","CUMARIBO",388.86,"HECTAREA",4.262454746,-69.52140484
2008-06-09,"ARAUCA","FORTUL",548.47,"HECTAREA",6.750907234,-71.79124241
2008-06-09,"NARIÑO","FRANCISCO PIZARRO",229.97,"HECTAREA",2.088531925,-78.59193099
2008-06-09,"NARIÑO","MAGUI",249.32,"HECTAREA",1.906858429,-78.04473644
2008-06-09,"NARIÑO","ROBERTO PAYAN",12.7,"HECTAREA",1.897581156,-78.3811163
2008-06-09,"VICHADA","CUMARIBO",319.53,"HECTAREA",4.262454746,-69.52140484
2008-06-10,"ARAUCA","SARAVENA",246.65,"HECTAREA",6.906941714,-71.85070757
2008-06-11,"ARAUCA","ARAUQUITA",129.3,"HECTAREA",6.799338394,-71.29827429
2008-06-11,"ARAUCA","TAME",64.11,"HECTAREA",6.390650479,-71.79178647
2008-06-11,"NARIÑO","FRANCISCO PIZARRO",54.03,"HECTAREA",2.088531925,-78.59193099
2008-06-11,"NARIÑO","MAGUI",120.51,"HECTAREA",1.906858429,-78.04473644
2008-06-11,"NARIÑO","SAN ANDRES DE TUMACO",18.79,"HECTAREA",1.574550638,-78.61540963
2008-06-12,"ARAUCA","ARAUQUITA",177.24,"HECTAREA",6.799338394,-71.29827429
2008-06-12,"VICHADA","CUMARIBO",140.49,"HECTAREA",4.262454746,-69.52140484
2008-06-13,"ARAUCA","ARAUQUITA",51.51,"HECTAREA",6.799338394,-71.29827429
2008-06-13,"ARAUCA","FORTUL",66.72,"HECTAREA",6.750907234,-71.79124241
2008-06-13,"ARAUCA","SARAVENA",84.96,"HECTAREA",6.906941714,-71.85070757
2008-06-13,"NARIÑO","FRANCISCO PIZARRO",163.47,"HECTAREA",2.088531925,-78.59193099
2008-06-13,"NARIÑO","MAGUI",549.49,"HECTAREA",1.906858429,-78.04473644
2008-06-13,"NARIÑO","SAN ANDRES DE TUMACO",80.94,"HECTAREA",1.574550638,-78.61540963
2008-06-13,"VICHADA","CUMARIBO",240.28,"HECTAREA",4.262454746,-69.52140484
2008-06-14,"VICHADA","CUMARIBO",522.86,"HECTAREA",4.262454746,-69.52140484
2008-06-15,"ARAUCA","TAME",78.89,"HECTAREA",6.390650479,-71.79178647
2008-06-15,"NARIÑO","BARBACOAS",82.24,"HECTAREA",1.44563774,-78.15621072
2008-06-15,"NARIÑO","EL CHARCO",161.12,"HECTAREA",2.216382295,-77.99533234
2008-06-15,"NARIÑO","MAGUI",224.24,"HECTAREA",1.906858429,-78.04473644
2008-06-15,"NARIÑO","ROBERTO PAYAN",159.33,"HECTAREA",1.897581156,-78.3811163
2008-06-16,"ARAUCA","FORTUL",85.55,"HECTAREA",6.750907234,-71.79124241
2008-06-16,"VICHADA","CUMARIBO",435.54,"HECTAREA",4.262454746,-69.52140484
2008-06-17,"ARAUCA","FORTUL",23.6,"HECTAREA",6.750907234,-71.79124241
2008-06-17,"NARIÑO","BARBACOAS",80.14,"HECTAREA",1.44563774,-78.15621072
2008-06-17,"NARIÑO","EL CHARCO",99.6,"HECTAREA",2.216382295,-77.99533234
2008-06-17,"NARIÑO","MAGUI",171.5,"HECTAREA",1.906858429,-78.04473644
2008-06-17,"NARIÑO","ROBERTO PAYAN",175.31,"HECTAREA",1.897581156,-78.3811163
2008-06-17,"NARIÑO","SANTA BARBARA",342.96,"HECTAREA",2.494420411,-77.98256461
2008-06-18,"VICHADA","CUMARIBO",238.14,"HECTAREA",4.262454746,-69.52140484
2008-06-19,"ARAUCA","ARAUQUITA",106.83,"HECTAREA",6.799338394,-71.29827429
2008-06-19,"NARIÑO","EL CHARCO",118.18,"HECTAREA",2.216382295,-77.99533234
2008-06-19,"NARIÑO","MAGUI",117.51,"HECTAREA",1.906858429,-78.04473644
2008-06-19,"NARIÑO","ROBERTO PAYAN",79.29,"HECTAREA",1.897581156,-78.3811163
2008-06-19,"NARIÑO","SANTA BARBARA",131.69,"HECTAREA",2.494420411,-77.98256461
2008-06-20,"CÓRDOBA","PUERTO LIBERTADOR",101.51,"HECTAREA",7.711515736,-75.77123224
2008-06-20,"VICHADA","CUMARIBO",454.05,"HECTAREA",4.262454746,-69.52140484
2008-06-21,"ANTIOQUIA","TARAZA",96.15,"HECTAREA",7.488875998,-75.40189438
2008-06-21,"CÓRDOBA","PUERTO LIBERTADOR",231.08,"HECTAREA",7.711515736,-75.77123224
2008-06-21,"VICHADA","CUMARIBO",189.72,"HECTAREA",4.262454746,-69.52140484
2008-06-22,"ANTIOQUIA","CACERES",121.46,"HECTAREA",7.665155105,-75.22369744
2008-06-22,"ANTIOQUIA","TARAZA",222.3,"HECTAREA",7.488875998,-75.40189438
2008-06-22,"NARIÑO","EL CHARCO",168.63,"HECTAREA",2.216382295,-77.99533234
2008-06-22,"NARIÑO","MAGUI",155.11,"HECTAREA",1.906858429,-78.04473644
2008-06-22,"NARIÑO","OLAYA HERRERA",334.89,"HECTAREA",2.287856547,-78.31219024
2008-06-23,"NARIÑO","OLAYA HERRERA",58.14,"HECTAREA",2.287856547,-78.31219024
2008-06-23,"NARIÑO","SANTA BARBARA",60.5,"HECTAREA",2.494420411,-77.98256461
2008-06-23,"VICHADA","CUMARIBO",488.5,"HECTAREA",4.262454746,-69.52140484
2008-06-24,"CÓRDOBA","PUERTO LIBERTADOR",355.98,"HECTAREA",7.711515736,-75.77123224
2008-06-25,"ANTIOQUIA","TARAZA",301.17,"HECTAREA",7.488875998,-75.40189438
2008-06-25,"CÓRDOBA","PUERTO LIBERTADOR",52.22,"HECTAREA",7.711515736,-75.77123224
2008-06-25,"NARIÑO","BARBACOAS",207.68,"HECTAREA",1.44563774,-78.15621072
2008-06-25,"NARIÑO","EL CHARCO",318.96,"HECTAREA",2.216382295,-77.99533234
2008-06-25,"NARIÑO","OLAYA HERRERA",287.05,"HECTAREA",2.287856547,-78.31219024
2008-06-25,"VICHADA","CUMARIBO",21.04,"HECTAREA",4.262454746,-69.52140484
2008-06-26,"CÓRDOBA","MONTELIBANO",366.15,"HECTAREA",7.866432635,-75.87533926
2008-06-26,"CÓRDOBA","PUERTO LIBERTADOR",56.73,"HECTAREA",7.711515736,-75.77123224
2008-06-27,"CÓRDOBA","PUERTO LIBERTADOR",19.64,"HECTAREA",7.711515736,-75.77123224
2008-06-27,"VICHADA","CUMARIBO",148,"HECTAREA",4.262454746,-69.52140484
2008-06-28,"ANTIOQUIA","TARAZA",14.47,"HECTAREA",7.488875998,-75.40189438
2008-06-28,"BOLÍVAR","MONTECRISTO",144.99,"HECTAREA",8.01710024,-74.46342911
2008-06-28,"CÓRDOBA","PUERTO LIBERTADOR",39.76,"HECTAREA",7.711515736,-75.77123224
2008-06-28,"VICHADA","CUMARIBO",121.51,"HECTAREA",4.262454746,-69.52140484
2008-06-29,"ANTIOQUIA","EL BAGRE",291.34,"HECTAREA",7.704633351,-74.66427726
2008-06-29,"CÓRDOBA","PUERTO LIBERTADOR",234.69,"HECTAREA",7.711515736,-75.77123224
2008-06-29,"NARIÑO","BARBACOAS",327.35,"HECTAREA",1.44563774,-78.15621072
2008-06-29,"NARIÑO","MAGUI",384.09,"HECTAREA",1.906858429,-78.04473644
2008-06-29,"NARIÑO","OLAYA HERRERA",336.69,"HECTAREA",2.287856547,-78.31219024
2008-06-30,"ANTIOQUIA","EL BAGRE",309.27,"HECTAREA",7.704633351,-74.66427726
2008-07-01,"CÓRDOBA","MONTELIBANO",149,"HECTAREA",7.866432635,-75.87533926
2008-07-01,"CÓRDOBA","PUERTO LIBERTADOR",148.12,"HECTAREA",7.711515736,-75.77123224
2008-07-01,"NARIÑO","BARBACOAS",115.93,"HECTAREA",1.44563774,-78.15621072
2008-07-01,"NARIÑO","EL CHARCO",132.72,"HECTAREA",2.216382295,-77.99533234
2008-07-01,"NARIÑO","MAGUI",82.58,"HECTAREA",1.906858429,-78.04473644
2008-07-01,"NARIÑO","OLAYA HERRERA",414.92,"HECTAREA",2.287856547,-78.31219024
2008-07-01,"VICHADA","CUMARIBO",217.73,"HECTAREA",4.262454746,-69.52140484
2008-07-02,"ANTIOQUIA","ANORI",20,"HECTAREA",7.193110778,-75.10848954
2008-07-02,"ANTIOQUIA","CACERES",34.69,"HECTAREA",7.665155105,-75.22369744
2008-07-02,"ANTIOQUIA","TARAZA",19.69,"HECTAREA",7.488875998,-75.40189438
2008-07-02,"ANTIOQUIA","ZARAGOZA",253.3,"HECTAREA",7.474004006,-74.85848326
2008-07-02,"NARIÑO","EL CHARCO",175.1,"HECTAREA",2.216382295,-77.99533234
2008-07-02,"NARIÑO","MAGUI",322.28,"HECTAREA",1.906858429,-78.04473644
2008-07-02,"VICHADA","CUMARIBO",71.93,"HECTAREA",4.262454746,-69.52140484
2008-07-03,"ANTIOQUIA","EL BAGRE",54.78,"HECTAREA",7.704633351,-74.66427726
2008-07-03,"ANTIOQUIA","TARAZA",312.37,"HECTAREA",7.488875998,-75.40189438
2008-07-03,"ANTIOQUIA","ZARAGOZA",55.23,"HECTAREA",7.474004006,-74.85848326
2008-07-03,"VICHADA","CUMARIBO",139.63,"HECTAREA",4.262454746,-69.52140484
2008-07-04,"NARIÑO","OLAYA HERRERA",235.1,"HECTAREA",2.287856547,-78.31219024
2008-07-04,"VICHADA","CUMARIBO",253.35,"HECTAREA",4.262454746,-69.52140484
2008-07-05,"ANTIOQUIA","ANORI",305.88,"HECTAREA",7.193110778,-75.10848954
2008-07-06,"NARIÑO","EL CHARCO",324.5,"HECTAREA",2.216382295,-77.99533234
2008-07-06,"NARIÑO","OLAYA HERRERA",94.23,"HECTAREA",2.287856547,-78.31219024
2008-07-06,"VICHADA","CUMARIBO",30.72,"HECTAREA",4.262454746,-69.52140484
2008-07-07,"CÓRDOBA","MONTELIBANO",123.93,"HECTAREA",7.866432635,-75.87533926
2008-07-07,"CÓRDOBA","TIERRALTA",284.89,"HECTAREA",7.813896829,-76.16846678
2008-07-07,"NARIÑO","SAN ANDRES DE TUMACO",35.2,"HECTAREA",1.574550638,-78.61540963
2008-07-08,"ANTIOQUIA","EL BAGRE",114.77,"HECTAREA",7.704633351,-74.66427726
2008-07-08,"ANTIOQUIA","NECHI",101.79,"HECTAREA",7.983477394,-74.65844186
2008-07-09,"ANTIOQUIA","CACERES",345.02,"HECTAREA",7.665155105,-75.22369744
2008-07-09,"NARIÑO","ROBERTO PAYAN",229.35,"HECTAREA",1.897581156,-78.3811163
2008-07-09,"NARIÑO","SAN ANDRES DE TUMACO",303.16,"HECTAREA",1.574550638,-78.61540963
2008-07-10,"VICHADA","CUMARIBO",146.99,"HECTAREA",4.262454746,-69.52140484
2008-07-11,"ANTIOQUIA","TARAZA",233.43,"HECTAREA",7.488875998,-75.40189438
2008-07-11,"ANTIOQUIA","VALDIVIA",253.49,"HECTAREA",7.265404213,-75.40094502
2008-07-11,"NARIÑO","ROBERTO PAYAN",486.06,"HECTAREA",1.897581156,-78.3811163
2008-07-11,"VICHADA","CUMARIBO",130.24,"HECTAREA",4.262454746,-69.52140484
2008-07-12,"ANTIOQUIA","TARAZA",357.79,"HECTAREA",7.488875998,-75.40189438
2008-07-12,"ANTIOQUIA","VALDIVIA",302.22,"HECTAREA",7.265404213,-75.40094502
2008-07-12,"VICHADA","CUMARIBO",130.11,"HECTAREA",4.262454746,-69.52140484
2008-07-13,"VICHADA","CUMARIBO",200.64,"HECTAREA",4.262454746,-69.52140484
2008-07-14,"NARIÑO","ROBERTO PAYAN",634.66,"HECTAREA",1.897581156,-78.3811163
2008-07-15,"NARIÑO","ROBERTO PAYAN",288.42,"HECTAREA",1.897581156,-78.3811163
2008-07-15,"VICHADA","CUMARIBO",364.99,"HECTAREA",4.262454746,-69.52140484
2008-07-16,"NARIÑO","SAN ANDRES DE TUMACO",603.49,"HECTAREA",1.574550638,-78.61540963
2008-07-16,"VICHADA","CUMARIBO",169.36,"HECTAREA",4.262454746,-69.52140484
2008-07-17,"ANTIOQUIA","TARAZA",108.32,"HECTAREA",7.488875998,-75.40189438
2008-07-18,"CÓRDOBA","PUERTO LIBERTADOR",133.99,"HECTAREA",7.711515736,-75.77123224
2008-07-18,"NARIÑO","EL CHARCO",260.75,"HECTAREA",2.216382295,-77.99533234
2008-07-18,"NARIÑO","OLAYA HERRERA",308.93,"HECTAREA",2.287856547,-78.31219024
2008-07-19,"ANTIOQUIA","EL BAGRE",56.88,"HECTAREA",7.704633351,-74.66427726
2008-07-19,"ANTIOQUIA","NECHI",50.68,"HECTAREA",7.983477394,-74.65844186
2008-07-19,"BOLÍVAR","ACHI",25.05,"HECTAREA",8.622943262,-74.47805945
2008-07-19,"BOLÍVAR","TIQUISIO",44.06,"HECTAREA",8.492345176,-74.29676139
2008-07-19,"NARIÑO","LA TOLA",65.83,"HECTAREA",2.56027333,-78.23506694
2008-07-19,"NARIÑO","OLAYA HERRERA",93.09,"HECTAREA",2.287856547,-78.31219024
2008-07-20,"ANTIOQUIA","TARAZA",10.7,"HECTAREA",7.488875998,-75.40189438
2008-07-22,"ANTIOQUIA","TARAZA",83.78,"HECTAREA",7.488875998,-75.40189438
2008-07-22,"GUAVIARE","CALAMAR",52.81,"HECTAREA",1.613634284,-73.0342639
2008-07-22,"NARIÑO","OLAYA HERRERA",298.86,"HECTAREA",2.287856547,-78.31219024
2008-07-22,"NARIÑO","SAN ANDRES DE TUMACO",146.1,"HECTAREA",1.574550638,-78.61540963
2008-07-23,"BOLÍVAR","MONTECRISTO",140.65,"HECTAREA",8.01710024,-74.46342911
2008-07-23,"META","MAPIRIPAN",185.49,"HECTAREA",3.117523361,-71.93805692
2008-07-24,"ANTIOQUIA","EL BAGRE",26.11,"HECTAREA",7.704633351,-74.66427726
2008-07-24,"ANTIOQUIA","NECHI",45.87,"HECTAREA",7.983477394,-74.65844186
2008-07-24,"META","PUERTO RICO",109.79,"HECTAREA",2.758083657,-73.13780171
2008-07-25,"ANTIOQUIA","AMALFI",50.76,"HECTAREA",6.977788843,-74.9812393
2008-07-25,"ANTIOQUIA","ANORI",88.53,"HECTAREA",7.193110778,-75.10848954
2008-07-25,"META","PUERTO RICO",112.32,"HECTAREA",2.758083657,-73.13780171
2008-07-25,"NARIÑO","MAGUI",317.53,"HECTAREA",1.906858429,-78.04473644
2008-07-25,"NARIÑO","SAN ANDRES DE TUMACO",501.74,"HECTAREA",1.574550638,-78.61540963
2008-07-26,"ANTIOQUIA","EL BAGRE",97.78,"HECTAREA",7.704633351,-74.66427726
2008-07-26,"ANTIOQUIA","NECHI",97.11,"HECTAREA",7.983477394,-74.65844186
2008-07-26,"GUAVIARE","CALAMAR",101.75,"HECTAREA",1.613634284,-73.0342639
2008-07-26,"META","PUERTO CONCORDIA",110.86,"HECTAREA",2.752260112,-72.7210941
2008-07-26,"META","PUERTO RICO",70.14,"HECTAREA",2.758083657,-73.13780171
2008-07-26,"NARIÑO","EL CHARCO",137.56,"HECTAREA",2.216382295,-77.99533234
2008-07-26,"NARIÑO","FRANCISCO PIZARRO",80.72,"HECTAREA",2.088531925,-78.59193099
2008-07-26,"NARIÑO","ROBERTO PAYAN",164.02,"HECTAREA",1.897581156,-78.3811163
2008-07-26,"NARIÑO","SANTA BARBARA",141.67,"HECTAREA",2.494420411,-77.98256461
2008-07-27,"ANTIOQUIA","AMALFI",50.12,"HECTAREA",6.977788843,-74.9812393
2008-07-27,"ANTIOQUIA","ANORI",53.95,"HECTAREA",7.193110778,-75.10848954
2008-07-27,"BOLÍVAR","MONTECRISTO",102.54,"HECTAREA",8.01710024,-74.46342911
2008-07-27,"GUAVIARE","CALAMAR",192.05,"HECTAREA",1.613634284,-73.0342639
2008-07-27,"GUAVIARE","EL RETORNO",22.88,"HECTAREA",2.143447362,-72.24364869
2008-07-27,"META","PUERTO CONCORDIA",27.11,"HECTAREA",2.752260112,-72.7210941
2008-07-27,"META","PUERTO RICO",47.13,"HECTAREA",2.758083657,-73.13780171
2008-07-27,"NARIÑO","MAGUI",218.51,"HECTAREA",1.906858429,-78.04473644
2008-07-27,"NARIÑO","SAN ANDRES DE TUMACO",148.11,"HECTAREA",1.574550638,-78.61540963
2008-07-28,"CÓRDOBA","PUERTO LIBERTADOR",101.16,"HECTAREA",7.711515736,-75.77123224
2008-07-28,"META","PUERTO LLERAS",269.92,"HECTAREA",3.193092925,-73.23671436
2008-07-30,"ANTIOQUIA","ANORI",107.97,"HECTAREA",7.193110778,-75.10848954
2008-07-30,"ANTIOQUIA","NECHI",96.27,"HECTAREA",7.983477394,-74.65844186
2008-07-30,"GUAVIARE","SAN JOSE DEL GUAVIARE",154.64,"HECTAREA",2.484286091,-71.91916993
2008-07-31,"ANTIOQUIA","EL BAGRE",115.6,"HECTAREA",7.704633351,-74.66427726
2008-07-31,"GUAVIARE","SAN JOSE DEL GUAVIARE",203.64,"HECTAREA",2.484286091,-71.91916993
2008-07-31,"NARIÑO","SAN ANDRES DE TUMACO",703.32,"HECTAREA",1.574550638,-78.61540963
2008-08-01,"ANTIOQUIA","SEGOVIA",237.48,"HECTAREA",7.26692339,-74.62163926
2008-08-01,"GUAVIARE","SAN JOSE DEL GUAVIARE",249.26,"HECTAREA",2.484286091,-71.91916993
2008-08-01,"NARIÑO","BARBACOAS",85.24,"HECTAREA",1.44563774,-78.15621072
2008-08-01,"NARIÑO","FRANCISCO PIZARRO",157.11,"HECTAREA",2.088531925,-78.59193099
2008-08-01,"NARIÑO","ROBERTO PAYAN",67.83,"HECTAREA",1.897581156,-78.3811163
2008-08-01,"NARIÑO","SAN ANDRES DE TUMACO",140.28,"HECTAREA",1.574550638,-78.61540963
2008-08-02,"GUAVIARE","SAN JOSE DEL GUAVIARE",247.56,"HECTAREA",2.484286091,-71.91916993
2008-08-02,"NARIÑO","BARBACOAS",120.06,"HECTAREA",1.44563774,-78.15621072
2008-08-02,"NARIÑO","SAMANIEGO",0.29,"HECTAREA",1.430555262,-77.69179559
2008-08-02,"NARIÑO","SAN ANDRES DE TUMACO",28.84,"HECTAREA",1.574550638,-78.61540963
2008-08-03,"ANTIOQUIA","ANORI",201.43,"HECTAREA",7.193110778,-75.10848954
2008-08-03,"GUAVIARE","SAN JOSE DEL GUAVIARE",79.65,"HECTAREA",2.484286091,-71.91916993
2008-08-03,"META","VISTAHERMOSA",59.82,"HECTAREA",2.811616698,-73.66652234
2008-08-04,"ANTIOQUIA","TARAZA",189.17,"HECTAREA",7.488875998,-75.40189438
2008-08-04,"META","MAPIRIPAN",181.9,"HECTAREA",3.117523361,-71.93805692
2008-08-05,"ANTIOQUIA","ANORI",55.6,"HECTAREA",7.193110778,-75.10848954
2008-08-05,"ANTIOQUIA","TARAZA",56.93,"HECTAREA",7.488875998,-75.40189438
2008-08-05,"NARIÑO","FRANCISCO PIZARRO",167.86,"HECTAREA",2.088531925,-78.59193099
2008-08-05,"NARIÑO","ROBERTO PAYAN",322.4,"HECTAREA",1.897581156,-78.3811163
2008-08-06,"GUAVIARE","SAN JOSE DEL GUAVIARE",21.84,"HECTAREA",2.484286091,-71.91916993
2008-08-06,"NARIÑO","SAN ANDRES DE TUMACO",551.06,"HECTAREA",1.574550638,-78.61540963
2008-08-07,"CAUCA","GUAPI",219.71,"HECTAREA",2.41326696,-77.69047531
2008-08-07,"GUAVIARE","SAN JOSE DEL GUAVIARE",146.12,"HECTAREA",2.484286091,-71.91916993
2008-08-07,"NARIÑO","SAN ANDRES DE TUMACO",149.71,"HECTAREA",1.574550638,-78.61540963
2008-08-08,"CAUCA","GUAPI",310.71,"HECTAREA",2.41326696,-77.69047531
2008-08-08,"META","MAPIRIPAN",286.46,"HECTAREA",3.117523361,-71.93805692
2008-08-09,"GUAVIARE","EL RETORNO",125.42,"HECTAREA",2.143447362,-72.24364869
2008-08-09,"NARIÑO","EL CHARCO",247.64,"HECTAREA",2.216382295,-77.99533234
2008-08-10,"GUAVIARE","EL RETORNO",208.04,"HECTAREA",2.143447362,-72.24364869
2008-08-11,"CAQUETÁ","PUERTO RICO",210.2,"HECTAREA",2.018940891,-75.07308627
2008-08-11,"CAQUETÁ","SAN JOSE DEL FRAGUA",386.6,"HECTAREA",1.304702314,-76.11000594
2008-08-11,"GUAVIARE","SAN JOSE DEL GUAVIARE",398.85,"HECTAREA",2.484286091,-71.91916993
2008-08-12,"CAQUETÁ","PUERTO RICO",138.6,"HECTAREA",2.018940891,-75.07308627
2008-08-13,"CAQUETÁ","EL PAUJIL",50.58,"HECTAREA",1.476630016,-75.20231825
2008-08-13,"GUAVIARE","SAN JOSE DEL GUAVIARE",116.55,"HECTAREA",2.484286091,-71.91916993
2008-08-14,"CAQUETÁ","EL PAUJIL",19.7,"HECTAREA",1.476630016,-75.20231825
2008-08-14,"CAQUETÁ","LA MONTAÑITA",43.16,"HECTAREA",1.302860442,-75.23572732
2008-08-14,"CAUCA","GUAPI",307.35,"HECTAREA",2.41326696,-77.69047531
2008-08-14,"GUAVIARE","SAN JOSE DEL GUAVIARE",482.54,"HECTAREA",2.484286091,-71.91916993
2008-08-15,"CAQUETÁ","MILAN",160.42,"HECTAREA",1.146692554,-75.38664764
2008-08-15,"GUAVIARE","SAN JOSE DEL GUAVIARE",321.81,"HECTAREA",2.484286091,-71.91916993
2008-08-16,"CAQUETÁ","BELEN DE LOS ANDAQUIES",42.28,"HECTAREA",1.536174657,-75.90947504
2008-08-16,"CAQUETÁ","CURILLO",202.75,"HECTAREA",1.115379292,-75.97328452
2008-08-16,"CAQUETÁ","FLORENCIA",53.41,"HECTAREA",1.749138704,-75.55823906
2008-08-16,"CAQUETÁ","MILAN",92.95,"HECTAREA",1.146692554,-75.38664764
2008-08-16,"GUAVIARE","SAN JOSE DEL GUAVIARE",308.89,"HECTAREA",2.484286091,-71.91916993
2008-08-17,"CAUCA","GUAPI",312.89,"HECTAREA",2.41326696,-77.69047531
2008-08-17,"GUAVIARE","EL RETORNO",98.53,"HECTAREA",2.143447362,-72.24364869
2008-08-17,"GUAVIARE","SAN JOSE DEL GUAVIARE",102.84,"HECTAREA",2.484286091,-71.91916993
2008-08-17,"PUTUMAYO","PUERTO GUZMAN",79.12,"HECTAREA",0.746432215,-75.88022979
2008-08-18,"CAQUETÁ","MILAN",55.48,"HECTAREA",1.146692554,-75.38664764
2008-08-18,"CAQUETÁ","PUERTO RICO",49.65,"HECTAREA",2.018940891,-75.07308627
2008-08-19,"GUAVIARE","EL RETORNO",273.3,"HECTAREA",2.143447362,-72.24364869
2008-08-19,"NARIÑO","ALDANA",51.43,"HECTAREA",0.913431916,-77.69538731
2008-08-19,"NARIÑO","CONSACA",36.34,"HECTAREA",1.209066732,-77.44063921
2008-08-19,"NARIÑO","LA TOLA",29.98,"HECTAREA",2.56027333,-78.23506694
2008-08-19,"NARIÑO","SAN ANDRES DE TUMACO",309.71,"HECTAREA",1.574550638,-78.61540963
2008-08-19,"PUTUMAYO","PUERTO GUZMAN",182.25,"HECTAREA",0.746432215,-75.88022979
2008-08-20,"CAQUETÁ","MILAN",140.91,"HECTAREA",1.146692554,-75.38664764
2008-08-20,"CAQUETÁ","PUERTO RICO",135.25,"HECTAREA",2.018940891,-75.07308627
2008-08-20,"CAQUETÁ","SAN VICENTE DEL CAGUAN",144.34,"HECTAREA",1.308465061,-74.19746971
2008-08-20,"GUAVIARE","SAN JOSE DEL GUAVIARE",124.63,"HECTAREA",2.484286091,-71.91916993
2008-08-21,"CAQUETÁ","ALBANIA",66.77,"HECTAREA",1.22786549,-75.88232651
2008-08-21,"CAQUETÁ","SAN JOSE DEL FRAGUA",107.78,"HECTAREA",1.304702314,-76.11000594
2008-08-21,"CAQUETÁ","SOLITA",68.02,"HECTAREA",0.943939454,-75.64668544
2008-08-21,"CAQUETÁ","VALPARAISO",124.98,"HECTAREA",1.07534915,-75.73779004
2008-08-21,"CAUCA","GUAPI",244.02,"HECTAREA",2.41326696,-77.69047531
2008-08-21,"GUAVIARE","EL RETORNO",160.58,"HECTAREA",2.143447362,-72.24364869
2008-08-21,"GUAVIARE","SAN JOSE DEL GUAVIARE",72.7,"HECTAREA",2.484286091,-71.91916993
2008-08-21,"NARIÑO","BARBACOAS",3.45,"HECTAREA",1.44563774,-78.15621072
2008-08-21,"NARIÑO","ROBERTO PAYAN",22.64,"HECTAREA",1.897581156,-78.3811163
2008-08-22,"NARIÑO","BARBACOAS",227.85,"HECTAREA",1.44563774,-78.15621072
2008-08-22,"PUTUMAYO","PUERTO GUZMAN",119.92,"HECTAREA",0.746432215,-75.88022979
2008-08-23,"CAQUETÁ","MILAN",203.75,"HECTAREA",1.146692554,-75.38664764
2008-08-23,"CAQUETÁ","VALPARAISO",126.68,"HECTAREA",1.07534915,-75.73779004
2008-08-23,"CAUCA","GUAPI",242.03,"HECTAREA",2.41326696,-77.69047531
2008-08-23,"META","MAPIRIPAN",125.23,"HECTAREA",3.117523361,-71.93805692
2008-08-23,"NARIÑO","BARBACOAS",126.83,"HECTAREA",1.44563774,-78.15621072
2008-08-23,"NARIÑO","ROBERTO PAYAN",90.72,"HECTAREA",1.897581156,-78.3811163
2008-08-24,"CAQUETÁ","ALBANIA",17.97,"HECTAREA",1.22786549,-75.88232651
2008-08-24,"CAQUETÁ","BELEN DE LOS ANDAQUIES",119.77,"HECTAREA",1.536174657,-75.90947504
2008-08-24,"CAUCA","GUAPI",193.87,"HECTAREA",2.41326696,-77.69047531
2008-08-24,"META","SAN MARTIN",97.17,"HECTAREA",3.515860962,-72.65672742
2008-08-24,"PUTUMAYO","PUERTO GUZMAN",213.88,"HECTAREA",0.746432215,-75.88022979
2008-08-25,"CAQUETÁ","SOLANO",245.05,"HECTAREA",0.096131862,-72.32036402
2008-08-25,"GUAVIARE","SAN JOSE DEL GUAVIARE",185.41,"HECTAREA",2.484286091,-71.91916993
2008-08-25,"META","MAPIRIPAN",113.02,"HECTAREA",3.117523361,-71.93805692
2008-08-25,"META","SAN MARTIN",53.18,"HECTAREA",3.515860962,-72.65672742
2008-08-27,"CAQUETÁ","BELEN DE LOS ANDAQUIES",7.68,"HECTAREA",1.536174657,-75.90947504
2008-08-27,"PUTUMAYO","PUERTO GUZMAN",293.25,"HECTAREA",0.746432215,-75.88022979
2008-08-28,"NARIÑO","SAN ANDRES DE TUMACO",268.75,"HECTAREA",1.574550638,-78.61540963
2008-08-28,"PUTUMAYO","PUERTO GUZMAN",380.4,"HECTAREA",0.746432215,-75.88022979
2008-08-29,"CAUCA","GUAPI",210.59,"HECTAREA",2.41326696,-77.69047531
2008-08-29,"GUAVIARE","SAN JOSE DEL GUAVIARE",217.5,"HECTAREA",2.484286091,-71.91916993
2008-08-29,"META","PUERTO CONCORDIA",115.74,"HECTAREA",2.752260112,-72.7210941
2008-08-30,"CAUCA","GUAPI",114.18,"HECTAREA",2.41326696,-77.69047531
2008-08-30,"CAUCA","PIAMONTE",266.87,"HECTAREA",1.054128816,-76.4443271
2008-08-30,"META","MAPIRIPAN",138.69,"HECTAREA",3.117523361,-71.93805692
2008-08-30,"NARIÑO","SANTA BARBARA",140.96,"HECTAREA",2.494420411,-77.98256461
2008-08-30,"PUTUMAYO","PUERTO ASIS",200.2,"HECTAREA",0.433884539,-76.52158203
2008-08-31,"CAUCA","GUAPI",67.24,"HECTAREA",2.41326696,-77.69047531
2008-08-31,"META","MAPIRIPAN",159.79,"HECTAREA",3.117523361,-71.93805692
2008-08-31,"NARIÑO","SANTA BARBARA",190.46,"HECTAREA",2.494420411,-77.98256461
2008-09-01,"CAUCA","TIMBIQUI",345.36,"HECTAREA",2.699475127,-77.49131577
2008-09-02,"CAQUETÁ","FLORENCIA",135.17,"HECTAREA",1.749138704,-75.55823906
2008-09-02,"CAQUETÁ","MILAN",145.32,"HECTAREA",1.146692554,-75.38664764
2008-09-02,"CAQUETÁ","SAN VICENTE DEL CAGUAN",116.64,"HECTAREA",1.308465061,-74.19746971
2008-09-02,"META","MAPIRIPAN",117.5,"HECTAREA",3.117523361,-71.93805692
2008-09-02,"NARIÑO","SANTA BARBARA",254.61,"HECTAREA",2.494420411,-77.98256461
2008-09-03,"CAQUETÁ","LA MONTAÑITA",611.17,"HECTAREA",1.302860442,-75.23572732
2008-09-03,"CAQUETÁ","SOLITA",87.59,"HECTAREA",0.943939454,-75.64668544
2008-09-03,"CAUCA","GUAPI",236.86,"HECTAREA",2.41326696,-77.69047531
2008-09-03,"CAUCA","TIMBIQUI",82.32,"HECTAREA",2.699475127,-77.49131577
2008-09-03,"META","MAPIRIPAN",136.92,"HECTAREA",3.117523361,-71.93805692
2008-09-03,"NARIÑO","SANTA BARBARA",229,"HECTAREA",2.494420411,-77.98256461
2008-09-04,"CAQUETÁ","LA MONTAÑITA",389.61,"HECTAREA",1.302860442,-75.23572732
2008-09-04,"CAQUETÁ","MILAN",152.88,"HECTAREA",1.146692554,-75.38664764
2008-09-04,"GUAVIARE","EL RETORNO",54.74,"HECTAREA",2.143447362,-72.24364869
2008-09-04,"GUAVIARE","SAN JOSE DEL GUAVIARE",80.91,"HECTAREA",2.484286091,-71.91916993
2008-09-04,"META","PUERTO RICO",33.14,"HECTAREA",2.758083657,-73.13780171
2008-09-05,"CAQUETÁ","SOLANO",447.39,"HECTAREA",0.096131862,-72.32036402
2008-09-05,"GUAVIARE","SAN JOSE DEL GUAVIARE",195.39,"HECTAREA",2.484286091,-71.91916993
2008-09-06,"CAUCA","GUAPI",310.21,"HECTAREA",2.41326696,-77.69047531
2008-09-06,"GUAVIARE","SAN JOSE DEL GUAVIARE",325.92,"HECTAREA",2.484286091,-71.91916993
2008-09-07,"GUAVIARE","SAN JOSE DEL GUAVIARE",133.01,"HECTAREA",2.484286091,-71.91916993
2008-09-07,"NARIÑO","SAN ANDRES DE TUMACO",318.41,"HECTAREA",1.574550638,-78.61540963
2008-09-08,"CAQUETÁ","MILAN",46.62,"HECTAREA",1.146692554,-75.38664764
2008-09-08,"CAUCA","GUAPI",167.99,"HECTAREA",2.41326696,-77.69047531
2008-09-08,"CAUCA","TIMBIQUI",224.16,"HECTAREA",2.699475127,-77.49131577
2008-09-08,"GUAVIARE","SAN JOSE DEL GUAVIARE",117.89,"HECTAREA",2.484286091,-71.91916993
2008-09-08,"NARIÑO","SANTA BARBARA",150.98,"HECTAREA",2.494420411,-77.98256461
2008-09-09,"GUAVIARE","EL RETORNO",186.86,"HECTAREA",2.143447362,-72.24364869
2008-09-10,"GUAVIARE","EL RETORNO",77.32,"HECTAREA",2.143447362,-72.24364869
2008-09-10,"GUAVIARE","SAN JOSE DEL GUAVIARE",74.76,"HECTAREA",2.484286091,-71.91916993
2008-09-11,"CAQUETÁ","CARTAGENA DEL CHAIRA",151.82,"HECTAREA",0.647693081,-74.27235499
2008-09-11,"META","PUERTO RICO",15.88,"HECTAREA",2.758083657,-73.13780171
2008-09-12,"CAQUETÁ","CARTAGENA DEL CHAIRA",157.42,"HECTAREA",0.647693081,-74.27235499
2008-09-12,"GUAVIARE","EL RETORNO",77.47,"HECTAREA",2.143447362,-72.24364869
2008-09-12,"GUAVIARE","SAN JOSE DEL GUAVIARE",131.96,"HECTAREA",2.484286091,-71.91916993
2008-09-13,"META","PUERTO RICO",38.28,"HECTAREA",2.758083657,-73.13780171
2008-09-15,"NARIÑO","SANTA BARBARA",259.12,"HECTAREA",2.494420411,-77.98256461
2008-09-18,"CAQUETÁ","CARTAGENA DEL CHAIRA",257.8,"HECTAREA",0.647693081,-74.27235499
2008-09-18,"CAQUETÁ","LA MONTAÑITA",44.82,"HECTAREA",1.302860442,-75.23572732
2008-09-20,"GUAVIARE","SAN JOSE DEL GUAVIARE",96.84,"HECTAREA",2.484286091,-71.91916993
2008-09-20,"NARIÑO","SANTA BARBARA",248.93,"HECTAREA",2.494420411,-77.98256461
2008-09-21,"CAQUETÁ","MILAN",102.69,"HECTAREA",1.146692554,-75.38664764
2008-09-21,"CAQUETÁ","PUERTO RICO",114.71,"HECTAREA",2.018940891,-75.07308627
2008-09-21,"GUAVIARE","SAN JOSE DEL GUAVIARE",109.25,"HECTAREA",2.484286091,-71.91916993
2008-09-21,"NARIÑO","SANTA BARBARA",75.38,"HECTAREA",2.494420411,-77.98256461
2008-09-23,"GUAVIARE","CALAMAR",70.01,"HECTAREA",1.613634284,-73.0342639
2008-09-23,"NARIÑO","SAN ANDRES DE TUMACO",344.52,"HECTAREA",1.574550638,-78.61540963
2008-09-24,"CAQUETÁ","CARTAGENA DEL CHAIRA",57.6,"HECTAREA",0.647693081,-74.27235499
2008-09-24,"CAQUETÁ","SOLANO",461.16,"HECTAREA",0.096131862,-72.32036402
2008-09-24,"META","MAPIRIPAN",107.08,"HECTAREA",3.117523361,-71.93805692
2008-09-25,"NARIÑO","SAN ANDRES DE TUMACO",236.43,"HECTAREA",1.574550638,-78.61540963
2008-09-26,"GUAVIARE","CALAMAR",67.87,"HECTAREA",1.613634284,-73.0342639
2008-09-27,"CAQUETÁ","MILAN",312.16,"HECTAREA",1.146692554,-75.38664764
2008-09-27,"CAUCA","TIMBIQUI",280.11,"HECTAREA",2.699475127,-77.49131577
2008-10-01,"CAUCA","TIMBIQUI",340.26,"HECTAREA",2.699475127,-77.49131577
2008-10-01,"NARIÑO","SAN ANDRES DE TUMACO",261.17,"HECTAREA",1.574550638,-78.61540963
2008-10-02,"META","PUERTO GAITAN",177.12,"HECTAREA",4.005034467,-71.63157429
2008-10-02,"PUTUMAYO","ORITO",145.79,"HECTAREA",0.673756323,-76.94313923
2008-10-02,"PUTUMAYO","PUERTO ASIS",31.83,"HECTAREA",0.433884539,-76.52158203
2008-10-03,"CAUCA","TIMBIQUI",242.54,"HECTAREA",2.699475127,-77.49131577
2008-10-03,"NARIÑO","MAGUI",239.52,"HECTAREA",1.906858429,-78.04473644
2008-10-03,"PUTUMAYO","ORITO",138.27,"HECTAREA",0.673756323,-76.94313923
2008-10-03,"PUTUMAYO","PUERTO ASIS",9.33,"HECTAREA",0.433884539,-76.52158203
2008-10-03,"PUTUMAYO","PUERTO CAICEDO",125.55,"HECTAREA",0.70416861,-76.49864415
2008-10-04,"GUAVIARE","CALAMAR",111.92,"HECTAREA",1.613634284,-73.0342639
2008-10-04,"PUTUMAYO","PUERTO ASIS",132.68,"HECTAREA",0.433884539,-76.52158203
2008-10-05,"CAQUETÁ","MILAN",80.72,"HECTAREA",1.146692554,-75.38664764
2008-10-05,"CAUCA","TIMBIQUI",262.33,"HECTAREA",2.699475127,-77.49131577
2008-10-05,"NARIÑO","MAGUI",347.05,"HECTAREA",1.906858429,-78.04473644
2008-10-10,"META","MAPIRIPAN",176.71,"HECTAREA",3.117523361,-71.93805692
2008-10-10,"PUTUMAYO","ORITO",182.48,"HECTAREA",0.673756323,-76.94313923
2008-10-11,"META","MAPIRIPAN",165.32,"HECTAREA",3.117523361,-71.93805692
2008-10-11,"META","PUERTO GAITAN",67.92,"HECTAREA",4.005034467,-71.63157429
2008-10-11,"NARIÑO","IPIALES",147.61,"HECTAREA",0.497708465,-77.24047625
2008-10-13,"META","MAPIRIPAN",137.65,"HECTAREA",3.117523361,-71.93805692
2008-10-14,"NARIÑO","EL CHARCO",412.65,"HECTAREA",2.216382295,-77.99533234
2008-10-17,"GUAVIARE","SAN JOSE DEL GUAVIARE",92.55,"HECTAREA",2.484286091,-71.91916993
2008-10-17,"PUTUMAYO","PUERTO ASIS",62.83,"HECTAREA",0.433884539,-76.52158203
2008-10-17,"PUTUMAYO","VALLE DEL GUAMUEZ",116.7,"HECTAREA",0.42012589,-76.77067026
2008-10-18,"GUAVIARE","CALAMAR",119.48,"HECTAREA",1.613634284,-73.0342639
2008-10-18,"PUTUMAYO","ORITO",58.13,"HECTAREA",0.673756323,-76.94313923
2008-10-18,"PUTUMAYO","PUERTO ASIS",132.65,"HECTAREA",0.433884539,-76.52158203
2008-10-18,"PUTUMAYO","PUERTO GUZMAN",62.66,"HECTAREA",0.746432215,-75.88022979
2008-10-18,"PUTUMAYO","VALLE DEL GUAMUEZ",130.5,"HECTAREA",0.42012589,-76.77067026
2008-10-19,"CAQUETÁ","CARTAGENA DEL CHAIRA",116.31,"HECTAREA",0.647693081,-74.27235499
2008-10-21,"GUAVIARE","CALAMAR",59.09,"HECTAREA",1.613634284,-73.0342639
2008-10-21,"META","PUERTO RICO",104.4,"HECTAREA",2.758083657,-73.13780171
2008-10-22,"CAUCA","PIAMONTE",123.99,"HECTAREA",1.054128816,-76.4443271
2008-10-22,"PUTUMAYO","MOCOA",42.71,"HECTAREA",1.26070915,-76.66584349
2008-10-22,"PUTUMAYO","VILLAGARZON",170.48,"HECTAREA",0.911149515,-76.74495447
2008-10-23,"CAQUETÁ","SAN JOSE DEL FRAGUA",116.92,"HECTAREA",1.304702314,-76.11000594
2008-10-23,"CAUCA","PIAMONTE",240.66,"HECTAREA",1.054128816,-76.4443271
2008-10-23,"GUAVIARE","MIRAFLORES",98.89,"HECTAREA",1.363974932,-72.01810951
2008-10-25,"CAUCA","PIAMONTE",119.34,"HECTAREA",1.054128816,-76.4443271
2008-10-25,"GUAVIARE","MIRAFLORES",169.55,"HECTAREA",1.363974932,-72.01810951
2008-10-25,"PUTUMAYO","PUERTO GUZMAN",156.73,"HECTAREA",0.746432215,-75.88022979
2008-10-29,"CAQUETÁ","MILAN",67.51,"HECTAREA",1.146692554,-75.38664764
2008-10-29,"CAQUETÁ","SOLITA",51.42,"HECTAREA",0.943939454,-75.64668544
2008-10-29,"CAQUETÁ","VALPARAISO",60.82,"HECTAREA",1.07534915,-75.73779004
2008-10-30,"CAQUETÁ","CURILLO",59.98,"HECTAREA",1.115379292,-75.97328452
2008-10-30,"CAQUETÁ","SAN JOSE DEL FRAGUA",111.49,"HECTAREA",1.304702314,-76.11000594
2008-10-30,"CAUCA","PIAMONTE",198.53,"HECTAREA",1.054128816,-76.4443271
2008-10-31,"CAQUETÁ","CURILLO",375.53,"HECTAREA",1.115379292,-75.97328452
2008-11-02,"GUAVIARE","SAN JOSE DEL GUAVIARE",118.82,"HECTAREA",2.484286091,-71.91916993
2008-11-02,"PUTUMAYO","PUERTO GUZMAN",158.92,"HECTAREA",0.746432215,-75.88022979
2008-11-05,"CAQUETÁ","PUERTO RICO",132.35,"HECTAREA",2.018940891,-75.07308627
2008-11-06,"CAQUETÁ","LA MONTAÑITA",244,"HECTAREA",1.302860442,-75.23572732
2008-11-06,"CAQUETÁ","SOLANO",396.8,"HECTAREA",0.096131862,-72.32036402
2008-11-06,"META","MAPIRIPAN",173.12,"HECTAREA",3.117523361,-71.93805692
2008-11-06,"META","PUERTO GAITAN",118.87,"HECTAREA",4.005034467,-71.63157429
2008-11-07,"CAQUETÁ","BELEN DE LOS ANDAQUIES",96.7,"HECTAREA",1.536174657,-75.90947504
2008-11-08,"CAQUETÁ","SOLANO",312.64,"HECTAREA",0.096131862,-72.32036402
2008-11-09,"CAQUETÁ","SOLANO",223.08,"HECTAREA",0.096131862,-72.32036402
2008-11-09,"GUAVIARE","SAN JOSE DEL GUAVIARE",319.35,"HECTAREA",2.484286091,-71.91916993
2008-11-10,"NARIÑO","SAN ANDRES DE TUMACO",281.4,"HECTAREA",1.574550638,-78.61540963
2008-11-11,"CAQUETÁ","CARTAGENA DEL CHAIRA",21.4,"HECTAREA",0.647693081,-74.27235499
2008-11-11,"GUAVIARE","MIRAFLORES",254.33,"HECTAREA",1.363974932,-72.01810951
2008-11-12,"CAQUETÁ","PUERTO RICO",205.35,"HECTAREA",2.018940891,-75.07308627
2008-11-12,"CAQUETÁ","SOLANO",38.4,"HECTAREA",0.096131862,-72.32036402
2008-11-12,"META","MAPIRIPAN",51.37,"HECTAREA",3.117523361,-71.93805692
2008-11-12,"META","PUERTO GAITAN",59.61,"HECTAREA",4.005034467,-71.63157429
2008-11-12,"PUTUMAYO","LEGUIZAMO",136.64,"HECTAREA",0.05947197,-75.06479327
2008-11-13,"GUAVIARE","SAN JOSE DEL GUAVIARE",64.37,"HECTAREA",2.484286091,-71.91916993
2008-11-14,"CAQUETÁ","CARTAGENA DEL CHAIRA",12.37,"HECTAREA",0.647693081,-74.27235499
2008-11-17,"CAQUETÁ","SAN VICENTE DEL CAGUAN",77.72,"HECTAREA",1.308465061,-74.19746971
2008-11-17,"GUAVIARE","EL RETORNO",54.67,"HECTAREA",2.143447362,-72.24364869
2008-11-17,"GUAVIARE","SAN JOSE DEL GUAVIARE",66.3,"HECTAREA",2.484286091,-71.91916993
2008-11-21,"CAQUETÁ","SAN VICENTE DEL CAGUAN",107.74,"HECTAREA",1.308465061,-74.19746971
2008-11-23,"CAQUETÁ","SOLANO",36.82,"HECTAREA",0.096131862,-72.32036402
2008-11-24,"CAQUETÁ","SAN VICENTE DEL CAGUAN",61.98,"HECTAREA",1.308465061,-74.19746971
2008-11-27,"CAQUETÁ","SAN VICENTE DEL CAGUAN",102.35,"HECTAREA",1.308465061,-74.19746971
2008-11-28,"CAQUETÁ","MILAN",58.04,"HECTAREA",1.146692554,-75.38664764
2008-11-28,"CAQUETÁ","SOLANO",72.08,"HECTAREA",0.096131862,-72.32036402
2008-11-29,"CAQUETÁ","SOLANO",172.54,"HECTAREA",0.096131862,-72.32036402
2008-11-29,"GUAVIARE","MIRAFLORES",203.97,"HECTAREA",1.363974932,-72.01810951
2008-11-30,"CAQUETÁ","SOLANO",112.25,"HECTAREA",0.096131862,-72.32036402
2008-11-30,"GUAVIARE","SAN JOSE DEL GUAVIARE",0.21,"HECTAREA",2.484286091,-71.91916993
2008-12-01,"GUAVIARE","EL RETORNO",156.88,"HECTAREA",2.143447362,-72.24364869
2008-12-03,"CAQUETÁ","CARTAGENA DEL CHAIRA",157.89,"HECTAREA",0.647693081,-74.27235499
2008-12-04,"CAQUETÁ","CARTAGENA DEL CHAIRA",75.13,"HECTAREA",0.647693081,-74.27235499
2008-12-04,"GUAVIARE","SAN JOSE DEL GUAVIARE",193.09,"HECTAREA",2.484286091,-71.91916993
2008-12-05,"META","MAPIRIPAN",132.15,"HECTAREA",3.117523361,-71.93805692
2008-12-07,"ANTIOQUIA","ANORI",52.11,"HECTAREA",7.193110778,-75.10848954
2008-12-07,"ANTIOQUIA","CACERES",103.9,"HECTAREA",7.665155105,-75.22369744
2008-12-07,"CÓRDOBA","MONTELIBANO",49.12,"HECTAREA",7.866432635,-75.87533926
2008-12-07,"CÓRDOBA","PUERTO LIBERTADOR",89.57,"HECTAREA",7.711515736,-75.77123224
2008-12-09,"ANTIOQUIA","CACERES",103.01,"HECTAREA",7.665155105,-75.22369744
2008-12-09,"ANTIOQUIA","TARAZA",178.85,"HECTAREA",7.488875998,-75.40189438
2008-12-12,"ANTIOQUIA","CACERES",144.89,"HECTAREA",7.665155105,-75.22369744
2008-12-12,"CÓRDOBA","PUERTO LIBERTADOR",161.16,"HECTAREA",7.711515736,-75.77123224
2008-12-12,"GUAVIARE","SAN JOSE DEL GUAVIARE",163.13,"HECTAREA",2.484286091,-71.91916993
2008-12-13,"ANTIOQUIA","TARAZA",293.17,"HECTAREA",7.488875998,-75.40189438
2008-12-13,"BOLÍVAR","MONTECRISTO",148.87,"HECTAREA",8.01710024,-74.46342911
2008-12-13,"BOLÍVAR","SAN JACINTO",48.59,"HECTAREA",9.835362011,-75.10609201
2008-12-13,"CÓRDOBA","MONTELIBANO",116.62,"HECTAREA",7.866432635,-75.87533926
2008-12-13,"GUAVIARE","SAN JOSE DEL GUAVIARE",174.66,"HECTAREA",2.484286091,-71.91916993
2008-12-14,"ANTIOQUIA","CARACOLI",758.43,"HECTAREA",6.33797388,-74.73354817
2008-12-14,"ANTIOQUIA","NECHI",53.06,"HECTAREA",7.983477394,-74.65844186
2008-12-15,"ANTIOQUIA","NECHI",163.26,"HECTAREA",7.983477394,-74.65844186
2008-12-15,"ANTIOQUIA","TARAZA",70.51,"HECTAREA",7.488875998,-75.40189438
2008-12-15,"GUAVIARE","MIRAFLORES",247.07,"HECTAREA",1.363974932,-72.01810951
2008-12-16,"GUAVIARE","MIRAFLORES",129.87,"HECTAREA",1.363974932,-72.01810951
2008-12-17,"ANTIOQUIA","CACERES",35.29,"HECTAREA",7.665155105,-75.22369744
2008-12-17,"ANTIOQUIA","TARAZA",7.68,"HECTAREA",7.488875998,-75.40189438
2008-12-17,"GUAVIARE","EL RETORNO",241.41,"HECTAREA",2.143447362,-72.24364869
2008-12-18,"ANTIOQUIA","SEGOVIA",190.89,"HECTAREA",7.26692339,-74.62163926
2008-12-18,"GUAVIARE","CALAMAR",176.4,"HECTAREA",1.613634284,-73.0342639
2008-12-19,"ANTIOQUIA","ANORI",67.48,"HECTAREA",7.193110778,-75.10848954
2008-12-19,"ANTIOQUIA","ZARAGOZA",97.2,"HECTAREA",7.474004006,-74.85848326
2008-12-19,"CÓRDOBA","MONTELIBANO",71.73,"HECTAREA",7.866432635,-75.87533926
2008-12-19,"CÓRDOBA","PUERTO LIBERTADOR",119.94,"HECTAREA",7.711515736,-75.77123224
2008-12-19,"CÓRDOBA","TIERRALTA",92.61,"HECTAREA",7.813896829,-76.16846678
2008-12-19,"META","MAPIRIPAN",109.33,"HECTAREA",3.117523361,-71.93805692
2008-12-20,"GUAVIARE","SAN JOSE DEL GUAVIARE",170.79,"HECTAREA",2.484286091,-71.91916993
2008-12-21,"META","MAPIRIPAN",57.32,"HECTAREA",3.117523361,-71.93805692
2008-12-23,"META","PUERTO RICO",137.97,"HECTAREA",2.758083657,-73.13780171
2008-12-24,"META","MAPIRIPAN",211.56,"HECTAREA",3.117523361,-71.93805692
2008-12-25,"BOLÍVAR","MONTECRISTO",94.39,"HECTAREA",8.01710024,-74.46342911
2008-12-25,"BOLÍVAR","TIQUISIO",215.36,"HECTAREA",8.492345176,-74.29676139
2008-12-25,"GUAVIARE","SAN JOSE DEL GUAVIARE",131.89,"HECTAREA",2.484286091,-71.91916993
2008-12-26,"CÓRDOBA","MONTELIBANO",183.26,"HECTAREA",7.866432635,-75.87533926
2008-12-26,"CÓRDOBA","PUERTO LIBERTADOR",82.42,"HECTAREA",7.711515736,-75.77123224
2008-12-26,"GUAVIARE","SAN JOSE DEL GUAVIARE",88.19,"HECTAREA",2.484286091,-71.91916993
2008-12-27,"CÓRDOBA","MONTELIBANO",168.09,"HECTAREA",7.866432635,-75.87533926
2008-12-27,"META","MAPIRIPAN",77.41,"HECTAREA",3.117523361,-71.93805692
2008-12-28,"ANTIOQUIA","AMALFI",48.05,"HECTAREA",6.977788843,-74.9812393
2008-12-28,"ANTIOQUIA","SEGOVIA",101.35,"HECTAREA",7.26692339,-74.62163926
2008-12-28,"BOLÍVAR","MONTECRISTO",196.29,"HECTAREA",8.01710024,-74.46342911
2008-12-28,"GUAVIARE","MIRAFLORES",166.88,"HECTAREA",1.363974932,-72.01810951
2008-12-29,"CÓRDOBA","MONTELIBANO",27.56,"HECTAREA",7.866432635,-75.87533926
2008-12-29,"GUAVIARE","MIRAFLORES",204.97,"HECTAREA",1.363974932,-72.01810951
2008-12-30,"META","MAPIRIPAN",163.68,"HECTAREA",3.117523361,-71.93805692
2008-12-31,"ANTIOQUIA","NECHI",103.83,"HECTAREA",7.983477394,-74.65844186
2008-12-31,"META","MAPIRIPAN",315.23,"HECTAREA",3.117523361,-71.93805692
2009-01-02,"ANTIOQUIA","EL BAGRE",255.01,"HECTAREA",7.704633351,-74.66427726
2009-01-02,"META","MAPIRIPAN",235.4,"HECTAREA",3.117523361,-71.93805692
2009-01-03,"ANTIOQUIA","CACERES",51.73,"HECTAREA",7.665155105,-75.22369744
2009-01-03,"ANTIOQUIA","TARAZA",288.44,"HECTAREA",7.488875998,-75.40189438
2009-01-04,"ANTIOQUIA","EL BAGRE",96.5,"HECTAREA",7.704633351,-74.66427726
2009-01-05,"ANTIOQUIA","EL BAGRE",97.86,"HECTAREA",7.704633351,-74.66427726
2009-01-05,"ANTIOQUIA","ZARAGOZA",134,"HECTAREA",7.474004006,-74.85848326
2009-01-05,"BOLÍVAR","MONTECRISTO",48.32,"HECTAREA",8.01710024,-74.46342911
2009-01-07,"ANTIOQUIA","EL BAGRE",96.15,"HECTAREA",7.704633351,-74.66427726
2009-01-07,"ANTIOQUIA","ZARAGOZA",123.23,"HECTAREA",7.474004006,-74.85848326
2009-01-07,"BOLÍVAR","MONTECRISTO",48.67,"HECTAREA",8.01710024,-74.46342911
2009-01-08,"GUAVIARE","SAN JOSE DEL GUAVIARE",188.88,"HECTAREA",2.484286091,-71.91916993
2009-01-08,"META","MAPIRIPAN",73.36,"HECTAREA",3.117523361,-71.93805692
2009-01-09,"META","PUERTO GAITAN",135.52,"HECTAREA",4.005034467,-71.63157429
2009-01-10,"ANTIOQUIA","EL BAGRE",134.9,"HECTAREA",7.704633351,-74.66427726
2009-01-10,"ANTIOQUIA","SEGOVIA",31.17,"HECTAREA",7.26692339,-74.62163926
2009-01-10,"META","MAPIRIPAN",240.6,"HECTAREA",3.117523361,-71.93805692
2009-01-11,"META","MAPIRIPAN",130.85,"HECTAREA",3.117523361,-71.93805692
2009-01-12,"ANTIOQUIA","CACERES",102.98,"HECTAREA",7.665155105,-75.22369744
2009-01-12,"CÓRDOBA","PUERTO LIBERTADOR",54.72,"HECTAREA",7.711515736,-75.77123224
2009-01-12,"CÓRDOBA","TIERRALTA",49.58,"HECTAREA",7.813896829,-76.16846678
2009-01-13,"META","MAPIRIPAN",257.5,"HECTAREA",3.117523361,-71.93805692
2009-01-14,"META","MAPIRIPAN",183.77,"HECTAREA",3.117523361,-71.93805692
2009-01-15,"META","MAPIRIPAN",193.31,"HECTAREA",3.117523361,-71.93805692
2009-01-16,"ANTIOQUIA","EL BAGRE",123.55,"HECTAREA",7.704633351,-74.66427726
2009-01-16,"META","MAPIRIPAN",148.18,"HECTAREA",3.117523361,-71.93805692
2009-01-16,"META","PUERTO GAITAN",30.29,"HECTAREA",4.005034467,-71.63157429
2009-01-17,"GUAVIARE","SAN JOSE DEL GUAVIARE",217.44,"HECTAREA",2.484286091,-71.91916993
2009-01-18,"GUAVIARE","SAN JOSE DEL GUAVIARE",191,"HECTAREA",2.484286091,-71.91916993
2009-01-19,"ANTIOQUIA","ANORI",174.02,"HECTAREA",7.193110778,-75.10848954
2009-01-19,"GUAVIARE","EL RETORNO",205.1,"HECTAREA",2.143447362,-72.24364869
2009-01-19,"GUAVIARE","SAN JOSE DEL GUAVIARE",119.09,"HECTAREA",2.484286091,-71.91916993
2009-01-22,"ANTIOQUIA","TARAZA",239.65,"HECTAREA",7.488875998,-75.40189438
2009-01-23,"NARIÑO","ROBERTO PAYAN",285.76,"HECTAREA",1.897581156,-78.3811163
2009-01-24,"NARIÑO","ROBERTO PAYAN",151.87,"HECTAREA",1.897581156,-78.3811163
2009-01-24,"NARIÑO","SAN ANDRES DE TUMACO",81,"HECTAREA",1.574550638,-78.61540963
2009-01-26,"ANTIOQUIA","ANORI",63.54,"HECTAREA",7.193110778,-75.10848954
2009-01-26,"ANTIOQUIA","TARAZA",120.36,"HECTAREA",7.488875998,-75.40189438
2009-01-26,"NARIÑO","ROBERTO PAYAN",44.48,"HECTAREA",1.897581156,-78.3811163
2009-01-27,"ANTIOQUIA","TARAZA",60.76,"HECTAREA",7.488875998,-75.40189438
2009-01-27,"ANTIOQUIA","VALDIVIA",83.83,"HECTAREA",7.265404213,-75.40094502
2009-01-30,"ANTIOQUIA","ANORI",103.33,"HECTAREA",7.193110778,-75.10848954
2009-01-31,"NARIÑO","MAGUI",68.76,"HECTAREA",1.906858429,-78.04473644
2009-01-31,"NARIÑO","SAN ANDRES DE TUMACO",104.71,"HECTAREA",1.574550638,-78.61540963
2009-02-01,"NARIÑO","ROBERTO PAYAN",159.09,"HECTAREA",1.897581156,-78.3811163
2009-02-01,"NARIÑO","SAN ANDRES DE TUMACO",155.85,"HECTAREA",1.574550638,-78.61540963
2009-02-02,"ANTIOQUIA","EL BAGRE",98.92,"HECTAREA",7.704633351,-74.66427726
2009-02-02,"ANTIOQUIA","SEGOVIA",42.35,"HECTAREA",7.26692339,-74.62163926
2009-02-03,"ANTIOQUIA","VALDIVIA",132.91,"HECTAREA",7.265404213,-75.40094502
2009-02-03,"NARIÑO","LA TOLA",317.33,"HECTAREA",2.56027333,-78.23506694
2009-02-03,"NARIÑO","SAN ANDRES DE TUMACO",296.75,"HECTAREA",1.574550638,-78.61540963
2009-02-04,"ANTIOQUIA","ANORI",153.7,"HECTAREA",7.193110778,-75.10848954
2009-02-04,"CAUCA","GUAPI",235.34,"HECTAREA",2.41326696,-77.69047531
2009-02-05,"ANTIOQUIA","AMALFI",200.69,"HECTAREA",6.977788843,-74.9812393
2009-02-05,"ANTIOQUIA","SEGOVIA",99.67,"HECTAREA",7.26692339,-74.62163926
2009-02-05,"NARIÑO","BARBACOAS",412.53,"HECTAREA",1.44563774,-78.15621072
2009-02-05,"NARIÑO","EL CHARCO",304.48,"HECTAREA",2.216382295,-77.99533234
2009-02-07,"ANTIOQUIA","ITUANGO",138.42,"HECTAREA",7.341549718,-75.67842277
2009-02-07,"ANTIOQUIA","VALDIVIA",75.51,"HECTAREA",7.265404213,-75.40094502
2009-02-08,"ANTIOQUIA","ANORI",152.12,"HECTAREA",7.193110778,-75.10848954
2009-02-08,"ANTIOQUIA","TARAZA",282.74,"HECTAREA",7.488875998,-75.40189438
2009-02-10,"NARIÑO","BARBACOAS",437.4,"HECTAREA",1.44563774,-78.15621072
2009-02-10,"NARIÑO","MAGUI",215.76,"HECTAREA",1.906858429,-78.04473644
2009-02-12,"SANTANDER","BOLIVAR",60.73,"HECTAREA",6.181715586,-73.92065703
2009-02-12,"SANTANDER","CIMITARRA",113.71,"HECTAREA",6.40972961,-74.17030427
2009-02-13,"SANTANDER","BOLIVAR",53.06,"HECTAREA",6.181715586,-73.92065703
2009-02-13,"SANTANDER","CIMITARRA",69.12,"HECTAREA",6.40972961,-74.17030427
2009-02-13,"SANTANDER","SUCRE",54.04,"HECTAREA",5.983203734,-73.95936235
2009-02-15,"BOLÍVAR","SAN PABLO",228.57,"HECTAREA",7.507922612,-74.10356977
2009-02-15,"BOLÍVAR","SANTA ROSA DEL SUR",86.1,"HECTAREA",7.772519173,-74.26272843
2009-02-15,"NARIÑO","SAN ANDRES DE TUMACO",8.69,"HECTAREA",1.574550638,-78.61540963
2009-02-16,"ANTIOQUIA","YONDO",122.32,"HECTAREA",6.925159318,-74.15824041
2009-02-16,"BOLÍVAR","CANTAGALLO",161.77,"HECTAREA",7.239229146,-74.10014043
2009-02-17,"ANTIOQUIA","YONDO",33.18,"HECTAREA",6.925159318,-74.15824041
2009-02-17,"NARIÑO","MAGUI",206.5,"HECTAREA",1.906858429,-78.04473644
2009-02-17,"SANTANDER","PUERTO PARRA",37.47,"HECTAREA",6.685278856,-73.95761256
2009-02-18,"NARIÑO","ROBERTO PAYAN",12.68,"HECTAREA",1.897581156,-78.3811163
2009-02-18,"SANTANDER","SIMACOTA",14.13,"HECTAREA",6.494231551,-73.45910992
2009-02-19,"BOLÍVAR","SANTA ROSA DEL SUR",156.11,"HECTAREA",7.772519173,-74.26272843
2009-02-21,"BOLÍVAR","CANTAGALLO",104.66,"HECTAREA",7.239229146,-74.10014043
2009-02-21,"NARIÑO","OLAYA HERRERA",44.73,"HECTAREA",2.287856547,-78.31219024
2009-02-21,"NARIÑO","SAN ANDRES DE TUMACO",136.72,"HECTAREA",1.574550638,-78.61540963
2009-02-22,"CAUCA","GUAPI",263.24,"HECTAREA",2.41326696,-77.69047531
2009-02-22,"SANTANDER","CIMITARRA",201.71,"HECTAREA",6.40972961,-74.17030427
2009-02-27,"BOLÍVAR","SANTA ROSA DEL SUR",106.71,"HECTAREA",7.772519173,-74.26272843
2009-02-28,"CAUCA","GUAPI",222.77,"HECTAREA",2.41326696,-77.69047531
2009-03-01,"BOLÍVAR","CANTAGALLO",714.48,"HECTAREA",7.239229146,-74.10014043
2009-03-04,"BOLÍVAR","SAN PABLO",104.85,"HECTAREA",7.507922612,-74.10356977
2009-03-04,"BOLÍVAR","SIMITI",104.29,"HECTAREA",7.851315534,-73.98371609
2009-03-04,"NARIÑO","EL CHARCO",211.79,"HECTAREA",2.216382295,-77.99533234
2009-03-05,"BOLÍVAR","SIMITI",56.51,"HECTAREA",7.851315534,-73.98371609
2009-03-05,"SANTANDER","BOLIVAR",41.26,"HECTAREA",6.181715586,-73.92065703
2009-03-05,"SANTANDER","SUCRE",324.67,"HECTAREA",5.983203734,-73.95936235
2009-03-06,"BOLÍVAR","SANTA ROSA DEL SUR",248.83,"HECTAREA",7.772519173,-74.26272843
2009-03-06,"BOLÍVAR","SIMITI",53.59,"HECTAREA",7.851315534,-73.98371609
2009-03-06,"NARIÑO","BARBACOAS",693.66,"HECTAREA",1.44563774,-78.15621072
2009-03-06,"NARIÑO","CUMBITARA",71.75,"HECTAREA",1.72559011,-77.59281637
2009-03-06,"NARIÑO","EL CHARCO",127.93,"HECTAREA",2.216382295,-77.99533234
2009-03-07,"BOLÍVAR","ALTOS DEL ROSARIO",70.18,"HECTAREA",8.757468863,-74.19515811
2009-03-07,"BOLÍVAR","SAN MARTIN DE LOBA",121.62,"HECTAREA",8.816088444,-74.00599967
2009-03-07,"NARIÑO","BARBACOAS",237.97,"HECTAREA",1.44563774,-78.15621072
2009-03-08,"BOLÍVAR","SAN PABLO",528.63,"HECTAREA",7.507922612,-74.10356977
2009-03-09,"BOLÍVAR","ALTOS DEL ROSARIO",58.69,"HECTAREA",8.757468863,-74.19515811
2009-03-09,"BOLÍVAR","CANTAGALLO",169.41,"HECTAREA",7.239229146,-74.10014043
2009-03-09,"BOLÍVAR","MORALES",32.24,"HECTAREA",8.253700061,-73.9713459
2009-03-09,"BOLÍVAR","SAN PABLO",234.85,"HECTAREA",7.507922612,-74.10356977
2009-03-09,"BOLÍVAR","SIMITI",10.26,"HECTAREA",7.851315534,-73.98371609
2009-03-09,"BOLÍVAR","TIQUISIO",27.52,"HECTAREA",8.492345176,-74.29676139
2009-03-09,"NARIÑO","MAGUI",229.93,"HECTAREA",1.906858429,-78.04473644
2009-03-10,"CAUCA","GUAPI",335.93,"HECTAREA",2.41326696,-77.69047531
2009-03-11,"BOLÍVAR","ARENAL",154.99,"HECTAREA",8.362996158,-74.10301905
2009-03-11,"BOLÍVAR","MORALES",28.54,"HECTAREA",8.253700061,-73.9713459
2009-03-11,"BOLÍVAR","RIO VIEJO",27.59,"HECTAREA",8.559982465,-73.90298668
2009-03-12,"BOLÍVAR","ARENAL",59.24,"HECTAREA",8.362996158,-74.10301905
2009-03-13,"BOLÍVAR","ACHI",2.76,"HECTAREA",8.622943262,-74.47805945
2009-03-13,"BOLÍVAR","MORALES",10.46,"HECTAREA",8.253700061,-73.9713459
2009-03-13,"BOLÍVAR","SANTA ROSA DEL SUR",15.88,"HECTAREA",7.772519173,-74.26272843
2009-03-13,"NARIÑO","SAN ANDRES DE TUMACO",224.11,"HECTAREA",1.574550638,-78.61540963
2009-03-14,"NARIÑO","ROBERTO PAYAN",64.17,"HECTAREA",1.897581156,-78.3811163
2009-03-14,"NARIÑO","SAN ANDRES DE TUMACO",196.2,"HECTAREA",1.574550638,-78.61540963
2009-03-15,"NORTE DE SANTANDER","LA ESPERANZA",47.86,"HECTAREA",7.695233593,-73.36139672
2009-03-15,"SANTANDER","EL PLAYON",0.82,"HECTAREA",7.524284721,-73.18158192
2009-03-16,"NARIÑO","MAGUI",21.82,"HECTAREA",1.906858429,-78.04473644
2009-03-17,"NARIÑO","MAGUI",314.78,"HECTAREA",1.906858429,-78.04473644
2009-03-18,"NARIÑO","BARBACOAS",273.98,"HECTAREA",1.44563774,-78.15621072
2009-03-20,"NARIÑO","MAGUI",169.61,"HECTAREA",1.906858429,-78.04473644
2009-03-21,"ANTIOQUIA","CAUCASIA",123.31,"HECTAREA",7.867941792,-75.03501824
2009-03-23,"ANTIOQUIA","SAN FRANCISCO",118.57,"HECTAREA",5.840093731,-74.98176334
2009-03-23,"ANTIOQUIA","SAN LUIS",170.01,"HECTAREA",6.024205956,-75.0076674
2009-03-24,"NARIÑO","MAGUI",282.52,"HECTAREA",1.906858429,-78.04473644
2009-03-24,"NARIÑO","OLAYA HERRERA",314.64,"HECTAREA",2.287856547,-78.31219024
2009-03-26,"NARIÑO","EL CHARCO",342.08,"HECTAREA",2.216382295,-77.99533234
2009-03-27,"ANTIOQUIA","CARACOLI",2.78,"HECTAREA",6.33797388,-74.73354817
2009-03-27,"ANTIOQUIA","PUERTO NARE",0.08,"HECTAREA",6.126539139,-74.70317722
2009-03-27,"ANTIOQUIA","SAN CARLOS",0.2,"HECTAREA",6.193789659,-74.90732769
2009-03-27,"ANTIOQUIA","SAN ROQUE",1.97,"HECTAREA",6.466165211,-74.9450732
2009-03-27,"NARIÑO","BARBACOAS",309.47,"HECTAREA",1.44563774,-78.15621072
2009-03-27,"NARIÑO","CUMBITARA",140.88,"HECTAREA",1.72559011,-77.59281637
2009-03-27,"NARIÑO","POLICARPA",68.98,"HECTAREA",1.735354202,-77.48134359
2009-03-27,"NARIÑO","ROBERTO PAYAN",70.04,"HECTAREA",1.897581156,-78.3811163
2009-03-27,"NARIÑO","SAN ANDRES DE TUMACO",163.23,"HECTAREA",1.574550638,-78.61540963
2009-03-28,"NARIÑO","BARBACOAS",256.87,"HECTAREA",1.44563774,-78.15621072
2009-03-28,"NARIÑO","EL CHARCO",256.36,"HECTAREA",2.216382295,-77.99533234
2009-03-28,"NARIÑO","ROBERTO PAYAN",165.57,"HECTAREA",1.897581156,-78.3811163
2009-03-29,"NARIÑO","BARBACOAS",266.15,"HECTAREA",1.44563774,-78.15621072
2009-03-29,"NARIÑO","FRANCISCO PIZARRO",245.97,"HECTAREA",2.088531925,-78.59193099
2009-03-29,"NARIÑO","ROBERTO PAYAN",160.61,"HECTAREA",1.897581156,-78.3811163
2009-03-29,"NARIÑO","SAN ANDRES DE TUMACO",136.73,"HECTAREA",1.574550638,-78.61540963
2009-03-30,"NARIÑO","BARBACOAS",469.2,"HECTAREA",1.44563774,-78.15621072
2009-03-30,"NARIÑO","CUMBITARA",48.07,"HECTAREA",1.72559011,-77.59281637
2009-03-30,"NARIÑO","POLICARPA",45.31,"HECTAREA",1.735354202,-77.48134359
2009-03-31,"NARIÑO","FRANCISCO PIZARRO",337.52,"HECTAREA",2.088531925,-78.59193099
2009-04-01,"NARIÑO","BARBACOAS",198.02,"HECTAREA",1.44563774,-78.15621072
2009-04-01,"NARIÑO","ROBERTO PAYAN",168.38,"HECTAREA",1.897581156,-78.3811163
2009-04-02,"BOYACÁ","PUERTO BOYACA",117.19,"HECTAREA",5.953466654,-74.4528581
2009-04-02,"SANTANDER","BOLIVAR",49.8,"HECTAREA",6.181715586,-73.92065703
2009-04-03,"ANTIOQUIA","ARGELIA",21.06,"HECTAREA",5.708114524,-75.09469795
2009-04-03,"ANTIOQUIA","SONSON",192.89,"HECTAREA",5.826388779,-74.83637623
2009-04-03,"CALDAS","NORCASIA",55.09,"HECTAREA",5.638062349,-74.85492707
2009-04-04,"CAUCA","GUAPI",376.37,"HECTAREA",2.41326696,-77.69047531
2009-04-04,"CAUCA","TIMBIQUI",343.21,"HECTAREA",2.699475127,-77.49131577
2009-04-04,"NARIÑO","SAN ANDRES DE TUMACO",288.8,"HECTAREA",1.574550638,-78.61540963
2009-04-05,"NARIÑO","BARBACOAS",416.37,"HECTAREA",1.44563774,-78.15621072
2009-04-05,"NARIÑO","SAN ANDRES DE TUMACO",335.26,"HECTAREA",1.574550638,-78.61540963
2009-04-06,"ANTIOQUIA","SONSON",27.95,"HECTAREA",5.826388779,-74.83637623
2009-04-06,"CALDAS","SAMANA",113.88,"HECTAREA",5.519692873,-74.99718577
2009-04-09,"NARIÑO","SAN ANDRES DE TUMACO",274.57,"HECTAREA",1.574550638,-78.61540963
2009-04-10,"CAUCA","TIMBIQUI",46.99,"HECTAREA",2.699475127,-77.49131577
2009-04-12,"CAUCA","TIMBIQUI",358.92,"HECTAREA",2.699475127,-77.49131577
2009-04-12,"SANTANDER","SUCRE",34.42,"HECTAREA",5.983203734,-73.95936235
2009-04-14,"NARIÑO","SANTA BARBARA",312.28,"HECTAREA",2.494420411,-77.98256461
2009-04-15,"NARIÑO","SAN ANDRES DE TUMACO",264.55,"HECTAREA",1.574550638,-78.61540963
2009-04-17,"CAUCA","TIMBIQUI",409.72,"HECTAREA",2.699475127,-77.49131577
2009-04-17,"NARIÑO","EL CHARCO",193.05,"HECTAREA",2.216382295,-77.99533234
2009-04-17,"NARIÑO","SAN ANDRES DE TUMACO",133.52,"HECTAREA",1.574550638,-78.61540963
2009-04-23,"NORTE DE SANTANDER","TIBU",87.46,"HECTAREA",8.713507237,-72.79925855
2009-04-24,"NARIÑO","CUMBITARA",359.53,"HECTAREA",1.72559011,-77.59281637
2009-04-25,"CAUCA","TIMBIQUI",940.69,"HECTAREA",2.699475127,-77.49131577
2009-04-25,"NORTE DE SANTANDER","SARDINATA",171.73,"HECTAREA",8.215080767,-72.79580961
2009-04-25,"NORTE DE SANTANDER","TIBU",205.64,"HECTAREA",8.713507237,-72.79925855
2009-04-26,"NORTE DE SANTANDER","SARDINATA",104.43,"HECTAREA",8.215080767,-72.79580961
2009-04-27,"CAUCA","TIMBIQUI",935.2,"HECTAREA",2.699475127,-77.49131577
2009-04-29,"NORTE DE SANTANDER","TIBU",416.86,"HECTAREA",8.713507237,-72.79925855
2009-04-30,"NORTE DE SANTANDER","TIBU",214.82,"HECTAREA",8.713507237,-72.79925855
2009-05-01,"CAUCA","TIMBIQUI",1068.03,"HECTAREA",2.699475127,-77.49131577
2009-05-01,"NORTE DE SANTANDER","TIBU",152.5,"HECTAREA",8.713507237,-72.79925855
2009-05-04,"NARIÑO","EL CHARCO",492.25,"HECTAREA",2.216382295,-77.99533234
2009-05-05,"CAUCA","TIMBIQUI",731.93,"HECTAREA",2.699475127,-77.49131577
2009-05-06,"NORTE DE SANTANDER","TEORAMA",106.55,"HECTAREA",8.760013794,-73.15714097
2009-05-08,"CAUCA","GUAPI",254.29,"HECTAREA",2.41326696,-77.69047531
2009-05-08,"NORTE DE SANTANDER","TIBU",0.92,"HECTAREA",8.713507237,-72.79925855
2009-05-09,"NORTE DE SANTANDER","TIBU",100.17,"HECTAREA",8.713507237,-72.79925855
2009-05-10,"NARIÑO","MAGUI",176.16,"HECTAREA",1.906858429,-78.04473644
2009-05-10,"NARIÑO","ROBERTO PAYAN",161.5,"HECTAREA",1.897581156,-78.3811163
2009-05-10,"NARIÑO","SAN ANDRES DE TUMACO",104.95,"HECTAREA",1.574550638,-78.61540963
2009-05-14,"NARIÑO","ROBERTO PAYAN",378.04,"HECTAREA",1.897581156,-78.3811163
2009-05-15,"NARIÑO","MAGUI",255.13,"HECTAREA",1.906858429,-78.04473644
2009-05-15,"NARIÑO","ROBERTO PAYAN",574.87,"HECTAREA",1.897581156,-78.3811163
2009-05-15,"NORTE DE SANTANDER","EL TARRA",185.5,"HECTAREA",8.678263671,-73.0317597
2009-05-17,"NARIÑO","MAGUI",396.37,"HECTAREA",1.906858429,-78.04473644
2009-05-17,"NORTE DE SANTANDER","EL TARRA",40.39,"HECTAREA",8.678263671,-73.0317597
2009-05-20,"META","MAPIRIPAN",62.5,"HECTAREA",3.117523361,-71.93805692
2009-05-20,"META","SAN JUAN DE ARAMA",74.61,"HECTAREA",3.289851171,-73.81635243
2009-05-20,"META","VISTAHERMOSA",6.51,"HECTAREA",2.811616698,-73.66652234
2009-05-21,"GUAVIARE","SAN JOSE DEL GUAVIARE",143.06,"HECTAREA",2.484286091,-71.91916993
2009-05-21,"META","MAPIRIPAN",193.19,"HECTAREA",3.117523361,-71.93805692
2009-05-22,"GUAVIARE","CALAMAR",198.44,"HECTAREA",1.613634284,-73.0342639
2009-05-22,"GUAVIARE","SAN JOSE DEL GUAVIARE",203.26,"HECTAREA",2.484286091,-71.91916993
2009-05-23,"GUAVIARE","EL RETORNO",205.03,"HECTAREA",2.143447362,-72.24364869
2009-05-23,"GUAVIARE","MIRAFLORES",238.22,"HECTAREA",1.363974932,-72.01810951
2009-05-24,"META","MAPIRIPAN",335.77,"HECTAREA",3.117523361,-71.93805692
2009-05-25,"CAUCA","LOPEZ",465.7,"HECTAREA",2.95819877,-77.24212158
2009-05-25,"GUAVIARE","EL RETORNO",231.3,"HECTAREA",2.143447362,-72.24364869
2009-05-25,"GUAVIARE","SAN JOSE DEL GUAVIARE",448.73,"HECTAREA",2.484286091,-71.91916993
2009-05-25,"META","LA MACARENA",71.16,"HECTAREA",2.161863917,-74.09488076
2009-05-26,"GUAVIARE","SAN JOSE DEL GUAVIARE",792.96,"HECTAREA",2.484286091,-71.91916993
2009-05-27,"META","MAPIRIPAN",4.59,"HECTAREA",3.117523361,-71.93805692
2009-05-27,"META","PUERTO RICO",16.14,"HECTAREA",2.758083657,-73.13780171
2009-05-27,"META","VISTAHERMOSA",9.59,"HECTAREA",2.811616698,-73.66652234
2009-05-29,"GUAVIARE","MIRAFLORES",347.59,"HECTAREA",1.363974932,-72.01810951
2009-05-29,"NARIÑO","MAGUI",343.63,"HECTAREA",1.906858429,-78.04473644
2009-05-30,"GUAVIARE","MIRAFLORES",628.7,"HECTAREA",1.363974932,-72.01810951
2009-05-31,"GUAVIARE","MIRAFLORES",694.63,"HECTAREA",1.363974932,-72.01810951
2009-06-01,"GUAVIARE","SAN JOSE DEL GUAVIARE",528,"HECTAREA",2.484286091,-71.91916993
2009-06-01,"META","MAPIRIPAN",301.24,"HECTAREA",3.117523361,-71.93805692
2009-06-02,"GUAVIARE","CALAMAR",361.24,"HECTAREA",1.613634284,-73.0342639
2009-06-02,"GUAVIARE","EL RETORNO",327.3,"HECTAREA",2.143447362,-72.24364869
2009-06-05,"NARIÑO","MAGUI",350.36,"HECTAREA",1.906858429,-78.04473644
2009-06-06,"GUAVIARE","SAN JOSE DEL GUAVIARE",196.66,"HECTAREA",2.484286091,-71.91916993
2009-06-07,"META","MAPIRIPAN",216.81,"HECTAREA",3.117523361,-71.93805692
2009-06-07,"META","PUERTO GAITAN",161.91,"HECTAREA",4.005034467,-71.63157429
2009-06-07,"NARIÑO","BARBACOAS",398.42,"HECTAREA",1.44563774,-78.15621072
2009-06-07,"NARIÑO","MAGUI",398.18,"HECTAREA",1.906858429,-78.04473644
2009-06-07,"NARIÑO","ROBERTO PAYAN",400.57,"HECTAREA",1.897581156,-78.3811163
2009-06-08,"GUAVIARE","MIRAFLORES",761.52,"HECTAREA",1.363974932,-72.01810951
2009-06-08,"NARIÑO","ROBERTO PAYAN",405.77,"HECTAREA",1.897581156,-78.3811163
2009-06-09,"GUAVIARE","EL RETORNO",118.79,"HECTAREA",2.143447362,-72.24364869
2009-06-09,"GUAVIARE","MIRAFLORES",187.37,"HECTAREA",1.363974932,-72.01810951
2009-06-09,"GUAVIARE","SAN JOSE DEL GUAVIARE",146.67,"HECTAREA",2.484286091,-71.91916993
2009-06-10,"GUAVIARE","MIRAFLORES",168.39,"HECTAREA",1.363974932,-72.01810951
2009-06-11,"GUAVIARE","SAN JOSE DEL GUAVIARE",269.99,"HECTAREA",2.484286091,-71.91916993
2009-06-11,"NARIÑO","BARBACOAS",244.66,"HECTAREA",1.44563774,-78.15621072
2009-06-11,"NARIÑO","MAGUI",287.31,"HECTAREA",1.906858429,-78.04473644
2009-06-11,"NARIÑO","ROBERTO PAYAN",260.87,"HECTAREA",1.897581156,-78.3811163
2009-06-14,"META","MAPIRIPAN",352.66,"HECTAREA",3.117523361,-71.93805692
2009-06-15,"META","MAPIRIPAN",298.46,"HECTAREA",3.117523361,-71.93805692
2009-06-15,"NARIÑO","MAGUI",770.84,"HECTAREA",1.906858429,-78.04473644
2009-06-15,"NARIÑO","ROBERTO PAYAN",872.26,"HECTAREA",1.897581156,-78.3811163
2009-06-16,"NARIÑO","BARBACOAS",23.87,"HECTAREA",1.44563774,-78.15621072
2009-06-16,"NARIÑO","MAGUI",122.69,"HECTAREA",1.906858429,-78.04473644
2009-06-16,"NARIÑO","ROBERTO PAYAN",126.46,"HECTAREA",1.897581156,-78.3811163
2009-06-17,"GUAVIARE","SAN JOSE DEL GUAVIARE",512.07,"HECTAREA",2.484286091,-71.91916993
2009-06-18,"GUAVIARE","SAN JOSE DEL GUAVIARE",160.67,"HECTAREA",2.484286091,-71.91916993
2009-06-19,"META","MAPIRIPAN",287.28,"HECTAREA",3.117523361,-71.93805692
2009-06-20,"GUAVIARE","CALAMAR",185,"HECTAREA",1.613634284,-73.0342639
2009-06-22,"GUAVIARE","CALAMAR",200.54,"HECTAREA",1.613634284,-73.0342639
2009-06-22,"GUAVIARE","EL RETORNO",43.9,"HECTAREA",2.143447362,-72.24364869
2009-06-22,"GUAVIARE","MIRAFLORES",66.09,"HECTAREA",1.363974932,-72.01810951
2009-06-22,"GUAVIARE","SAN JOSE DEL GUAVIARE",198.56,"HECTAREA",2.484286091,-71.91916993
2009-06-22,"NARIÑO","BARBACOAS",238.64,"HECTAREA",1.44563774,-78.15621072
2009-06-22,"NARIÑO","MAGUI",314.3,"HECTAREA",1.906858429,-78.04473644
2009-06-22,"NARIÑO","ROBERTO PAYAN",259.22,"HECTAREA",1.897581156,-78.3811163
2009-06-23,"NARIÑO","EL CHARCO",334.73,"HECTAREA",2.216382295,-77.99533234
2009-06-23,"NARIÑO","ROBERTO PAYAN",326.88,"HECTAREA",1.897581156,-78.3811163
2009-06-24,"META","PUERTO CONCORDIA",76.47,"HECTAREA",2.752260112,-72.7210941
2009-06-24,"META","PUERTO GAITAN",70.4,"HECTAREA",4.005034467,-71.63157429
2009-06-24,"META","PUERTO LLERAS",35.04,"HECTAREA",3.193092925,-73.23671436
2009-06-24,"META","PUERTO RICO",36.7,"HECTAREA",2.758083657,-73.13780171
2009-06-25,"NARIÑO","EL CHARCO",576.87,"HECTAREA",2.216382295,-77.99533234
2009-06-25,"NARIÑO","MAGUI",381.44,"HECTAREA",1.906858429,-78.04473644
2009-06-25,"NARIÑO","SANTA BARBARA",243.95,"HECTAREA",2.494420411,-77.98256461
2009-06-26,"GUAVIARE","EL RETORNO",189.48,"HECTAREA",2.143447362,-72.24364869
2009-06-27,"GUAVIARE","SAN JOSE DEL GUAVIARE",131.39,"HECTAREA",2.484286091,-71.91916993
2009-06-28,"GUAVIARE","EL RETORNO",6.56,"HECTAREA",2.143447362,-72.24364869
2009-06-28,"GUAVIARE","SAN JOSE DEL GUAVIARE",209.4,"HECTAREA",2.484286091,-71.91916993
2009-06-29,"GUAVIARE","SAN JOSE DEL GUAVIARE",138.95,"HECTAREA",2.484286091,-71.91916993
2009-06-30,"META","MAPIRIPAN",95.96,"HECTAREA",3.117523361,-71.93805692
2009-07-01,"NARIÑO","EL CHARCO",400.12,"HECTAREA",2.216382295,-77.99533234
2009-07-02,"META","PUERTO RICO",154.68,"HECTAREA",2.758083657,-73.13780171
2009-07-05,"META","PUERTO RICO",144.23,"HECTAREA",2.758083657,-73.13780171
2009-07-05,"NARIÑO","SANTA BARBARA",272.72,"HECTAREA",2.494420411,-77.98256461
2009-07-06,"META","MAPIRIPAN",131.4,"HECTAREA",3.117523361,-71.93805692
2009-07-06,"NARIÑO","EL CHARCO",369.93,"HECTAREA",2.216382295,-77.99533234
2009-07-08,"META","MAPIRIPAN",189.46,"HECTAREA",3.117523361,-71.93805692
2009-07-09,"META","MAPIRIPAN",103.97,"HECTAREA",3.117523361,-71.93805692
2009-07-11,"NARIÑO","OLAYA HERRERA",852.13,"HECTAREA",2.287856547,-78.31219024
2009-07-13,"VICHADA","CUMARIBO",81.46,"HECTAREA",4.262454746,-69.52140484
2009-07-16,"NARIÑO","SAN ANDRES DE TUMACO",397.2,"HECTAREA",1.574550638,-78.61540963
2009-07-17,"VICHADA","CUMARIBO",198.66,"HECTAREA",4.262454746,-69.52140484
2009-07-18,"VICHADA","CUMARIBO",267.84,"HECTAREA",4.262454746,-69.52140484
2009-07-20,"VICHADA","CUMARIBO",359.6,"HECTAREA",4.262454746,-69.52140484
2009-07-21,"NARIÑO","OLAYA HERRERA",427.95,"HECTAREA",2.287856547,-78.31219024
2009-07-22,"VICHADA","CUMARIBO",334.16,"HECTAREA",4.262454746,-69.52140484
2009-07-23,"NARIÑO","OLAYA HERRERA",987.53,"HECTAREA",2.287856547,-78.31219024
2009-07-23,"VICHADA","CUMARIBO",288.65,"HECTAREA",4.262454746,-69.52140484
2009-07-24,"NARIÑO","MAGUI",490.18,"HECTAREA",1.906858429,-78.04473644
2009-07-25,"CAUCA","LOPEZ",500.23,"HECTAREA",2.95819877,-77.24212158
2009-07-25,"CAUCA","TIMBIQUI",223.91,"HECTAREA",2.699475127,-77.49131577
2009-07-26,"META","PUERTO CONCORDIA",91.65,"HECTAREA",2.752260112,-72.7210941
2009-07-26,"META","PUERTO LLERAS",63.49,"HECTAREA",3.193092925,-73.23671436
2009-07-27,"META","MAPIRIPAN",197.88,"HECTAREA",3.117523361,-71.93805692
2009-07-27,"NARIÑO","SAN ANDRES DE TUMACO",422.88,"HECTAREA",1.574550638,-78.61540963
2009-07-28,"META","SAN JUAN DE ARAMA",82.62,"HECTAREA",3.289851171,-73.81635243
2009-07-28,"NARIÑO","MAGUI",596.78,"HECTAREA",1.906858429,-78.04473644
2009-07-28,"NARIÑO","ROBERTO PAYAN",943.37,"HECTAREA",1.897581156,-78.3811163
2009-07-29,"GUAVIARE","SAN JOSE DEL GUAVIARE",76.84,"HECTAREA",2.484286091,-71.91916993
2009-07-29,"META","PUERTO RICO",10.21,"HECTAREA",2.758083657,-73.13780171
2009-07-30,"CAUCA","GUAPI",132.88,"HECTAREA",2.41326696,-77.69047531
2009-07-30,"CAUCA","LOPEZ",18.95,"HECTAREA",2.95819877,-77.24212158
2009-07-30,"CAUCA","TIMBIQUI",251.11,"HECTAREA",2.699475127,-77.49131577
2009-07-30,"GUAVIARE","CALAMAR",236.7,"HECTAREA",1.613634284,-73.0342639
2009-07-31,"GUAVIARE","CALAMAR",222.53,"HECTAREA",1.613634284,-73.0342639
2009-07-31,"NARIÑO","MAGUI",48.91,"HECTAREA",1.906858429,-78.04473644
2009-08-01,"GUAVIARE","CALAMAR",100.01,"HECTAREA",1.613634284,-73.0342639
2009-08-01,"GUAVIARE","SAN JOSE DEL GUAVIARE",203.53,"HECTAREA",2.484286091,-71.91916993
2009-08-02,"GUAVIARE","SAN JOSE DEL GUAVIARE",90.77,"HECTAREA",2.484286091,-71.91916993
2009-08-02,"META","PUERTO RICO",85.53,"HECTAREA",2.758083657,-73.13780171
2009-08-03,"NARIÑO","MAGUI",181.76,"HECTAREA",1.906858429,-78.04473644
2009-08-04,"CAUCA","GUAPI",107.62,"HECTAREA",2.41326696,-77.69047531
2009-08-04,"NARIÑO","EL CHARCO",27.17,"HECTAREA",2.216382295,-77.99533234
2009-08-07,"GUAVIARE","CALAMAR",198.34,"HECTAREA",1.613634284,-73.0342639
2009-08-08,"GUAVIARE","MIRAFLORES",65.59,"HECTAREA",1.363974932,-72.01810951
2009-08-08,"META","PUERTO LLERAS",22.97,"HECTAREA",3.193092925,-73.23671436
2009-08-08,"META","VISTAHERMOSA",19.59,"HECTAREA",2.811616698,-73.66652234
2009-08-09,"VICHADA","CUMARIBO",168.74,"HECTAREA",4.262454746,-69.52140484
2009-08-10,"GUAVIARE","MIRAFLORES",87.81,"HECTAREA",1.363974932,-72.01810951
2009-08-12,"NARIÑO","SAN ANDRES DE TUMACO",86.22,"HECTAREA",1.574550638,-78.61540963
2009-08-14,"GUAVIARE","MIRAFLORES",147.3,"HECTAREA",1.363974932,-72.01810951
2009-08-15,"META","PUERTO RICO",142.02,"HECTAREA",2.758083657,-73.13780171
2009-08-16,"GUAVIARE","SAN JOSE DEL GUAVIARE",141.52,"HECTAREA",2.484286091,-71.91916993
2009-08-16,"META","VISTAHERMOSA",123.24,"HECTAREA",2.811616698,-73.66652234
2009-08-17,"META","MAPIRIPAN",74.84,"HECTAREA",3.117523361,-71.93805692
2009-08-17,"NARIÑO","OLAYA HERRERA",374.71,"HECTAREA",2.287856547,-78.31219024
2009-08-18,"META","VISTAHERMOSA",212.6,"HECTAREA",2.811616698,-73.66652234
2009-08-18,"NARIÑO","MAGUI",290.66,"HECTAREA",1.906858429,-78.04473644
2009-08-19,"META","PUERTO RICO",109.13,"HECTAREA",2.758083657,-73.13780171
2009-08-20,"META","PUERTO RICO",25.75,"HECTAREA",2.758083657,-73.13780171
2009-08-20,"NARIÑO","ROBERTO PAYAN",73.28,"HECTAREA",1.897581156,-78.3811163
2009-08-22,"META","PUERTO RICO",250.7,"HECTAREA",2.758083657,-73.13780171
2009-08-22,"NARIÑO","MAGUI",33.35,"HECTAREA",1.906858429,-78.04473644
2009-08-24,"CAQUETÁ","MORELIA",269.15,"HECTAREA",1.38299611,-75.67381123
2009-08-24,"CAQUETÁ","PUERTO RICO",187.97,"HECTAREA",2.018940891,-75.07308627
2009-08-27,"CAUCA","PIAMONTE",212.63,"HECTAREA",1.054128816,-76.4443271
2009-08-27,"PUTUMAYO","PUERTO CAICEDO",127.9,"HECTAREA",0.70416861,-76.49864415
2009-08-27,"PUTUMAYO","PUERTO GUZMAN",115.25,"HECTAREA",0.746432215,-75.88022979
2009-08-28,"CAQUETÁ","PUERTO RICO",329.46,"HECTAREA",2.018940891,-75.07308627
2009-08-29,"CAQUETÁ","CARTAGENA DEL CHAIRA",67.73,"HECTAREA",0.647693081,-74.27235499
2009-08-30,"CAQUETÁ","CURILLO",138.65,"HECTAREA",1.115379292,-75.97328452
2009-08-30,"CAQUETÁ","PUERTO RICO",14.45,"HECTAREA",2.018940891,-75.07308627
2009-08-30,"CAQUETÁ","SOLANO",257.8,"HECTAREA",0.096131862,-72.32036402
2009-08-31,"CAUCA","LOPEZ",305.4,"HECTAREA",2.95819877,-77.24212158
2009-08-31,"PUTUMAYO","PUERTO ASIS",201.18,"HECTAREA",0.433884539,-76.52158203
2009-08-31,"PUTUMAYO","PUERTO CAICEDO",195.8,"HECTAREA",0.70416861,-76.49864415
2009-09-01,"CAQUETÁ","PUERTO RICO",245.34,"HECTAREA",2.018940891,-75.07308627
2009-09-01,"CAUCA","LOPEZ",223.9,"HECTAREA",2.95819877,-77.24212158
2009-09-02,"CAQUETÁ","SAN JOSE DEL FRAGUA",23.5,"HECTAREA",1.304702314,-76.11000594
2009-09-03,"PUTUMAYO","PUERTO GUZMAN",175.16,"HECTAREA",0.746432215,-75.88022979
2009-09-04,"CAUCA","TIMBIQUI",416.18,"HECTAREA",2.699475127,-77.49131577
2009-09-04,"PUTUMAYO","ORITO",164.47,"HECTAREA",0.673756323,-76.94313923
2009-09-05,"CAQUETÁ","PUERTO RICO",107.05,"HECTAREA",2.018940891,-75.07308627
2009-09-06,"CAQUETÁ","MILAN",156.77,"HECTAREA",1.146692554,-75.38664764
2009-09-06,"CAQUETÁ","SAN JOSE DEL FRAGUA",178.85,"HECTAREA",1.304702314,-76.11000594
2009-09-06,"CAQUETÁ","VALPARAISO",88.41,"HECTAREA",1.07534915,-75.73779004
2009-09-06,"CAUCA","LOPEZ",137.45,"HECTAREA",2.95819877,-77.24212158
2009-09-07,"CAQUETÁ","CARTAGENA DEL CHAIRA",45.43,"HECTAREA",0.647693081,-74.27235499
2009-09-07,"CAUCA","LOPEZ",101.22,"HECTAREA",2.95819877,-77.24212158
2009-09-08,"CAQUETÁ","SOLITA",24.48,"HECTAREA",0.943939454,-75.64668544
2009-09-08,"PUTUMAYO","PUERTO GUZMAN",15.55,"HECTAREA",0.746432215,-75.88022979
2009-09-10,"CAQUETÁ","SOLITA",38.15,"HECTAREA",0.943939454,-75.64668544
2009-09-10,"NARIÑO","MAGUI",228.69,"HECTAREA",1.906858429,-78.04473644
2009-09-11,"NARIÑO","SAN ANDRES DE TUMACO",121.76,"HECTAREA",1.574550638,-78.61540963
2009-09-11,"PUTUMAYO","ORITO",495.22,"HECTAREA",0.673756323,-76.94313923
2009-09-13,"NARIÑO","BARBACOAS",186.55,"HECTAREA",1.44563774,-78.15621072
2009-09-13,"PUTUMAYO","PUERTO GUZMAN",548.15,"HECTAREA",0.746432215,-75.88022979
2009-09-15,"CAQUETÁ","SAN JOSE DEL FRAGUA",137.25,"HECTAREA",1.304702314,-76.11000594
2009-09-15,"PUTUMAYO","ORITO",203.15,"HECTAREA",0.673756323,-76.94313923
2009-09-15,"PUTUMAYO","PUERTO ASIS",135.8,"HECTAREA",0.433884539,-76.52158203
2009-09-15,"PUTUMAYO","PUERTO CAICEDO",162.57,"HECTAREA",0.70416861,-76.49864415
2009-09-15,"PUTUMAYO","PUERTO GUZMAN",103.87,"HECTAREA",0.746432215,-75.88022979
2009-09-15,"PUTUMAYO","VILLAGARZON",68.97,"HECTAREA",0.911149515,-76.74495447
2009-09-16,"CAQUETÁ","CARTAGENA DEL CHAIRA",228.43,"HECTAREA",0.647693081,-74.27235499
2009-09-16,"CAQUETÁ","SAN VICENTE DEL CAGUAN",200.01,"HECTAREA",1.308465061,-74.19746971
2009-09-18,"CAUCA","PIAMONTE",135.41,"HECTAREA",1.054128816,-76.4443271
2009-09-18,"PUTUMAYO","VILLAGARZON",73.47,"HECTAREA",0.911149515,-76.74495447
2009-09-19,"PUTUMAYO","ORITO",56.12,"HECTAREA",0.673756323,-76.94313923
2009-09-19,"PUTUMAYO","PUERTO ASIS",112.46,"HECTAREA",0.433884539,-76.52158203
2009-09-19,"PUTUMAYO","VALLE DEL GUAMUEZ",159.61,"HECTAREA",0.42012589,-76.77067026
2009-09-20,"CAQUETÁ","EL DONCELLO",36.4,"HECTAREA",1.713734697,-75.26878109
2009-09-21,"ANTIOQUIA","NECHI",153.05,"HECTAREA",7.983477394,-74.65844186
2009-09-21,"CAQUETÁ","CARTAGENA DEL CHAIRA",122.78,"HECTAREA",0.647693081,-74.27235499
2009-09-22,"ANTIOQUIA","EL BAGRE",102.75,"HECTAREA",7.704633351,-74.66427726
2009-09-23,"PUTUMAYO","PUERTO GUZMAN",298.86,"HECTAREA",0.746432215,-75.88022979
2009-09-23,"PUTUMAYO","LEGUIZAMO",99.47,"HECTAREA",0.05947197,-75.06479327
2009-09-24,"ANTIOQUIA","CACERES",241.24,"HECTAREA",7.665155105,-75.22369744
2009-09-24,"ANTIOQUIA","TARAZA",49.63,"HECTAREA",7.488875998,-75.40189438
2009-09-24,"PUTUMAYO","PUERTO GUZMAN",76.25,"HECTAREA",0.746432215,-75.88022979
2009-09-24,"PUTUMAYO","VILLAGARZON",112.81,"HECTAREA",0.911149515,-76.74495447
2009-09-25,"BOLÍVAR","SAN JACINTO DEL CAUCA",199.63,"HECTAREA",8.212463202,-74.75082
2009-09-25,"CAQUETÁ","CARTAGENA DEL CHAIRA",55.71,"HECTAREA",0.647693081,-74.27235499
2009-09-26,"ANTIOQUIA","EL BAGRE",141.33,"HECTAREA",7.704633351,-74.66427726
2009-09-26,"BOLÍVAR","ACHI",81.17,"HECTAREA",8.622943262,-74.47805945
2009-09-26,"CAQUETÁ","SOLANO",57.39,"HECTAREA",0.096131862,-72.32036402
2009-09-26,"CÓRDOBA","MONTELIBANO",97.93,"HECTAREA",7.866432635,-75.87533926
2009-09-27,"ANTIOQUIA","EL BAGRE",103.47,"HECTAREA",7.704633351,-74.66427726
2009-09-27,"CAQUETÁ","SOLANO",214.84,"HECTAREA",0.096131862,-72.32036402
2009-09-28,"ANTIOQUIA","ANORI",108.71,"HECTAREA",7.193110778,-75.10848954
2009-09-28,"CAQUETÁ","EL DONCELLO",88.05,"HECTAREA",1.713734697,-75.26878109
2009-09-28,"CÓRDOBA","MONTELIBANO",222.72,"HECTAREA",7.866432635,-75.87533926
2009-09-29,"ANTIOQUIA","ANORI",217.66,"HECTAREA",7.193110778,-75.10848954
2009-09-29,"ANTIOQUIA","NECHI",219.8,"HECTAREA",7.983477394,-74.65844186
2009-09-29,"CAQUETÁ","LA MONTAÑITA",291.31,"HECTAREA",1.302860442,-75.23572732
2009-09-30,"CAQUETÁ","SOLANO",424.09,"HECTAREA",0.096131862,-72.32036402
2009-09-30,"CÓRDOBA","PUERTO LIBERTADOR",145.51,"HECTAREA",7.711515736,-75.77123224
2009-10-01,"CAQUETÁ","SOLANO",191.58,"HECTAREA",0.096131862,-72.32036402
2009-10-02,"ANTIOQUIA","EL BAGRE",63.13,"HECTAREA",7.704633351,-74.66427726
2009-10-02,"ANTIOQUIA","TARAZA",204.71,"HECTAREA",7.488875998,-75.40189438
2009-10-03,"ANTIOQUIA","EL BAGRE",162.9,"HECTAREA",7.704633351,-74.66427726
2009-10-03,"CAQUETÁ","CARTAGENA DEL CHAIRA",206.39,"HECTAREA",0.647693081,-74.27235499
2009-10-04,"ANTIOQUIA","TARAZA",106.36,"HECTAREA",7.488875998,-75.40189438
2009-10-04,"CAQUETÁ","CURILLO",76.67,"HECTAREA",1.115379292,-75.97328452
2009-10-04,"CAQUETÁ","SAN JOSE DEL FRAGUA",77.69,"HECTAREA",1.304702314,-76.11000594
2009-10-04,"CAQUETÁ","SOLANO",136.3,"HECTAREA",0.096131862,-72.32036402
2009-10-04,"CAUCA","PIAMONTE",82.27,"HECTAREA",1.054128816,-76.4443271
2009-10-05,"ANTIOQUIA","TARAZA",134.65,"HECTAREA",7.488875998,-75.40189438
2009-10-05,"ANTIOQUIA","ZARAGOZA",112.24,"HECTAREA",7.474004006,-74.85848326
2009-10-06,"CAQUETÁ","MILAN",187.79,"HECTAREA",1.146692554,-75.38664764
2009-10-09,"CAQUETÁ","CARTAGENA DEL CHAIRA",157,"HECTAREA",0.647693081,-74.27235499
2009-10-09,"CAQUETÁ","SAN VICENTE DEL CAGUAN",81.69,"HECTAREA",1.308465061,-74.19746971
2009-10-09,"CÓRDOBA","PUERTO LIBERTADOR",83.54,"HECTAREA",7.711515736,-75.77123224
2009-10-10,"CAQUETÁ","CARTAGENA DEL CHAIRA",184.93,"HECTAREA",0.647693081,-74.27235499
2009-10-12,"ANTIOQUIA","CACERES",152.16,"HECTAREA",7.665155105,-75.22369744
2009-10-12,"ANTIOQUIA","TARAZA",85.44,"HECTAREA",7.488875998,-75.40189438
2009-10-12,"CAQUETÁ","SAN VICENTE DEL CAGUAN",186.47,"HECTAREA",1.308465061,-74.19746971
2009-10-13,"CAQUETÁ","EL PAUJIL",39.58,"HECTAREA",1.476630016,-75.20231825
2009-10-13,"CAQUETÁ","LA MONTAÑITA",9.31,"HECTAREA",1.302860442,-75.23572732
2009-10-14,"ANTIOQUIA","CACERES",75.66,"HECTAREA",7.665155105,-75.22369744
2009-10-14,"ANTIOQUIA","TARAZA",44.24,"HECTAREA",7.488875998,-75.40189438
2009-10-14,"CAQUETÁ","CARTAGENA DEL CHAIRA",182.74,"HECTAREA",0.647693081,-74.27235499
2009-10-15,"CAQUETÁ","CARTAGENA DEL CHAIRA",44.94,"HECTAREA",0.647693081,-74.27235499
2009-10-16,"CAQUETÁ","CARTAGENA DEL CHAIRA",135.24,"HECTAREA",0.647693081,-74.27235499
2009-10-17,"CAQUETÁ","SAN VICENTE DEL CAGUAN",270.9,"HECTAREA",1.308465061,-74.19746971
2009-10-18,"ANTIOQUIA","CACERES",109.75,"HECTAREA",7.665155105,-75.22369744
2009-10-18,"ANTIOQUIA","SEGOVIA",104.93,"HECTAREA",7.26692339,-74.62163926
2009-10-18,"CAQUETÁ","MILAN",184.82,"HECTAREA",1.146692554,-75.38664764
2009-10-19,"CAQUETÁ","SOLANO",268.79,"HECTAREA",0.096131862,-72.32036402
2009-10-20,"PUTUMAYO","LEGUIZAMO",13.54,"HECTAREA",0.05947197,-75.06479327
2009-10-21,"CAQUETÁ","FLORENCIA",61.11,"HECTAREA",1.749138704,-75.55823906
2009-10-22,"BOLÍVAR","ACHI",146.18,"HECTAREA",8.622943262,-74.47805945
2009-10-23,"CÓRDOBA","TIERRALTA",88.31,"HECTAREA",7.813896829,-76.16846678
2009-10-24,"ANTIOQUIA","TARAZA",472.64,"HECTAREA",7.488875998,-75.40189438
2009-10-25,"BOLÍVAR","MONTECRISTO",110.57,"HECTAREA",8.01710024,-74.46342911
2009-10-25,"BOLÍVAR","SAN JACINTO DEL CAUCA",51.86,"HECTAREA",8.212463202,-74.75082
2009-10-26,"BOLÍVAR","MONTECRISTO",328.02,"HECTAREA",8.01710024,-74.46342911
2009-10-26,"CAUCA","BALBOA",141.07,"HECTAREA",2.084732945,-77.2088133
2009-10-26,"NARIÑO","LEIVA",25.74,"HECTAREA",1.900862361,-77.31220073
2009-10-27,"CAUCA","BOLIVAR",21.93,"HECTAREA",1.853951938,-76.96337454
2009-10-27,"CAUCA","PATIA",81.57,"HECTAREA",2.157983906,-77.0465762
2009-10-28,"ANTIOQUIA","TARAZA",285.63,"HECTAREA",7.488875998,-75.40189438
2009-10-28,"CAUCA","EL TAMBO",28.95,"HECTAREA",2.534488312,-77.00511207
2009-10-28,"CAUCA","PATIA",50.69,"HECTAREA",2.157983906,-77.0465762
2009-10-30,"ANTIOQUIA","TARAZA",303.1,"HECTAREA",7.488875998,-75.40189438
2009-10-30,"CAUCA","BOLIVAR",153.35,"HECTAREA",1.853951938,-76.96337454
2009-11-01,"ANTIOQUIA","EL BAGRE",239.87,"HECTAREA",7.704633351,-74.66427726
2009-11-02,"ANTIOQUIA","VALDIVIA",243.86,"HECTAREA",7.265404213,-75.40094502
2009-11-02,"CAUCA","ARGELIA",85.33,"HECTAREA",2.329337283,-77.26314906
2009-11-03,"CAUCA","MERCADERES",136.03,"HECTAREA",1.793825164,-77.18060381
2009-11-04,"CAUCA","PATIA",131.25,"HECTAREA",2.157983906,-77.0465762
2009-11-08,"SANTANDER","CIMITARRA",22.85,"HECTAREA",6.40972961,-74.17030427
2009-11-08,"SANTANDER","LANDAZURI",16.72,"HECTAREA",6.385234814,-73.78760899
2009-11-09,"CAUCA","BOLIVAR",101.36,"HECTAREA",1.853951938,-76.96337454
2009-11-11,"CAUCA","MERCADERES",55.61,"HECTAREA",1.793825164,-77.18060381
2009-11-11,"SANTANDER","CIMITARRA",47.87,"HECTAREA",6.40972961,-74.17030427
2009-11-12,"CAUCA","MERCADERES",119.26,"HECTAREA",1.793825164,-77.18060381
2009-11-14,"CAUCA","MERCADERES",73.51,"HECTAREA",1.793825164,-77.18060381
2009-11-14,"NARIÑO","LEIVA",5.71,"HECTAREA",1.900862361,-77.31220073
2009-11-14,"NORTE DE SANTANDER","CACHIRA",36.17,"HECTAREA",7.684188896,-73.12939481
2009-11-14,"NORTE DE SANTANDER","LA ESPERANZA",12.22,"HECTAREA",7.695233593,-73.36139672
2009-11-16,"CAUCA","BOLIVAR",83.31,"HECTAREA",1.853951938,-76.96337454
2009-11-16,"CAUCA","PATIA",35.49,"HECTAREA",2.157983906,-77.0465762
2009-11-16,"SANTANDER","CIMITARRA",6.04,"HECTAREA",6.40972961,-74.17030427
2009-11-17,"SANTANDER","BOLIVAR",48.08,"HECTAREA",6.181715586,-73.92065703
2009-11-17,"SANTANDER","EL PEÑON",49.15,"HECTAREA",6.123389691,-74.00040397
2009-11-18,"ANTIOQUIA","YONDO",34.51,"HECTAREA",6.925159318,-74.15824041
2009-11-18,"BOLÍVAR","CANTAGALLO",16.43,"HECTAREA",7.239229146,-74.10014043
2009-11-19,"BOLÍVAR","CANTAGALLO",595.87,"HECTAREA",7.239229146,-74.10014043
2009-11-19,"BOLÍVAR","SAN PABLO",193.41,"HECTAREA",7.507922612,-74.10356977
2009-11-20,"BOLÍVAR","CANTAGALLO",255.56,"HECTAREA",7.239229146,-74.10014043
2009-11-20,"BOLÍVAR","SAN PABLO",257.03,"HECTAREA",7.507922612,-74.10356977
2009-11-20,"BOLÍVAR","SANTA ROSA DEL SUR",44.05,"HECTAREA",7.772519173,-74.26272843
2009-11-20,"BOLÍVAR","SIMITI",109.9,"HECTAREA",7.851315534,-73.98371609
2009-11-20,"NARIÑO","FRANCISCO PIZARRO",55.97,"HECTAREA",2.088531925,-78.59193099
2009-11-20,"NARIÑO","SAN ANDRES DE TUMACO",105.75,"HECTAREA",1.574550638,-78.61540963
2009-11-21,"BOLÍVAR","CANTAGALLO",477.22,"HECTAREA",7.239229146,-74.10014043
2009-11-21,"BOLÍVAR","SANTA ROSA DEL SUR",298.45,"HECTAREA",7.772519173,-74.26272843
2009-11-23,"NARIÑO","EL CHARCO",320.31,"HECTAREA",2.216382295,-77.99533234
2009-11-25,"NARIÑO","EL CHARCO",165.09,"HECTAREA",2.216382295,-77.99533234
2009-11-26,"NARIÑO","EL CHARCO",180.93,"HECTAREA",2.216382295,-77.99533234
2009-11-26,"NARIÑO","SAN ANDRES DE TUMACO",265.02,"HECTAREA",1.574550638,-78.61540963
2009-11-27,"ANTIOQUIA","SAN LUIS",239.06,"HECTAREA",6.024205956,-75.0076674
2009-11-27,"NARIÑO","MAGUI",579.11,"HECTAREA",1.906858429,-78.04473644
2009-11-28,"ANTIOQUIA","SAN FRANCISCO",98.65,"HECTAREA",5.840093731,-74.98176334
2009-11-28,"ANTIOQUIA","SONSON",97.81,"HECTAREA",5.826388779,-74.83637623
2009-11-28,"NARIÑO","EL CHARCO",606.02,"HECTAREA",2.216382295,-77.99533234
2009-11-29,"NARIÑO","BARBACOAS",337.93,"HECTAREA",1.44563774,-78.15621072
2009-11-29,"NARIÑO","EL CHARCO",332.04,"HECTAREA",2.216382295,-77.99533234
2009-11-29,"NARIÑO","MAGUI",352.77,"HECTAREA",1.906858429,-78.04473644
2009-11-30,"BOLÍVAR","MONTECRISTO",161.14,"HECTAREA",8.01710024,-74.46342911
2009-11-30,"BOLÍVAR","SANTA ROSA DEL SUR",192.25,"HECTAREA",7.772519173,-74.26272843
2009-11-30,"NARIÑO","EL CHARCO",332.06,"HECTAREA",2.216382295,-77.99533234
2009-11-30,"NARIÑO","MAGUI",341.35,"HECTAREA",1.906858429,-78.04473644
2009-12-01,"BOLÍVAR","MORALES",118.16,"HECTAREA",8.253700061,-73.9713459
2009-12-01,"BOLÍVAR","SAN PABLO",99.77,"HECTAREA",7.507922612,-74.10356977
2009-12-01,"BOLÍVAR","SANTA ROSA DEL SUR",318.9,"HECTAREA",7.772519173,-74.26272843
2009-12-01,"BOLÍVAR","SIMITI",50.16,"HECTAREA",7.851315534,-73.98371609
2009-12-01,"NARIÑO","SAN ANDRES DE TUMACO",357.66,"HECTAREA",1.574550638,-78.61540963
2009-12-02,"BOLÍVAR","RIO VIEJO",349.22,"HECTAREA",8.559982465,-73.90298668
2009-12-02,"BOLÍVAR","TIQUISIO",50.65,"HECTAREA",8.492345176,-74.29676139
2009-12-02,"NARIÑO","BARBACOAS",123.36,"HECTAREA",1.44563774,-78.15621072
2009-12-02,"NARIÑO","EL CHARCO",95.88,"HECTAREA",2.216382295,-77.99533234
2009-12-02,"NARIÑO","MAGUI",312.4,"HECTAREA",1.906858429,-78.04473644
2009-12-03,"NARIÑO","ROBERTO PAYAN",224.54,"HECTAREA",1.897581156,-78.3811163
2009-12-04,"BOLÍVAR","CANTAGALLO",38.13,"HECTAREA",7.239229146,-74.10014043
2009-12-04,"BOLÍVAR","SAN PABLO",38.65,"HECTAREA",7.507922612,-74.10356977
2009-12-04,"NARIÑO","MAGUI",254.68,"HECTAREA",1.906858429,-78.04473644
2009-12-05,"BOLÍVAR","BARRANCO DE LOBA",73.4,"HECTAREA",8.837077654,-74.27966531
2009-12-05,"SANTANDER","BOLIVAR",22.97,"HECTAREA",6.181715586,-73.92065703
2009-12-06,"NARIÑO","SAN ANDRES DE TUMACO",525.85,"HECTAREA",1.574550638,-78.61540963
2009-12-08,"BOLÍVAR","ALTOS DEL ROSARIO",29.78,"HECTAREA",8.757468863,-74.19515811
2009-12-08,"BOLÍVAR","RIO VIEJO",21.62,"HECTAREA",8.559982465,-73.90298668
2009-12-08,"BOLÍVAR","TIQUISIO",60.34,"HECTAREA",8.492345176,-74.29676139
2009-12-09,"BOLÍVAR","MORALES",66.76,"HECTAREA",8.253700061,-73.9713459
2009-12-09,"BOLÍVAR","SIMITI",18.21,"HECTAREA",7.851315534,-73.98371609
2009-12-09,"NARIÑO","SAN ANDRES DE TUMACO",251.06,"HECTAREA",1.574550638,-78.61540963
2009-12-10,"NARIÑO","SAN ANDRES DE TUMACO",327.99,"HECTAREA",1.574550638,-78.61540963
2009-12-13,"NARIÑO","SAN ANDRES DE TUMACO",80.76,"HECTAREA",1.574550638,-78.61540963
2009-12-16,"BOLÍVAR","MONTECRISTO",15.33,"HECTAREA",8.01710024,-74.46342911
2009-12-16,"BOLÍVAR","MORALES",34.36,"HECTAREA",8.253700061,-73.9713459
2009-12-16,"BOLÍVAR","TIQUISIO",36.04,"HECTAREA",8.492345176,-74.29676139
2009-12-17,"NARIÑO","EL CHARCO",57.67,"HECTAREA",2.216382295,-77.99533234
2009-12-21,"NARIÑO","EL CHARCO",305.6,"HECTAREA",2.216382295,-77.99533234
2009-12-22,"GUAVIARE","SAN JOSE DEL GUAVIARE",139.13,"HECTAREA",2.484286091,-71.91916993
2009-12-22,"META","MAPIRIPAN",119.78,"HECTAREA",3.117523361,-71.93805692
2009-12-22,"META","PUERTO CONCORDIA",64.04,"HECTAREA",2.752260112,-72.7210941
2009-12-22,"NARIÑO","EL CHARCO",227.98,"HECTAREA",2.216382295,-77.99533234
2009-12-23,"GUAVIARE","SAN JOSE DEL GUAVIARE",207.8,"HECTAREA",2.484286091,-71.91916993
2009-12-23,"NARIÑO","ROBERTO PAYAN",273.08,"HECTAREA",1.897581156,-78.3811163
2009-12-27,"GUAVIARE","EL RETORNO",60.48,"HECTAREA",2.143447362,-72.24364869
2009-12-28,"NARIÑO","BARBACOAS",256.86,"HECTAREA",1.44563774,-78.15621072
2009-12-28,"NARIÑO","EL CHARCO",143.52,"HECTAREA",2.216382295,-77.99533234
2009-12-28,"NARIÑO","MAGUI",103.2,"HECTAREA",1.906858429,-78.04473644
2009-12-29,"GUAVIARE","EL RETORNO",105.6,"HECTAREA",2.143447362,-72.24364869
2009-12-29,"NARIÑO","EL CHARCO",322.35,"HECTAREA",2.216382295,-77.99533234
2009-12-30,"GUAVIARE","EL RETORNO",213.19,"HECTAREA",2.143447362,-72.24364869
2009-12-31,"GUAVIARE","SAN JOSE DEL GUAVIARE",124.43,"HECTAREA",2.484286091,-71.91916993
2009-12-31,"NARIÑO","EL CHARCO",190.99,"HECTAREA",2.216382295,-77.99533234
2009-12-31,"NARIÑO","OLAYA HERRERA",163.92,"HECTAREA",2.287856547,-78.31219024
2009-12-31,"NARIÑO","SAN ANDRES DE TUMACO",44.44,"HECTAREA",1.574550638,-78.61540963
2010-01-01,"GUAVIARE","EL RETORNO",45.82,"HECTAREA",2.143447362,-72.24364869
2010-01-01,"GUAVIARE","SAN JOSE DEL GUAVIARE",30.09,"HECTAREA",2.484286091,-71.91916993
2010-01-01,"NARIÑO","BARBACOAS",145.47,"HECTAREA",1.44563774,-78.15621072
2010-01-01,"NARIÑO","EL CHARCO",156.36,"HECTAREA",2.216382295,-77.99533234
2010-01-01,"NARIÑO","SAN ANDRES DE TUMACO",76.19,"HECTAREA",1.574550638,-78.61540963
2010-01-01,"NARIÑO","SANTA BARBARA",87.73,"HECTAREA",2.494420411,-77.98256461
2010-01-02,"GUAVIARE","SAN JOSE DEL GUAVIARE",167.3,"HECTAREA",2.484286091,-71.91916993
2010-01-02,"NARIÑO","OLAYA HERRERA",251.26,"HECTAREA",2.287856547,-78.31219024
2010-01-03,"GUAVIARE","SAN JOSE DEL GUAVIARE",136.16,"HECTAREA",2.484286091,-71.91916993
2010-01-04,"GUAVIARE","SAN JOSE DEL GUAVIARE",139.35,"HECTAREA",2.484286091,-71.91916993
2010-01-04,"NARIÑO","EL CHARCO",75.07,"HECTAREA",2.216382295,-77.99533234
2010-01-04,"NARIÑO","MOSQUERA",159.87,"HECTAREA",2.442493698,-78.438827
2010-01-04,"NARIÑO","OLAYA HERRERA",83.51,"HECTAREA",2.287856547,-78.31219024
2010-01-04,"NARIÑO","SAN ANDRES DE TUMACO",83.92,"HECTAREA",1.574550638,-78.61540963
2010-01-04,"NARIÑO","SANTA BARBARA",60.66,"HECTAREA",2.494420411,-77.98256461
2010-01-05,"CAUCA","GUAPI",169.49,"HECTAREA",2.41326696,-77.69047531
2010-01-05,"GUAVIARE","SAN JOSE DEL GUAVIARE",231.67,"HECTAREA",2.484286091,-71.91916993
2010-01-05,"NARIÑO","EL CHARCO",196.32,"HECTAREA",2.216382295,-77.99533234
2010-01-05,"NARIÑO","FRANCISCO PIZARRO",79.95,"HECTAREA",2.088531925,-78.59193099
2010-01-05,"NARIÑO","SANTA BARBARA",138.97,"HECTAREA",2.494420411,-77.98256461
2010-01-06,"GUAVIARE","SAN JOSE DEL GUAVIARE",318.3,"HECTAREA",2.484286091,-71.91916993
2010-01-06,"NARIÑO","EL CHARCO",80.12,"HECTAREA",2.216382295,-77.99533234
2010-01-06,"NARIÑO","SAN ANDRES DE TUMACO",45.04,"HECTAREA",1.574550638,-78.61540963
2010-01-07,"GUAVIARE","SAN JOSE DEL GUAVIARE",194.21,"HECTAREA",2.484286091,-71.91916993
2010-01-08,"GUAVIARE","SAN JOSE DEL GUAVIARE",7.76,"HECTAREA",2.484286091,-71.91916993
2010-01-08,"META","MAPIRIPAN",158.69,"HECTAREA",3.117523361,-71.93805692
2010-01-09,"GUAVIARE","SAN JOSE DEL GUAVIARE",206.38,"HECTAREA",2.484286091,-71.91916993
2010-01-09,"NARIÑO","OLAYA HERRERA",255.35,"HECTAREA",2.287856547,-78.31219024
2010-01-10,"CAUCA","GUAPI",345.66,"HECTAREA",2.41326696,-77.69047531
2010-01-10,"CAUCA","TIMBIQUI",158.73,"HECTAREA",2.699475127,-77.49131577
2010-01-10,"GUAVIARE","SAN JOSE DEL GUAVIARE",213.48,"HECTAREA",2.484286091,-71.91916993
2010-01-10,"NARIÑO","SANTA BARBARA",162.33,"HECTAREA",2.494420411,-77.98256461
2010-01-11,"GUAVIARE","SAN JOSE DEL GUAVIARE",223.78,"HECTAREA",2.484286091,-71.91916993
2010-01-12,"CAUCA","GUAPI",402.06,"HECTAREA",2.41326696,-77.69047531
2010-01-12,"CAUCA","TIMBIQUI",221.87,"HECTAREA",2.699475127,-77.49131577
2010-01-12,"GUAVIARE","SAN JOSE DEL GUAVIARE",3.13,"HECTAREA",2.484286091,-71.91916993
2010-01-12,"META","MAPIRIPAN",101.82,"HECTAREA",3.117523361,-71.93805692
2010-01-12,"NARIÑO","SANTA BARBARA",323.58,"HECTAREA",2.494420411,-77.98256461
2010-01-13,"CAUCA","GUAPI",50.25,"HECTAREA",2.41326696,-77.69047531
2010-01-13,"GUAVIARE","SAN JOSE DEL GUAVIARE",114.14,"HECTAREA",2.484286091,-71.91916993
2010-01-13,"NARIÑO","SANTA BARBARA",415.55,"HECTAREA",2.494420411,-77.98256461
2010-01-14,"GUAVIARE","EL RETORNO",134.74,"HECTAREA",2.143447362,-72.24364869
2010-01-15,"CAUCA","GUAPI",420.7,"HECTAREA",2.41326696,-77.69047531
2010-01-15,"CAUCA","TIMBIQUI",309.05,"HECTAREA",2.699475127,-77.49131577
2010-01-15,"GUAVIARE","CALAMAR",137.65,"HECTAREA",1.613634284,-73.0342639
2010-01-16,"GUAVIARE","CALAMAR",154.83,"HECTAREA",1.613634284,-73.0342639
2010-01-17,"GUAVIARE","CALAMAR",186.42,"HECTAREA",1.613634284,-73.0342639
2010-01-17,"GUAVIARE","SAN JOSE DEL GUAVIARE",177.77,"HECTAREA",2.484286091,-71.91916993
2010-01-18,"GUAVIARE","SAN JOSE DEL GUAVIARE",391.45,"HECTAREA",2.484286091,-71.91916993
2010-01-18,"NARIÑO","EL CHARCO",192.94,"HECTAREA",2.216382295,-77.99533234
2010-01-19,"NARIÑO","EL CHARCO",144.71,"HECTAREA",2.216382295,-77.99533234
2010-01-20,"GUAVIARE","EL RETORNO",400.9,"HECTAREA",2.143447362,-72.24364869
2010-01-20,"NARIÑO","OLAYA HERRERA",272.21,"HECTAREA",2.287856547,-78.31219024
2010-01-21,"GUAVIARE","CALAMAR",79.55,"HECTAREA",1.613634284,-73.0342639
2010-01-21,"GUAVIARE","EL RETORNO",138.36,"HECTAREA",2.143447362,-72.24364869
2010-01-21,"NARIÑO","LA TOLA",96.81,"HECTAREA",2.56027333,-78.23506694
2010-01-22,"GUAVIARE","MIRAFLORES",663.2,"HECTAREA",1.363974932,-72.01810951
2010-01-22,"NARIÑO","EL CHARCO",187.04,"HECTAREA",2.216382295,-77.99533234
2010-01-23,"GUAVIARE","SAN JOSE DEL GUAVIARE",110.42,"HECTAREA",2.484286091,-71.91916993
2010-01-24,"CAUCA","GUAPI",285.65,"HECTAREA",2.41326696,-77.69047531
2010-01-24,"GUAVIARE","MIRAFLORES",349.81,"HECTAREA",1.363974932,-72.01810951
2010-01-25,"CAUCA","TIMBIQUI",644.99,"HECTAREA",2.699475127,-77.49131577
2010-01-25,"GUAVIARE","SAN JOSE DEL GUAVIARE",29.81,"HECTAREA",2.484286091,-71.91916993
2010-01-26,"CAUCA","TIMBIQUI",631.41,"HECTAREA",2.699475127,-77.49131577
2010-01-26,"GUAVIARE","SAN JOSE DEL GUAVIARE",139.63,"HECTAREA",2.484286091,-71.91916993
2010-01-26,"META","MAPIRIPAN",163.8,"HECTAREA",3.117523361,-71.93805692
2010-01-27,"GUAVIARE","MIRAFLORES",341.51,"HECTAREA",1.363974932,-72.01810951
2010-01-28,"GUAVIARE","MIRAFLORES",98.57,"HECTAREA",1.363974932,-72.01810951
2010-01-29,"GUAVIARE","MIRAFLORES",169.18,"HECTAREA",1.363974932,-72.01810951
2010-01-30,"META","MAPIRIPAN",136.38,"HECTAREA",3.117523361,-71.93805692
2010-01-31,"CAUCA","TIMBIQUI",499.79,"HECTAREA",2.699475127,-77.49131577
2010-01-31,"GUAVIARE","MIRAFLORES",146.54,"HECTAREA",1.363974932,-72.01810951
2010-02-01,"META","MAPIRIPAN",403.27,"HECTAREA",3.117523361,-71.93805692
2010-02-02,"META","MAPIRIPAN",151,"HECTAREA",3.117523361,-71.93805692
2010-02-04,"GUAVIARE","MIRAFLORES",196.64,"HECTAREA",1.363974932,-72.01810951
2010-02-05,"META","PUERTO RICO",146.57,"HECTAREA",2.758083657,-73.13780171
2010-02-05,"META","VISTAHERMOSA",104.63,"HECTAREA",2.811616698,-73.66652234
2010-02-07,"NARIÑO","BARBACOAS",889.58,"HECTAREA",1.44563774,-78.15621072
2010-02-07,"NARIÑO","MAGUI",89.38,"HECTAREA",1.906858429,-78.04473644
2010-02-08,"CAUCA","TIMBIQUI",167.3,"HECTAREA",2.699475127,-77.49131577
2010-02-08,"CAUCA","TORIBIO",475.86,"HECTAREA",2.975771999,-76.20331566
2010-02-08,"GUAVIARE","EL RETORNO",76.28,"HECTAREA",2.143447362,-72.24364869
2010-02-08,"META","PUERTO RICO",65.52,"HECTAREA",2.758083657,-73.13780171
2010-02-09,"NARIÑO","BARBACOAS",181.81,"HECTAREA",1.44563774,-78.15621072
2010-02-09,"NARIÑO","CUMBITARA",261.64,"HECTAREA",1.72559011,-77.59281637
2010-02-09,"NARIÑO","EL CHARCO",68.37,"HECTAREA",2.216382295,-77.99533234
2010-02-09,"NARIÑO","POLICARPA",227.52,"HECTAREA",1.735354202,-77.48134359
2010-02-10,"GUAVIARE","SAN JOSE DEL GUAVIARE",55.08,"HECTAREA",2.484286091,-71.91916993
2010-02-11,"META","PUERTO RICO",102.82,"HECTAREA",2.758083657,-73.13780171
2010-02-12,"GUAVIARE","CALAMAR",137.19,"HECTAREA",1.613634284,-73.0342639
2010-02-12,"GUAVIARE","EL RETORNO",272.97,"HECTAREA",2.143447362,-72.24364869
2010-02-13,"CAUCA","TORIBIO",515.22,"HECTAREA",2.975771999,-76.20331566
2010-02-13,"GUAVIARE","MIRAFLORES",483.21,"HECTAREA",1.363974932,-72.01810951
2010-02-14,"CAUCA","TORIBIO",299.03,"HECTAREA",2.975771999,-76.20331566
2010-02-14,"GUAVIARE","MIRAFLORES",632.02,"HECTAREA",1.363974932,-72.01810951
2010-02-15,"META","PUERTO GAITAN",71.8,"HECTAREA",4.005034467,-71.63157429
2010-02-16,"GUAVIARE","SAN JOSE DEL GUAVIARE",266.81,"HECTAREA",2.484286091,-71.91916993
2010-02-16,"META","PUERTO RICO",119.23,"HECTAREA",2.758083657,-73.13780171
2010-02-17,"GUAVIARE","MIRAFLORES",322.75,"HECTAREA",1.363974932,-72.01810951
2010-02-18,"CAUCA","GUAPI",149.38,"HECTAREA",2.41326696,-77.69047531
2010-02-18,"GUAVIARE","SAN JOSE DEL GUAVIARE",434.09,"HECTAREA",2.484286091,-71.91916993
2010-02-21,"META","VISTAHERMOSA",287.68,"HECTAREA",2.811616698,-73.66652234
2010-02-22,"CAUCA","LOPEZ",101.46,"HECTAREA",2.95819877,-77.24212158
2010-02-22,"CAUCA","TIMBIQUI",60.2,"HECTAREA",2.699475127,-77.49131577
2010-02-22,"META","PUERTO LLERAS",25.22,"HECTAREA",3.193092925,-73.23671436
2010-02-22,"META","VISTAHERMOSA",105.99,"HECTAREA",2.811616698,-73.66652234
2010-02-24,"META","MAPIRIPAN",104.61,"HECTAREA",3.117523361,-71.93805692
2010-02-25,"NARIÑO","EL CHARCO",97.32,"HECTAREA",2.216382295,-77.99533234
2010-02-27,"META","MAPIRIPAN",125.39,"HECTAREA",3.117523361,-71.93805692
2010-02-28,"META","MAPIRIPAN",115.15,"HECTAREA",3.117523361,-71.93805692
2010-02-28,"NARIÑO","BARBACOAS",71.01,"HECTAREA",1.44563774,-78.15621072
2010-02-28,"NARIÑO","EL CHARCO",137,"HECTAREA",2.216382295,-77.99533234
2010-03-01,"META","MAPIRIPAN",135.66,"HECTAREA",3.117523361,-71.93805692
2010-03-01,"META","PUERTO GAITAN",58.29,"HECTAREA",4.005034467,-71.63157429
2010-03-02,"GUAVIARE","CALAMAR",1.54,"HECTAREA",1.613634284,-73.0342639
2010-03-02,"GUAVIARE","EL RETORNO",4.71,"HECTAREA",2.143447362,-72.24364869
2010-03-02,"GUAVIARE","MIRAFLORES",5.35,"HECTAREA",1.363974932,-72.01810951
2010-03-03,"GUAVIARE","EL RETORNO",82.05,"HECTAREA",2.143447362,-72.24364869
2010-03-03,"GUAVIARE","SAN JOSE DEL GUAVIARE",21.63,"HECTAREA",2.484286091,-71.91916993
2010-03-04,"GUAVIARE","MIRAFLORES",81.53,"HECTAREA",1.363974932,-72.01810951
2010-03-04,"META","MAPIRIPAN",90.39,"HECTAREA",3.117523361,-71.93805692
2010-03-05,"NARIÑO","BARBACOAS",87.28,"HECTAREA",1.44563774,-78.15621072
2010-03-05,"NARIÑO","LA LLANADA",79.97,"HECTAREA",1.541847847,-77.61781608
2010-03-05,"NARIÑO","SAMANIEGO",65.61,"HECTAREA",1.430555262,-77.69179559
2010-03-05,"VICHADA","CUMARIBO",125.6,"HECTAREA",4.262454746,-69.52140484
2010-03-06,"META","MAPIRIPAN",71.75,"HECTAREA",3.117523361,-71.93805692
2010-03-06,"VICHADA","CUMARIBO",90.02,"HECTAREA",4.262454746,-69.52140484
2010-03-07,"CAUCA","TORIBIO",244.1,"HECTAREA",2.975771999,-76.20331566
2010-03-08,"GUAVIARE","SAN JOSE DEL GUAVIARE",26.43,"HECTAREA",2.484286091,-71.91916993
2010-03-08,"META","MAPIRIPAN",69.76,"HECTAREA",3.117523361,-71.93805692
2010-03-10,"META","MAPIRIPAN",134.49,"HECTAREA",3.117523361,-71.93805692
2010-03-10,"META","PUERTO GAITAN",46.13,"HECTAREA",4.005034467,-71.63157429
2010-03-12,"CAUCA","TORIBIO",471.77,"HECTAREA",2.975771999,-76.20331566
2010-03-13,"CAQUETÁ","CARTAGENA DEL CHAIRA",247.08,"HECTAREA",0.647693081,-74.27235499
2010-03-13,"CAQUETÁ","EL DONCELLO",249.52,"HECTAREA",1.713734697,-75.26878109
2010-03-13,"NARIÑO","BARBACOAS",138.13,"HECTAREA",1.44563774,-78.15621072
2010-03-14,"NARIÑO","LA LLANADA",129.2,"HECTAREA",1.541847847,-77.61781608
2010-03-14,"NARIÑO","SAMANIEGO",81.37,"HECTAREA",1.430555262,-77.69179559
2010-03-15,"CAQUETÁ","EL DONCELLO",428.94,"HECTAREA",1.713734697,-75.26878109
2010-03-15,"CAQUETÁ","PUERTO RICO",76,"HECTAREA",2.018940891,-75.07308627
2010-03-15,"CAQUETÁ","SAN VICENTE DEL CAGUAN",77.29,"HECTAREA",1.308465061,-74.19746971
2010-03-15,"CAUCA","TORIBIO",320.56,"HECTAREA",2.975771999,-76.20331566
2010-03-16,"CAUCA","TORIBIO",227.99,"HECTAREA",2.975771999,-76.20331566
2010-03-17,"CAUCA","GUAPI",114.24,"HECTAREA",2.41326696,-77.69047531
2010-03-17,"CAUCA","TIMBIQUI",15.79,"HECTAREA",2.699475127,-77.49131577
2010-03-18,"CAQUETÁ","CARTAGENA DEL CHAIRA",245.74,"HECTAREA",0.647693081,-74.27235499
2010-03-18,"CAQUETÁ","PUERTO RICO",234.54,"HECTAREA",2.018940891,-75.07308627
2010-03-18,"CAUCA","TORIBIO",115.84,"HECTAREA",2.975771999,-76.20331566
2010-03-19,"CAQUETÁ","CARTAGENA DEL CHAIRA",52.61,"HECTAREA",0.647693081,-74.27235499
2010-03-19,"CAQUETÁ","MILAN",344.61,"HECTAREA",1.146692554,-75.38664764
2010-03-19,"CAQUETÁ","SOLANO",15.17,"HECTAREA",0.096131862,-72.32036402
2010-03-19,"NARIÑO","BARBACOAS",219.02,"HECTAREA",1.44563774,-78.15621072
2010-03-19,"NARIÑO","MAGUI",102.9,"HECTAREA",1.906858429,-78.04473644
2010-03-19,"NARIÑO","MOSQUERA",16.27,"HECTAREA",2.442493698,-78.438827
2010-03-21,"CAQUETÁ","CARTAGENA DEL CHAIRA",48.82,"HECTAREA",0.647693081,-74.27235499
2010-03-21,"CAQUETÁ","EL DONCELLO",158.86,"HECTAREA",1.713734697,-75.26878109
2010-03-21,"CAQUETÁ","SOLANO",205.01,"HECTAREA",0.096131862,-72.32036402
2010-03-22,"CAQUETÁ","MILAN",139.66,"HECTAREA",1.146692554,-75.38664764
2010-03-22,"CAQUETÁ","SOLANO",198.7,"HECTAREA",0.096131862,-72.32036402
2010-03-22,"CAQUETÁ","VALPARAISO",65.24,"HECTAREA",1.07534915,-75.73779004
2010-03-22,"PUTUMAYO","PUERTO GUZMAN",110.84,"HECTAREA",0.746432215,-75.88022979
2010-03-23,"NARIÑO","CUMBITARA",62.64,"HECTAREA",1.72559011,-77.59281637
2010-03-23,"NARIÑO","EL ROSARIO",11.71,"HECTAREA",1.887689437,-77.48319589
2010-03-23,"PUTUMAYO","LEGUIZAMO",165.46,"HECTAREA",0.05947197,-75.06479327
2010-03-24,"CAQUETÁ","SOLANO",38.19,"HECTAREA",0.096131862,-72.32036402
2010-03-24,"NARIÑO","BARBACOAS",90.37,"HECTAREA",1.44563774,-78.15621072
2010-03-24,"PUTUMAYO","LEGUIZAMO",121.85,"HECTAREA",0.05947197,-75.06479327
2010-03-25,"NARIÑO","LA TOLA",34.44,"HECTAREA",2.56027333,-78.23506694
2010-03-25,"NARIÑO","OLAYA HERRERA",69.66,"HECTAREA",2.287856547,-78.31219024
2010-03-25,"NARIÑO","ROBERTO PAYAN",34.45,"HECTAREA",1.897581156,-78.3811163
2010-03-25,"NARIÑO","SANTA BARBARA",114.81,"HECTAREA",2.494420411,-77.98256461
2010-03-27,"CAQUETÁ","SOLITA",33.17,"HECTAREA",0.943939454,-75.64668544
2010-03-27,"PUTUMAYO","PUERTO GUZMAN",33.17,"HECTAREA",0.746432215,-75.88022979
2010-03-28,"NARIÑO","BARBACOAS",48.95,"HECTAREA",1.44563774,-78.15621072
2010-03-28,"NARIÑO","CUMBITARA",83.11,"HECTAREA",1.72559011,-77.59281637
2010-04-02,"CAQUETÁ","CARTAGENA DEL CHAIRA",32.68,"HECTAREA",0.647693081,-74.27235499
2010-04-02,"CAQUETÁ","PUERTO RICO",129.94,"HECTAREA",2.018940891,-75.07308627
2010-04-02,"CAQUETÁ","SAN VICENTE DEL CAGUAN",264.44,"HECTAREA",1.308465061,-74.19746971
2010-04-02,"NARIÑO","MOSQUERA",78.45,"HECTAREA",2.442493698,-78.438827
2010-04-02,"NARIÑO","OLAYA HERRERA",131.47,"HECTAREA",2.287856547,-78.31219024
2010-04-02,"NARIÑO","ROBERTO PAYAN",49.46,"HECTAREA",1.897581156,-78.3811163
2010-04-03,"CAQUETÁ","CARTAGENA DEL CHAIRA",158.55,"HECTAREA",0.647693081,-74.27235499
2010-04-03,"NARIÑO","FRANCISCO PIZARRO",160.31,"HECTAREA",2.088531925,-78.59193099
2010-04-03,"NARIÑO","MAGUI",84.4,"HECTAREA",1.906858429,-78.04473644
2010-04-03,"NARIÑO","MOSQUERA",169.21,"HECTAREA",2.442493698,-78.438827
2010-04-03,"NARIÑO","OLAYA HERRERA",162.09,"HECTAREA",2.287856547,-78.31219024
2010-04-03,"NARIÑO","SAN ANDRES DE TUMACO",51.98,"HECTAREA",1.574550638,-78.61540963
2010-04-04,"NARIÑO","FRANCISCO PIZARRO",78.96,"HECTAREA",2.088531925,-78.59193099
2010-04-04,"NARIÑO","ROBERTO PAYAN",152.81,"HECTAREA",1.897581156,-78.3811163
2010-04-04,"NARIÑO","SAN ANDRES DE TUMACO",81.27,"HECTAREA",1.574550638,-78.61540963
2010-04-05,"CAQUETÁ","CARTAGENA DEL CHAIRA",74.02,"HECTAREA",0.647693081,-74.27235499
2010-04-05,"CAQUETÁ","SAN VICENTE DEL CAGUAN",65.88,"HECTAREA",1.308465061,-74.19746971
2010-04-05,"NARIÑO","BARBACOAS",303.33,"HECTAREA",1.44563774,-78.15621072
2010-04-05,"NARIÑO","EL CHARCO",237.52,"HECTAREA",2.216382295,-77.99533234
2010-04-05,"NARIÑO","MAGUI",96.9,"HECTAREA",1.906858429,-78.04473644
2010-04-06,"NARIÑO","SAN ANDRES DE TUMACO",53.13,"HECTAREA",1.574550638,-78.61540963
2010-04-07,"NARIÑO","BARBACOAS",881.77,"HECTAREA",1.44563774,-78.15621072
2010-04-07,"NARIÑO","MAGUI",42.76,"HECTAREA",1.906858429,-78.04473644
2010-04-07,"NARIÑO","ROBERTO PAYAN",51.42,"HECTAREA",1.897581156,-78.3811163
2010-04-08,"NARIÑO","FRANCISCO PIZARRO",114,"HECTAREA",2.088531925,-78.59193099
2010-04-08,"NARIÑO","MOSQUERA",26,"HECTAREA",2.442493698,-78.438827
2010-04-08,"NARIÑO","OLAYA HERRERA",26.9,"HECTAREA",2.287856547,-78.31219024
2010-04-08,"NARIÑO","SAN ANDRES DE TUMACO",110.09,"HECTAREA",1.574550638,-78.61540963
2010-04-09,"NARIÑO","MAGUI",223.36,"HECTAREA",1.906858429,-78.04473644
2010-04-10,"NARIÑO","EL CHARCO",308.11,"HECTAREA",2.216382295,-77.99533234
2010-04-10,"NARIÑO","MAGUI",621.42,"HECTAREA",1.906858429,-78.04473644
2010-04-10,"NARIÑO","SAN ANDRES DE TUMACO",42.01,"HECTAREA",1.574550638,-78.61540963
2010-04-11,"NARIÑO","SAN ANDRES DE TUMACO",292.38,"HECTAREA",1.574550638,-78.61540963
2010-04-12,"CAQUETÁ","SOLANO",273.47,"HECTAREA",0.096131862,-72.32036402
2010-04-12,"NARIÑO","BARBACOAS",660.88,"HECTAREA",1.44563774,-78.15621072
2010-04-13,"CAQUETÁ","SAN VICENTE DEL CAGUAN",255.7,"HECTAREA",1.308465061,-74.19746971
2010-04-14,"CAQUETÁ","SAN VICENTE DEL CAGUAN",337.57,"HECTAREA",1.308465061,-74.19746971
2010-04-15,"CAQUETÁ","CARTAGENA DEL CHAIRA",226.13,"HECTAREA",0.647693081,-74.27235499
2010-04-15,"CAQUETÁ","SOLANO",71.2,"HECTAREA",0.096131862,-72.32036402
2010-04-15,"NARIÑO","MAGUI",342.39,"HECTAREA",1.906858429,-78.04473644
2010-04-16,"NARIÑO","EL CHARCO",165.22,"HECTAREA",2.216382295,-77.99533234
2010-04-16,"NARIÑO","LA TOLA",41.79,"HECTAREA",2.56027333,-78.23506694
2010-04-16,"NARIÑO","MAGUI",41.8,"HECTAREA",1.906858429,-78.04473644
2010-04-16,"NARIÑO","OLAYA HERRERA",78.42,"HECTAREA",2.287856547,-78.31219024
2010-04-17,"CAQUETÁ","CARTAGENA DEL CHAIRA",78.47,"HECTAREA",0.647693081,-74.27235499
2010-04-17,"CAQUETÁ","EL PAUJIL",32.53,"HECTAREA",1.476630016,-75.20231825
2010-04-17,"CAQUETÁ","LA MONTAÑITA",72.09,"HECTAREA",1.302860442,-75.23572732
2010-04-17,"CAUCA","GUAPI",51.12,"HECTAREA",2.41326696,-77.69047531
2010-04-17,"NARIÑO","BARBACOAS",188.28,"HECTAREA",1.44563774,-78.15621072
2010-04-17,"NARIÑO","EL CHARCO",181.93,"HECTAREA",2.216382295,-77.99533234
2010-04-17,"NARIÑO","LA TOLA",26.35,"HECTAREA",2.56027333,-78.23506694
2010-04-17,"NARIÑO","MAGUI",107.74,"HECTAREA",1.906858429,-78.04473644
2010-04-17,"NARIÑO","SAN ANDRES DE TUMACO",333.97,"HECTAREA",1.574550638,-78.61540963
2010-04-17,"NARIÑO","SANTA BARBARA",97.85,"HECTAREA",2.494420411,-77.98256461
2010-04-18,"CAQUETÁ","MILAN",105.34,"HECTAREA",1.146692554,-75.38664764
2010-04-18,"CAQUETÁ","SOLITA",41.4,"HECTAREA",0.943939454,-75.64668544
2010-04-18,"CAQUETÁ","VALPARAISO",31.97,"HECTAREA",1.07534915,-75.73779004
2010-04-20,"CAUCA","GUAPI",160.15,"HECTAREA",2.41326696,-77.69047531
2010-04-20,"NARIÑO","EL CHARCO",157.45,"HECTAREA",2.216382295,-77.99533234
2010-04-20,"NARIÑO","SANTA BARBARA",173.98,"HECTAREA",2.494420411,-77.98256461
2010-04-20,"PUTUMAYO","PUERTO GUZMAN",545.38,"HECTAREA",0.746432215,-75.88022979
2010-04-20,"PUTUMAYO","LEGUIZAMO",50.73,"HECTAREA",0.05947197,-75.06479327
2010-04-21,"CAQUETÁ","BELEN DE LOS ANDAQUIES",210.43,"HECTAREA",1.536174657,-75.90947504
2010-04-21,"NARIÑO","SAN ANDRES DE TUMACO",447.13,"HECTAREA",1.574550638,-78.61540963
2010-04-22,"NARIÑO","LA TOLA",86.72,"HECTAREA",2.56027333,-78.23506694
2010-04-22,"NARIÑO","OLAYA HERRERA",416.12,"HECTAREA",2.287856547,-78.31219024
2010-04-24,"CAQUETÁ","SAN JOSE DEL FRAGUA",40.05,"HECTAREA",1.304702314,-76.11000594
2010-04-24,"NARIÑO","FRANCISCO PIZARRO",40.26,"HECTAREA",2.088531925,-78.59193099
2010-04-24,"NARIÑO","ROBERTO PAYAN",117.03,"HECTAREA",1.897581156,-78.3811163
2010-04-24,"NARIÑO","SAN ANDRES DE TUMACO",96.68,"HECTAREA",1.574550638,-78.61540963
2010-04-24,"PUTUMAYO","PUERTO GUZMAN",114.4,"HECTAREA",0.746432215,-75.88022979
2010-04-25,"CAQUETÁ","SAN JOSE DEL FRAGUA",338.2,"HECTAREA",1.304702314,-76.11000594
2010-04-25,"CAUCA","TIMBIQUI",168.09,"HECTAREA",2.699475127,-77.49131577
2010-04-25,"CAUCA","TORIBIO",316.41,"HECTAREA",2.975771999,-76.20331566
2010-04-26,"CAQUETÁ","SAN JOSE DEL FRAGUA",116.88,"HECTAREA",1.304702314,-76.11000594
2010-04-26,"CAUCA","PIAMONTE",157.48,"HECTAREA",1.054128816,-76.4443271
2010-04-26,"CAUCA","TORIBIO",144.11,"HECTAREA",2.975771999,-76.20331566
2010-04-26,"NARIÑO","SANTA BARBARA",251.43,"HECTAREA",2.494420411,-77.98256461
2010-04-26,"PUTUMAYO","VILLAGARZON",23.76,"HECTAREA",0.911149515,-76.74495447
2010-04-27,"CAQUETÁ","PUERTO RICO",106.26,"HECTAREA",2.018940891,-75.07308627
2010-04-27,"CAUCA","EL TAMBO",80.78,"HECTAREA",2.534488312,-77.00511207
2010-04-27,"CAUCA","TIMBIQUI",34.43,"HECTAREA",2.699475127,-77.49131577
2010-04-27,"CAUCA","TORIBIO",414.73,"HECTAREA",2.975771999,-76.20331566
2010-04-29,"CAQUETÁ","ALBANIA",26.18,"HECTAREA",1.22786549,-75.88232651
2010-04-29,"CAQUETÁ","BELEN DE LOS ANDAQUIES",35.38,"HECTAREA",1.536174657,-75.90947504
2010-04-29,"CAQUETÁ","LA MONTAÑITA",8.94,"HECTAREA",1.302860442,-75.23572732
2010-04-29,"CAQUETÁ","MILAN",35.38,"HECTAREA",1.146692554,-75.38664764
2010-04-29,"CAQUETÁ","SAN JOSE DEL FRAGUA",8.33,"HECTAREA",1.304702314,-76.11000594
2010-04-29,"NARIÑO","BARBACOAS",153.1,"HECTAREA",1.44563774,-78.15621072
2010-04-29,"NARIÑO","FRANCISCO PIZARRO",84.52,"HECTAREA",2.088531925,-78.59193099
2010-04-29,"NARIÑO","SAN ANDRES DE TUMACO",83.98,"HECTAREA",1.574550638,-78.61540963
2010-04-30,"NARIÑO","EL CHARCO",91.05,"HECTAREA",2.216382295,-77.99533234
2010-04-30,"NARIÑO","OLAYA HERRERA",81.8,"HECTAREA",2.287856547,-78.31219024
2010-05-02,"NARIÑO","BARBACOAS",134.54,"HECTAREA",1.44563774,-78.15621072
2010-05-02,"NARIÑO","LA LLANADA",52.96,"HECTAREA",1.541847847,-77.61781608
2010-05-02,"NARIÑO","SAMANIEGO",80.88,"HECTAREA",1.430555262,-77.69179559
2010-05-02,"PUTUMAYO","ORITO",147.54,"HECTAREA",0.673756323,-76.94313923
2010-05-02,"PUTUMAYO","PUERTO ASIS",15.54,"HECTAREA",0.433884539,-76.52158203
2010-05-02,"PUTUMAYO","PUERTO CAICEDO",15.54,"HECTAREA",0.70416861,-76.49864415
2010-05-03,"CAQUETÁ","EL PAUJIL",45.79,"HECTAREA",1.476630016,-75.20231825
2010-05-03,"CAQUETÁ","LA MONTAÑITA",270.05,"HECTAREA",1.302860442,-75.23572732
2010-05-04,"NARIÑO","ROBERTO PAYAN",90.83,"HECTAREA",1.897581156,-78.3811163
2010-05-04,"NARIÑO","SAN ANDRES DE TUMACO",265.39,"HECTAREA",1.574550638,-78.61540963
2010-05-05,"CAUCA","TIMBIQUI",649.95,"HECTAREA",2.699475127,-77.49131577
2010-05-06,"NARIÑO","ROBERTO PAYAN",74.15,"HECTAREA",1.897581156,-78.3811163
2010-05-06,"NARIÑO","SAN ANDRES DE TUMACO",87.75,"HECTAREA",1.574550638,-78.61540963
2010-05-07,"NARIÑO","BARBACOAS",35.64,"HECTAREA",1.44563774,-78.15621072
2010-05-07,"NARIÑO","SAN ANDRES DE TUMACO",207.71,"HECTAREA",1.574550638,-78.61540963
2010-05-08,"NARIÑO","BARBACOAS",18.94,"HECTAREA",1.44563774,-78.15621072
2010-05-08,"NARIÑO","ROBERTO PAYAN",178.47,"HECTAREA",1.897581156,-78.3811163
2010-05-08,"NARIÑO","SAN ANDRES DE TUMACO",69.88,"HECTAREA",1.574550638,-78.61540963
2010-05-09,"CAUCA","TIMBIQUI",480.44,"HECTAREA",2.699475127,-77.49131577
2010-05-10,"CAUCA","TIMBIQUI",703.34,"HECTAREA",2.699475127,-77.49131577
2010-05-13,"CAQUETÁ","ALBANIA",61.12,"HECTAREA",1.22786549,-75.88232651
2010-05-13,"CAQUETÁ","CURILLO",83.17,"HECTAREA",1.115379292,-75.97328452
2010-05-13,"CAQUETÁ","SAN JOSE DEL FRAGUA",333.47,"HECTAREA",1.304702314,-76.11000594
2010-05-13,"CAQUETÁ","SOLITA",70.11,"HECTAREA",0.943939454,-75.64668544
2010-05-13,"PUTUMAYO","PUERTO GUZMAN",379.34,"HECTAREA",0.746432215,-75.88022979
2010-05-14,"CAQUETÁ","CARTAGENA DEL CHAIRA",38,"HECTAREA",0.647693081,-74.27235499
2010-05-14,"CAQUETÁ","CURILLO",76.56,"HECTAREA",1.115379292,-75.97328452
2010-05-14,"CAQUETÁ","EL PAUJIL",198.91,"HECTAREA",1.476630016,-75.20231825
2010-05-14,"CAQUETÁ","LA MONTAÑITA",84.91,"HECTAREA",1.302860442,-75.23572732
2010-05-14,"CAQUETÁ","SAN JOSE DEL FRAGUA",80.94,"HECTAREA",1.304702314,-76.11000594
2010-05-14,"CAQUETÁ","SOLITA",86.93,"HECTAREA",0.943939454,-75.64668544
2010-05-14,"PUTUMAYO","PUERTO GUZMAN",386,"HECTAREA",0.746432215,-75.88022979
2010-05-15,"NARIÑO","IPIALES",221.87,"HECTAREA",0.497708465,-77.24047625
2010-05-15,"PUTUMAYO","ORITO",550.92,"HECTAREA",0.673756323,-76.94313923
2010-05-15,"PUTUMAYO","VALLE DEL GUAMUEZ",136.43,"HECTAREA",0.42012589,-76.77067026
2010-05-16,"CAQUETÁ","CARTAGENA DEL CHAIRA",12.31,"HECTAREA",0.647693081,-74.27235499
2010-05-16,"CAQUETÁ","EL PAUJIL",14.74,"HECTAREA",1.476630016,-75.20231825
2010-05-16,"CAQUETÁ","LA MONTAÑITA",8.76,"HECTAREA",1.302860442,-75.23572732
2010-05-17,"CAUCA","PIAMONTE",47.36,"HECTAREA",1.054128816,-76.4443271
2010-05-17,"PUTUMAYO","PUERTO CAICEDO",23.68,"HECTAREA",0.70416861,-76.49864415
2010-05-17,"PUTUMAYO","PUERTO GUZMAN",162.5,"HECTAREA",0.746432215,-75.88022979
2010-05-17,"PUTUMAYO","VILLAGARZON",23.68,"HECTAREA",0.911149515,-76.74495447
2010-05-18,"PUTUMAYO","VILLAGARZON",249.94,"HECTAREA",0.911149515,-76.74495447
2010-05-22,"NARIÑO","EL CHARCO",126.7,"HECTAREA",2.216382295,-77.99533234
2010-05-24,"ANTIOQUIA","EL BAGRE",10.53,"HECTAREA",7.704633351,-74.66427726
2010-05-24,"ANTIOQUIA","NECHI",60.92,"HECTAREA",7.983477394,-74.65844186
2010-05-24,"ANTIOQUIA","ZARAGOZA",180.14,"HECTAREA",7.474004006,-74.85848326
2010-05-24,"BOLÍVAR","MONTECRISTO",25.79,"HECTAREA",8.01710024,-74.46342911
2010-05-24,"BOLÍVAR","SAN JACINTO",114.26,"HECTAREA",9.835362011,-75.10609201
2010-05-25,"ANTIOQUIA","TARAZA",316.39,"HECTAREA",7.488875998,-75.40189438
2010-05-28,"ANTIOQUIA","CACERES",43.9,"HECTAREA",7.665155105,-75.22369744
2010-05-29,"ANTIOQUIA","EL BAGRE",34.63,"HECTAREA",7.704633351,-74.66427726
2010-05-29,"ANTIOQUIA","TARAZA",397.89,"HECTAREA",7.488875998,-75.40189438
2010-05-29,"ANTIOQUIA","VALDIVIA",35.31,"HECTAREA",7.265404213,-75.40094502
2010-05-29,"CÓRDOBA","PUERTO LIBERTADOR",139.57,"HECTAREA",7.711515736,-75.77123224
2010-06-03,"NARIÑO","EL CHARCO",139.63,"HECTAREA",2.216382295,-77.99533234
2010-06-03,"NARIÑO","SANTA BARBARA",78.81,"HECTAREA",2.494420411,-77.98256461
2010-06-05,"ANTIOQUIA","CARACOLI",179.46,"HECTAREA",6.33797388,-74.73354817
2010-06-05,"ANTIOQUIA","TARAZA",305.84,"HECTAREA",7.488875998,-75.40189438
2010-06-05,"BOLÍVAR","MONTECRISTO",17.62,"HECTAREA",8.01710024,-74.46342911
2010-06-06,"BOLÍVAR","MONTECRISTO",430.07,"HECTAREA",8.01710024,-74.46342911
2010-06-07,"ANTIOQUIA","CARACOLI",109.38,"HECTAREA",6.33797388,-74.73354817
2010-06-07,"ANTIOQUIA","NECHI",34.84,"HECTAREA",7.983477394,-74.65844186
2010-06-07,"NARIÑO","EL CHARCO",80.27,"HECTAREA",2.216382295,-77.99533234
2010-06-07,"NARIÑO","SANTA BARBARA",195.08,"HECTAREA",2.494420411,-77.98256461
2010-06-08,"NARIÑO","EL CHARCO",120.68,"HECTAREA",2.216382295,-77.99533234
2010-06-08,"NARIÑO","SANTA BARBARA",106.92,"HECTAREA",2.494420411,-77.98256461
2010-06-10,"CAUCA","GUAPI",342.84,"HECTAREA",2.41326696,-77.69047531
2010-06-11,"BOLÍVAR","ACHI",69.33,"HECTAREA",8.622943262,-74.47805945
2010-06-11,"BOLÍVAR","MONTECRISTO",140.51,"HECTAREA",8.01710024,-74.46342911
2010-06-11,"BOLÍVAR","SAN JACINTO DEL CAUCA",68.59,"HECTAREA",8.212463202,-74.75082
2010-06-11,"BOLÍVAR","TIQUISIO",55.82,"HECTAREA",8.492345176,-74.29676139
2010-06-11,"CAUCA","GUAPI",281.11,"HECTAREA",2.41326696,-77.69047531
2010-06-11,"CAUCA","TIMBIQUI",204.31,"HECTAREA",2.699475127,-77.49131577
2010-06-14,"BOLÍVAR","ACHI",159.23,"HECTAREA",8.622943262,-74.47805945
2010-06-14,"BOLÍVAR","MONTECRISTO",175.51,"HECTAREA",8.01710024,-74.46342911
2010-06-14,"BOLÍVAR","SAN JACINTO DEL CAUCA",198.18,"HECTAREA",8.212463202,-74.75082
2010-06-14,"BOLÍVAR","TIQUISIO",23.53,"HECTAREA",8.492345176,-74.29676139
2010-06-16,"CAUCA","EL TAMBO",105.18,"HECTAREA",2.534488312,-77.00511207
2010-06-16,"CAUCA","GUAPI",159.19,"HECTAREA",2.41326696,-77.69047531
2010-06-16,"CAUCA","TIMBIQUI",150.43,"HECTAREA",2.699475127,-77.49131577
2010-06-16,"CAUCA","TORIBIO",199.29,"HECTAREA",2.975771999,-76.20331566
2010-06-16,"NARIÑO","BARBACOAS",124.72,"HECTAREA",1.44563774,-78.15621072
2010-06-16,"NARIÑO","EL CHARCO",34.95,"HECTAREA",2.216382295,-77.99533234
2010-06-16,"NARIÑO","MAGUI",7.75,"HECTAREA",1.906858429,-78.04473644
2010-06-16,"NARIÑO","SAN ANDRES DE TUMACO",57.93,"HECTAREA",1.574550638,-78.61540963
2010-06-16,"NARIÑO","SANTA BARBARA",60.66,"HECTAREA",2.494420411,-77.98256461
2010-06-19,"NARIÑO","BARBACOAS",63.21,"HECTAREA",1.44563774,-78.15621072
2010-06-19,"NARIÑO","CUMBITARA",40.68,"HECTAREA",1.72559011,-77.59281637
2010-06-19,"NARIÑO","EL CHARCO",31.89,"HECTAREA",2.216382295,-77.99533234
2010-06-19,"NARIÑO","MAGUI",71.99,"HECTAREA",1.906858429,-78.04473644
2010-06-21,"ANTIOQUIA","AMALFI",119.68,"HECTAREA",6.977788843,-74.9812393
2010-06-21,"ANTIOQUIA","REMEDIOS",41.08,"HECTAREA",6.997267375,-74.55865652
2010-06-21,"ANTIOQUIA","SEGOVIA",41.08,"HECTAREA",7.26692339,-74.62163926
2010-06-22,"BOLÍVAR","MONTECRISTO",158.73,"HECTAREA",8.01710024,-74.46342911
2010-06-25,"ANTIOQUIA","ANORI",10.72,"HECTAREA",7.193110778,-75.10848954
2010-06-25,"ANTIOQUIA","TARAZA",10.72,"HECTAREA",7.488875998,-75.40189438
2010-06-25,"ANTIOQUIA","VALDIVIA",3.87,"HECTAREA",7.265404213,-75.40094502
2010-06-26,"ANTIOQUIA","AMALFI",24.6,"HECTAREA",6.977788843,-74.9812393
2010-06-26,"ANTIOQUIA","ANORI",49.73,"HECTAREA",7.193110778,-75.10848954
2010-06-26,"ANTIOQUIA","REMEDIOS",49.74,"HECTAREA",6.997267375,-74.55865652
2010-06-26,"ANTIOQUIA","SEGOVIA",25.14,"HECTAREA",7.26692339,-74.62163926
2010-06-28,"CÓRDOBA","MONTELIBANO",198.72,"HECTAREA",7.866432635,-75.87533926
2010-06-28,"CÓRDOBA","PUERTO LIBERTADOR",132.21,"HECTAREA",7.711515736,-75.77123224
2010-06-30,"NARIÑO","ROBERTO PAYAN",773.22,"HECTAREA",1.897581156,-78.3811163
2010-07-01,"NARIÑO","ROBERTO PAYAN",545.93,"HECTAREA",1.897581156,-78.3811163
2010-07-02,"NARIÑO","EL CHARCO",1171.91,"HECTAREA",2.216382295,-77.99533234
2010-07-04,"ANTIOQUIA","TARAZA",201.39,"HECTAREA",7.488875998,-75.40189438
2010-07-06,"NARIÑO","ROBERTO PAYAN",310.2,"HECTAREA",1.897581156,-78.3811163
2010-07-07,"NARIÑO","ROBERTO PAYAN",392.52,"HECTAREA",1.897581156,-78.3811163
2010-07-08,"ANTIOQUIA","ANORI",121.43,"HECTAREA",7.193110778,-75.10848954
2010-07-08,"ANTIOQUIA","CACERES",182.23,"HECTAREA",7.665155105,-75.22369744
2010-07-08,"ANTIOQUIA","TARAZA",67.34,"HECTAREA",7.488875998,-75.40189438
2010-07-08,"ANTIOQUIA","ZARAGOZA",37.87,"HECTAREA",7.474004006,-74.85848326
2010-07-09,"NARIÑO","BARBACOAS",55.99,"HECTAREA",1.44563774,-78.15621072
2010-07-09,"NARIÑO","EL ROSARIO",82.54,"HECTAREA",1.887689437,-77.48319589
2010-07-10,"ANTIOQUIA","TARAZA",62.24,"HECTAREA",7.488875998,-75.40189438
2010-07-10,"CÓRDOBA","LORICA",75.3,"HECTAREA",9.165034998,-75.90978124
2010-07-10,"NARIÑO","FRANCISCO PIZARRO",22.19,"HECTAREA",2.088531925,-78.59193099
2010-07-10,"NARIÑO","SAN ANDRES DE TUMACO",81.2,"HECTAREA",1.574550638,-78.61540963
2010-07-13,"NARIÑO","EL CHARCO",40.7,"HECTAREA",2.216382295,-77.99533234
2010-07-13,"NARIÑO","MAGUI",16.18,"HECTAREA",1.906858429,-78.04473644
2010-07-13,"NARIÑO","MOSQUERA",19.4,"HECTAREA",2.442493698,-78.438827
2010-07-13,"NARIÑO","OLAYA HERRERA",142.85,"HECTAREA",2.287856547,-78.31219024
2010-07-13,"NARIÑO","ROBERTO PAYAN",145.52,"HECTAREA",1.897581156,-78.3811163
2010-07-13,"NARIÑO","SAN ANDRES DE TUMACO",21.31,"HECTAREA",1.574550638,-78.61540963
2010-07-15,"ANTIOQUIA","ANORI",59.19,"HECTAREA",7.193110778,-75.10848954
2010-07-15,"ANTIOQUIA","CACERES",107.43,"HECTAREA",7.665155105,-75.22369744
2010-07-15,"ANTIOQUIA","CARACOLI",31.22,"HECTAREA",6.33797388,-74.73354817
2010-07-15,"CAUCA","EL TAMBO",106.44,"HECTAREA",2.534488312,-77.00511207
2010-07-15,"CAUCA","LOPEZ",202.56,"HECTAREA",2.95819877,-77.24212158
2010-07-21,"SANTANDER","CIMITARRA",23.38,"HECTAREA",6.40972961,-74.17030427
2010-07-21,"SANTANDER","PUERTO PARRA",2.49,"HECTAREA",6.685278856,-73.95761256
2010-07-21,"SANTANDER","SIMACOTA",4.31,"HECTAREA",6.494231551,-73.45910992
2010-07-22,"BOLÍVAR","SANTA ROSA DEL SUR",18.31,"HECTAREA",7.772519173,-74.26272843
2010-07-22,"BOLÍVAR","SIMITI",20.48,"HECTAREA",7.851315534,-73.98371609
2010-07-23,"BOLÍVAR","MORALES",24.11,"HECTAREA",8.253700061,-73.9713459
2010-07-23,"NARIÑO","OLAYA HERRERA",160.58,"HECTAREA",2.287856547,-78.31219024
2010-07-25,"BOLÍVAR","SAN PABLO",316,"HECTAREA",7.507922612,-74.10356977
2010-07-28,"BOLÍVAR","CANTAGALLO",242.16,"HECTAREA",7.239229146,-74.10014043
2010-07-28,"NARIÑO","ROBERTO PAYAN",247.99,"HECTAREA",1.897581156,-78.3811163
2010-07-30,"NARIÑO","SAN ANDRES DE TUMACO",347.08,"HECTAREA",1.574550638,-78.61540963
2010-07-31,"CAUCA","GUAPI",136.95,"HECTAREA",2.41326696,-77.69047531
2010-07-31,"CAUCA","TIMBIQUI",106.65,"HECTAREA",2.699475127,-77.49131577
2010-08-01,"BOLÍVAR","EL PEÑON",142.29,"HECTAREA",8.864818786,-73.91230147
2010-08-01,"BOLÍVAR","SIMITI",169.96,"HECTAREA",7.851315534,-73.98371609
2010-08-02,"BOLÍVAR","EL PEÑON",291,"HECTAREA",8.864818786,-73.91230147
2010-08-02,"CAUCA","GUAPI",163.54,"HECTAREA",2.41326696,-77.69047531
2010-08-02,"CAUCA","TIMBIQUI",399.82,"HECTAREA",2.699475127,-77.49131577
2010-08-04,"BOLÍVAR","CANTAGALLO",197.2,"HECTAREA",7.239229146,-74.10014043
2010-08-04,"BOLÍVAR","EL PEÑON",74.65,"HECTAREA",8.864818786,-73.91230147
2010-08-04,"NARIÑO","MAGUI",104.97,"HECTAREA",1.906858429,-78.04473644
2010-08-04,"NARIÑO","ROBERTO PAYAN",72.62,"HECTAREA",1.897581156,-78.3811163
2010-08-05,"BOLÍVAR","EL PEÑON",150.82,"HECTAREA",8.864818786,-73.91230147
2010-08-05,"BOLÍVAR","MOMPOS",78.86,"HECTAREA",9.142512064,-74.54519906
2010-08-05,"BOLÍVAR","SIMITI",24.54,"HECTAREA",7.851315534,-73.98371609
2010-08-08,"NARIÑO","MAGUI",341.47,"HECTAREA",1.906858429,-78.04473644
2010-08-08,"NARIÑO","SAN ANDRES DE TUMACO",79.3,"HECTAREA",1.574550638,-78.61540963
2010-08-10,"BOLÍVAR","MOMPOS",191.7,"HECTAREA",9.142512064,-74.54519906
2010-08-10,"BOLÍVAR","SIMITI",258.42,"HECTAREA",7.851315534,-73.98371609
2010-08-10,"CAUCA","GUAPI",203.63,"HECTAREA",2.41326696,-77.69047531
2010-08-13,"ANTIOQUIA","YONDO",60.14,"HECTAREA",6.925159318,-74.15824041
2010-08-13,"BOLÍVAR","CANTAGALLO",71.56,"HECTAREA",7.239229146,-74.10014043
2010-08-13,"CAUCA","GUAPI",374.31,"HECTAREA",2.41326696,-77.69047531
2010-08-13,"CAUCA","TIMBIQUI",172.9,"HECTAREA",2.699475127,-77.49131577
2010-08-13,"NARIÑO","SANTA BARBARA",9.98,"HECTAREA",2.494420411,-77.98256461
2010-08-14,"NARIÑO","EL CHARCO",233.39,"HECTAREA",2.216382295,-77.99533234
2010-08-15,"BOLÍVAR","MOMPOS",74.02,"HECTAREA",9.142512064,-74.54519906
2010-08-15,"BOLÍVAR","SAN PABLO",43.87,"HECTAREA",7.507922612,-74.10356977
2010-08-16,"SANTANDER","BOLIVAR",116.67,"HECTAREA",6.181715586,-73.92065703
2010-08-17,"NARIÑO","MAGUI",97.7,"HECTAREA",1.906858429,-78.04473644
2010-08-17,"NARIÑO","SANTA BARBARA",33.81,"HECTAREA",2.494420411,-77.98256461
2010-08-20,"BOLÍVAR","MONTECRISTO",17.36,"HECTAREA",8.01710024,-74.46342911
2010-08-20,"BOLÍVAR","SANTA ROSA DEL SUR",140.66,"HECTAREA",7.772519173,-74.26272843
2010-08-20,"NARIÑO","EL CHARCO",184.03,"HECTAREA",2.216382295,-77.99533234
2010-08-21,"ANTIOQUIA","YONDO",9.57,"HECTAREA",6.925159318,-74.15824041
2010-08-21,"NARIÑO","EL CHARCO",38.34,"HECTAREA",2.216382295,-77.99533234
2010-08-21,"NARIÑO","SANTA BARBARA",194.19,"HECTAREA",2.494420411,-77.98256461
2010-08-22,"BOLÍVAR","MORALES",40.58,"HECTAREA",8.253700061,-73.9713459
2010-08-25,"NORTE DE SANTANDER","CACHIRA",39.3,"HECTAREA",7.684188896,-73.12939481
2010-08-25,"NORTE DE SANTANDER","LA ESPERANZA",57.16,"HECTAREA",7.695233593,-73.36139672
2010-08-25,"SANTANDER","EL PLAYON",6.18,"HECTAREA",7.524284721,-73.18158192
2010-08-30,"NORTE DE SANTANDER","CACHIRA",38.89,"HECTAREA",7.684188896,-73.12939481
2010-08-31,"NARIÑO","SANTA BARBARA",215.86,"HECTAREA",2.494420411,-77.98256461
2010-09-05,"BOLÍVAR","RIO VIEJO",186.24,"HECTAREA",8.559982465,-73.90298668
2010-09-05,"NORTE DE SANTANDER","TIBU",13.15,"HECTAREA",8.713507237,-72.79925855
2010-09-07,"CAQUETÁ","BELEN DE LOS ANDAQUIES",39.88,"HECTAREA",1.536174657,-75.90947504
2010-09-07,"CAQUETÁ","EL PAUJIL",5.38,"HECTAREA",1.476630016,-75.20231825
2010-09-07,"CAQUETÁ","FLORENCIA",72.67,"HECTAREA",1.749138704,-75.55823906
2010-09-07,"VICHADA","CUMARIBO",46.46,"HECTAREA",4.262454746,-69.52140484
2010-09-08,"CAQUETÁ","EL DONCELLO",65.85,"HECTAREA",1.713734697,-75.26878109
2010-09-08,"CAQUETÁ","FLORENCIA",365.75,"HECTAREA",1.749138704,-75.55823906
2010-09-08,"CAQUETÁ","PUERTO RICO",329.25,"HECTAREA",2.018940891,-75.07308627
2010-09-09,"CAQUETÁ","CARTAGENA DEL CHAIRA",297.6,"HECTAREA",0.647693081,-74.27235499
2010-09-09,"CAQUETÁ","PUERTO RICO",214.51,"HECTAREA",2.018940891,-75.07308627
2010-09-12,"GUAVIARE","SAN JOSE DEL GUAVIARE",302.12,"HECTAREA",2.484286091,-71.91916993
2010-09-12,"PUTUMAYO","PUERTO GUZMAN",272.47,"HECTAREA",0.746432215,-75.88022979
2010-09-13,"CAQUETÁ","SOLITA",47.25,"HECTAREA",0.943939454,-75.64668544
2010-09-13,"GUAVIARE","SAN JOSE DEL GUAVIARE",679.11,"HECTAREA",2.484286091,-71.91916993
2010-09-13,"PUTUMAYO","PUERTO GUZMAN",47.26,"HECTAREA",0.746432215,-75.88022979
2010-09-14,"PUTUMAYO","ORITO",542.37,"HECTAREA",0.673756323,-76.94313923
2010-09-14,"PUTUMAYO","PUERTO CAICEDO",282.14,"HECTAREA",0.70416861,-76.49864415
2010-09-16,"CAQUETÁ","PUERTO RICO",82.31,"HECTAREA",2.018940891,-75.07308627
2010-09-16,"CAQUETÁ","SAN VICENTE DEL CAGUAN",145.44,"HECTAREA",1.308465061,-74.19746971
2010-09-17,"GUAVIARE","EL RETORNO",482.93,"HECTAREA",2.143447362,-72.24364869
2010-09-17,"PUTUMAYO","PUERTO ASIS",593.49,"HECTAREA",0.433884539,-76.52158203
2010-09-18,"GUAVIARE","SAN JOSE DEL GUAVIARE",462.14,"HECTAREA",2.484286091,-71.91916993
2010-09-18,"PUTUMAYO","PUERTO ASIS",485.3,"HECTAREA",0.433884539,-76.52158203
2010-09-18,"PUTUMAYO","PUERTO CAICEDO",39.74,"HECTAREA",0.70416861,-76.49864415
2010-09-18,"PUTUMAYO","VALLE DEL GUAMUEZ",22.7,"HECTAREA",0.42012589,-76.77067026
2010-09-19,"GUAVIARE","EL RETORNO",129.68,"HECTAREA",2.143447362,-72.24364869
2010-09-19,"GUAVIARE","SAN JOSE DEL GUAVIARE",217.17,"HECTAREA",2.484286091,-71.91916993
2010-09-21,"PUTUMAYO","ORITO",523.94,"HECTAREA",0.673756323,-76.94313923
2010-09-22,"GUAVIARE","SAN JOSE DEL GUAVIARE",378.74,"HECTAREA",2.484286091,-71.91916993
2010-09-22,"PUTUMAYO","ORITO",585.06,"HECTAREA",0.673756323,-76.94313923
2010-09-23,"CAQUETÁ","MILAN",243.11,"HECTAREA",1.146692554,-75.38664764
2010-09-23,"CAQUETÁ","SOLANO",109.84,"HECTAREA",0.096131862,-72.32036402
2010-09-23,"PUTUMAYO","PUERTO GUZMAN",17.23,"HECTAREA",0.746432215,-75.88022979
2010-09-24,"CAQUETÁ","ALBANIA",111.11,"HECTAREA",1.22786549,-75.88232651
2010-09-24,"CAQUETÁ","SOLANO",329.41,"HECTAREA",0.096131862,-72.32036402
2010-09-24,"GUAVIARE","SAN JOSE DEL GUAVIARE",289.71,"HECTAREA",2.484286091,-71.91916993
2010-09-24,"META","MAPIRIPAN",239.54,"HECTAREA",3.117523361,-71.93805692
2010-09-24,"PUTUMAYO","PUERTO GUZMAN",253.06,"HECTAREA",0.746432215,-75.88022979
2010-09-25,"GUAVIARE","EL RETORNO",34.7,"HECTAREA",2.143447362,-72.24364869
2010-09-25,"GUAVIARE","SAN JOSE DEL GUAVIARE",344.38,"HECTAREA",2.484286091,-71.91916993
2010-09-26,"CAQUETÁ","SAN JOSE DEL FRAGUA",63.21,"HECTAREA",1.304702314,-76.11000594
2010-09-26,"CAUCA","PIAMONTE",99.03,"HECTAREA",1.054128816,-76.4443271
2010-09-26,"GUAVIARE","MIRAFLORES",262.19,"HECTAREA",1.363974932,-72.01810951
2010-09-27,"CAQUETÁ","VALPARAISO",141.15,"HECTAREA",1.07534915,-75.73779004
2010-09-27,"GUAVIARE","MIRAFLORES",313.89,"HECTAREA",1.363974932,-72.01810951
2010-09-27,"PUTUMAYO","PUERTO GUZMAN",218.46,"HECTAREA",0.746432215,-75.88022979
2010-09-28,"GUAVIARE","MIRAFLORES",167.56,"HECTAREA",1.363974932,-72.01810951
2010-09-29,"CAQUETÁ","SOLANO",314.97,"HECTAREA",0.096131862,-72.32036402
2010-09-29,"GUAVIARE","MIRAFLORES",102.51,"HECTAREA",1.363974932,-72.01810951
2010-09-30,"CAQUETÁ","MILAN",539.35,"HECTAREA",1.146692554,-75.38664764
2010-10-01,"CAQUETÁ","ALBANIA",33.69,"HECTAREA",1.22786549,-75.88232651
2010-10-01,"CAQUETÁ","CURILLO",155.02,"HECTAREA",1.115379292,-75.97328452
2010-10-01,"CAQUETÁ","SOLITA",266.54,"HECTAREA",0.943939454,-75.64668544
2010-10-01,"GUAVIARE","SAN JOSE DEL GUAVIARE",188.11,"HECTAREA",2.484286091,-71.91916993
2010-10-01,"PUTUMAYO","PUERTO GUZMAN",375.03,"HECTAREA",0.746432215,-75.88022979
2010-10-02,"GUAVIARE","EL RETORNO",145.56,"HECTAREA",2.143447362,-72.24364869
2010-10-05,"CAQUETÁ","EL PAUJIL",74.83,"HECTAREA",1.476630016,-75.20231825
2010-10-05,"CAQUETÁ","LA MONTAÑITA",155.08,"HECTAREA",1.302860442,-75.23572732
2010-10-05,"CAQUETÁ","MILAN",39.14,"HECTAREA",1.146692554,-75.38664764
2010-10-05,"CAQUETÁ","SOLANO",79.9,"HECTAREA",0.096131862,-72.32036402
2010-10-05,"CAQUETÁ","VALPARAISO",105.98,"HECTAREA",1.07534915,-75.73779004
2010-10-05,"GUAVIARE","SAN JOSE DEL GUAVIARE",74.43,"HECTAREA",2.484286091,-71.91916993
2010-10-06,"CAQUETÁ","SOLITA",329.59,"HECTAREA",0.943939454,-75.64668544
2010-10-06,"GUAVIARE","SAN JOSE DEL GUAVIARE",220.09,"HECTAREA",2.484286091,-71.91916993
2010-10-06,"META","MAPIRIPAN",257.5,"HECTAREA",3.117523361,-71.93805692
2010-10-06,"PUTUMAYO","PUERTO GUZMAN",162.94,"HECTAREA",0.746432215,-75.88022979
2010-10-07,"GUAVIARE","SAN JOSE DEL GUAVIARE",206.79,"HECTAREA",2.484286091,-71.91916993
2010-10-07,"META","MAPIRIPAN",95.45,"HECTAREA",3.117523361,-71.93805692
2010-10-07,"META","PUERTO CONCORDIA",77.36,"HECTAREA",2.752260112,-72.7210941
2010-10-08,"CAQUETÁ","BELEN DE LOS ANDAQUIES",133.72,"HECTAREA",1.536174657,-75.90947504
2010-10-08,"CAQUETÁ","SAN JOSE DEL FRAGUA",69.14,"HECTAREA",1.304702314,-76.11000594
2010-10-08,"GUAVIARE","SAN JOSE DEL GUAVIARE",61,"HECTAREA",2.484286091,-71.91916993
2010-10-10,"META","MAPIRIPAN",79.37,"HECTAREA",3.117523361,-71.93805692
2010-10-11,"CAQUETÁ","SOLANO",241.42,"HECTAREA",0.096131862,-72.32036402
2010-10-11,"GUAVIARE","SAN JOSE DEL GUAVIARE",118.36,"HECTAREA",2.484286091,-71.91916993
2010-10-11,"META","LA MACARENA",22.53,"HECTAREA",2.161863917,-74.09488076
2010-10-11,"PUTUMAYO","PUERTO ASIS",121.97,"HECTAREA",0.433884539,-76.52158203
2010-10-11,"PUTUMAYO","PUERTO GUZMAN",138.45,"HECTAREA",0.746432215,-75.88022979
2010-10-11,"PUTUMAYO","LEGUIZAMO",34.42,"HECTAREA",0.05947197,-75.06479327
2010-10-12,"CAQUETÁ","EL PAUJIL",19.62,"HECTAREA",1.476630016,-75.20231825
2010-10-12,"CAQUETÁ","LA MONTAÑITA",25.57,"HECTAREA",1.302860442,-75.23572732
2010-10-12,"CAQUETÁ","PUERTO RICO",159.16,"HECTAREA",2.018940891,-75.07308627
2010-10-12,"CAQUETÁ","SAN VICENTE DEL CAGUAN",110.04,"HECTAREA",1.308465061,-74.19746971
2010-10-12,"CAQUETÁ","SOLANO",68.7,"HECTAREA",0.096131862,-72.32036402
2010-10-12,"META","PUERTO GAITAN",220.58,"HECTAREA",4.005034467,-71.63157429
2010-10-13,"CAQUETÁ","CARTAGENA DEL CHAIRA",206.63,"HECTAREA",0.647693081,-74.27235499
2010-10-13,"META","MAPIRIPAN",335.38,"HECTAREA",3.117523361,-71.93805692
2010-10-13,"META","PUERTO CONCORDIA",19.48,"HECTAREA",2.752260112,-72.7210941
2010-10-14,"PUTUMAYO","ORITO",40.02,"HECTAREA",0.673756323,-76.94313923
2010-10-14,"PUTUMAYO","VILLAGARZON",197.4,"HECTAREA",0.911149515,-76.74495447
2010-10-16,"META","MAPIRIPAN",13.35,"HECTAREA",3.117523361,-71.93805692
2010-10-16,"META","SAN MARTIN",77.54,"HECTAREA",3.515860962,-72.65672742
2010-10-16,"PUTUMAYO","ORITO",103.14,"HECTAREA",0.673756323,-76.94313923
2010-10-16,"PUTUMAYO","VILLAGARZON",53.7,"HECTAREA",0.911149515,-76.74495447
2010-10-17,"CAQUETÁ","CARTAGENA DEL CHAIRA",149.35,"HECTAREA",0.647693081,-74.27235499
2010-10-17,"CAQUETÁ","MILAN",121.05,"HECTAREA",1.146692554,-75.38664764
2010-10-17,"CAQUETÁ","SAN VICENTE DEL CAGUAN",175.29,"HECTAREA",1.308465061,-74.19746971
2010-10-17,"GUAVIARE","EL RETORNO",106.99,"HECTAREA",2.143447362,-72.24364869
2010-10-17,"GUAVIARE","SAN JOSE DEL GUAVIARE",123.79,"HECTAREA",2.484286091,-71.91916993
2010-10-17,"META","MAPIRIPAN",137.97,"HECTAREA",3.117523361,-71.93805692
2010-10-18,"CAQUETÁ","CARTAGENA DEL CHAIRA",188.21,"HECTAREA",0.647693081,-74.27235499
2010-10-18,"CAQUETÁ","SAN VICENTE DEL CAGUAN",236.41,"HECTAREA",1.308465061,-74.19746971
2010-10-18,"GUAVIARE","EL RETORNO",9.42,"HECTAREA",2.143447362,-72.24364869
2010-10-18,"GUAVIARE","SAN JOSE DEL GUAVIARE",169.26,"HECTAREA",2.484286091,-71.91916993
2010-10-18,"META","LA MACARENA",13.92,"HECTAREA",2.161863917,-74.09488076
2010-10-23,"GUAVIARE","SAN JOSE DEL GUAVIARE",144.88,"HECTAREA",2.484286091,-71.91916993
2010-10-23,"PUTUMAYO","ORITO",147.08,"HECTAREA",0.673756323,-76.94313923
2010-10-23,"PUTUMAYO","VALLE DEL GUAMUEZ",166.3,"HECTAREA",0.42012589,-76.77067026
2010-10-24,"PUTUMAYO","LEGUIZAMO",4.29,"HECTAREA",0.05947197,-75.06479327
2010-10-24,"VICHADA","CUMARIBO",24.58,"HECTAREA",4.262454746,-69.52140484
2010-10-25,"CAQUETÁ","MILAN",74.59,"HECTAREA",1.146692554,-75.38664764
2010-10-25,"CAQUETÁ","SOLANO",74.59,"HECTAREA",0.096131862,-72.32036402
2010-10-25,"GUAVIARE","SAN JOSE DEL GUAVIARE",41.89,"HECTAREA",2.484286091,-71.91916993
2010-10-25,"VICHADA","CUMARIBO",11.9,"HECTAREA",4.262454746,-69.52140484
2010-10-26,"CAQUETÁ","SOLANO",470.83,"HECTAREA",0.096131862,-72.32036402
2010-10-26,"VICHADA","CUMARIBO",290.42,"HECTAREA",4.262454746,-69.52140484
2010-10-27,"GUAVIARE","CALAMAR",83.03,"HECTAREA",1.613634284,-73.0342639
2010-10-27,"GUAVIARE","MIRAFLORES",87.04,"HECTAREA",1.363974932,-72.01810951
2010-10-27,"GUAVIARE","SAN JOSE DEL GUAVIARE",170.46,"HECTAREA",2.484286091,-71.91916993
2010-10-27,"VICHADA","CUMARIBO",23.15,"HECTAREA",4.262454746,-69.52140484
2010-10-28,"CAQUETÁ","CARTAGENA DEL CHAIRA",481.94,"HECTAREA",0.647693081,-74.27235499
2010-10-28,"GUAVIARE","SAN JOSE DEL GUAVIARE",160.27,"HECTAREA",2.484286091,-71.91916993
2010-10-28,"VICHADA","CUMARIBO",291.48,"HECTAREA",4.262454746,-69.52140484
2010-10-29,"CAQUETÁ","BELEN DE LOS ANDAQUIES",34.56,"HECTAREA",1.536174657,-75.90947504
2010-10-29,"CAQUETÁ","CARTAGENA DEL CHAIRA",38.09,"HECTAREA",0.647693081,-74.27235499
2010-10-29,"CAQUETÁ","SAN JOSE DEL FRAGUA",170.21,"HECTAREA",1.304702314,-76.11000594
2010-10-29,"GUAVIARE","CALAMAR",21.66,"HECTAREA",1.613634284,-73.0342639
2010-10-29,"VICHADA","CUMARIBO",18.55,"HECTAREA",4.262454746,-69.52140484
2010-10-30,"GUAVIARE","CALAMAR",179.37,"HECTAREA",1.613634284,-73.0342639
2010-10-31,"GUAVIARE","CALAMAR",333.29,"HECTAREA",1.613634284,-73.0342639
2010-11-01,"VICHADA","CUMARIBO",154.9,"HECTAREA",4.262454746,-69.52140484
2010-11-02,"CAQUETÁ","LA MONTAÑITA",202.36,"HECTAREA",1.302860442,-75.23572732
2010-11-03,"CAQUETÁ","LA MONTAÑITA",166.41,"HECTAREA",1.302860442,-75.23572732
2010-11-04,"GUAVIARE","CALAMAR",299.23,"HECTAREA",1.613634284,-73.0342639
2010-11-05,"CAQUETÁ","CARTAGENA DEL CHAIRA",149.8,"HECTAREA",0.647693081,-74.27235499
2010-11-05,"GUAVIARE","CALAMAR",268.65,"HECTAREA",1.613634284,-73.0342639
2010-11-06,"GUAVIARE","CALAMAR",315.77,"HECTAREA",1.613634284,-73.0342639
2010-11-06,"VICHADA","CUMARIBO",27.6,"HECTAREA",4.262454746,-69.52140484
2010-11-07,"CAQUETÁ","CARTAGENA DEL CHAIRA",167.7,"HECTAREA",0.647693081,-74.27235499
2010-11-07,"GUAVIARE","SAN JOSE DEL GUAVIARE",267.56,"HECTAREA",2.484286091,-71.91916993
2010-11-08,"META","PUERTO CONCORDIA",67.52,"HECTAREA",2.752260112,-72.7210941
2010-11-08,"META","PUERTO RICO",314.45,"HECTAREA",2.758083657,-73.13780171
2010-11-08,"PUTUMAYO","PUERTO ASIS",153.3,"HECTAREA",0.433884539,-76.52158203
2010-11-08,"PUTUMAYO","VALLE DEL GUAMUEZ",74.49,"HECTAREA",0.42012589,-76.77067026
2010-11-09,"META","PUERTO RICO",32.31,"HECTAREA",2.758083657,-73.13780171
2010-11-10,"VICHADA","CUMARIBO",75.99,"HECTAREA",4.262454746,-69.52140484
2010-11-11,"VICHADA","CUMARIBO",5.09,"HECTAREA",4.262454746,-69.52140484
2010-11-12,"VICHADA","CUMARIBO",105.86,"HECTAREA",4.262454746,-69.52140484
2010-11-13,"VICHADA","CUMARIBO",133.9,"HECTAREA",4.262454746,-69.52140484
2010-11-14,"META","PUERTO RICO",216.23,"HECTAREA",2.758083657,-73.13780171
2010-11-14,"PUTUMAYO","MOCOA",65.81,"HECTAREA",1.26070915,-76.66584349
2010-11-14,"PUTUMAYO","PUERTO CAICEDO",40.42,"HECTAREA",0.70416861,-76.49864415
2010-11-14,"PUTUMAYO","PUERTO GUZMAN",47.64,"HECTAREA",0.746432215,-75.88022979
2010-11-14,"PUTUMAYO","VILLAGARZON",382.68,"HECTAREA",0.911149515,-76.74495447
2010-11-15,"META","PUERTO RICO",72.62,"HECTAREA",2.758083657,-73.13780171
2010-11-15,"META","VISTAHERMOSA",12.27,"HECTAREA",2.811616698,-73.66652234
2010-11-15,"PUTUMAYO","LEGUIZAMO",245.72,"HECTAREA",0.05947197,-75.06479327
2010-11-16,"GUAVIARE","SAN JOSE DEL GUAVIARE",43.22,"HECTAREA",2.484286091,-71.91916993
2010-11-16,"META","PUERTO RICO",116.59,"HECTAREA",2.758083657,-73.13780171
2010-11-17,"META","PUERTO LLERAS",7.53,"HECTAREA",3.193092925,-73.23671436
2010-11-17,"META","PUERTO RICO",4.23,"HECTAREA",2.758083657,-73.13780171
2010-11-17,"META","SAN JUAN DE ARAMA",0.53,"HECTAREA",3.289851171,-73.81635243
2010-11-17,"META","VISTAHERMOSA",14.9,"HECTAREA",2.811616698,-73.66652234
2010-11-17,"PUTUMAYO","VALLE DEL GUAMUEZ",51.36,"HECTAREA",0.42012589,-76.77067026
2010-11-18,"PUTUMAYO","LEGUIZAMO",397.45,"HECTAREA",0.05947197,-75.06479327
2010-11-19,"CAQUETÁ","SOLANO",115.79,"HECTAREA",0.096131862,-72.32036402
2010-11-19,"GUAVIARE","CALAMAR",12.88,"HECTAREA",1.613634284,-73.0342639
2010-11-19,"GUAVIARE","EL RETORNO",12.36,"HECTAREA",2.143447362,-72.24364869
2010-11-19,"PUTUMAYO","LEGUIZAMO",191.81,"HECTAREA",0.05947197,-75.06479327
2010-11-20,"CAQUETÁ","SOLANO",132.26,"HECTAREA",0.096131862,-72.32036402
2010-11-20,"PUTUMAYO","PUERTO GUZMAN",126.1,"HECTAREA",0.746432215,-75.88022979
2010-11-21,"CAQUETÁ","SOLANO",105.36,"HECTAREA",0.096131862,-72.32036402
2010-11-21,"META","VISTAHERMOSA",10.15,"HECTAREA",2.811616698,-73.66652234
2010-11-21,"PUTUMAYO","PUERTO GUZMAN",97.16,"HECTAREA",0.746432215,-75.88022979
2010-11-22,"CAQUETÁ","CARTAGENA DEL CHAIRA",51.1,"HECTAREA",0.647693081,-74.27235499
2010-11-22,"CAQUETÁ","SOLANO",6.41,"HECTAREA",0.096131862,-72.32036402
2010-11-23,"CAQUETÁ","SOLANO",2.68,"HECTAREA",0.096131862,-72.32036402
2010-11-23,"CAQUETÁ","SOLITA",9.99,"HECTAREA",0.943939454,-75.64668544
2010-11-23,"PUTUMAYO","PUERTO GUZMAN",203.46,"HECTAREA",0.746432215,-75.88022979
2010-11-24,"CAQUETÁ","SOLANO",18.3,"HECTAREA",0.096131862,-72.32036402
2010-11-24,"GUAVIARE","CALAMAR",149.7,"HECTAREA",1.613634284,-73.0342639
2010-11-25,"GUAVIARE","CALAMAR",132.21,"HECTAREA",1.613634284,-73.0342639
2010-11-25,"GUAVIARE","MIRAFLORES",115.38,"HECTAREA",1.363974932,-72.01810951
2010-11-25,"PUTUMAYO","ORITO",62.07,"HECTAREA",0.673756323,-76.94313923
2010-11-26,"CAQUETÁ","SOLANO",309.64,"HECTAREA",0.096131862,-72.32036402
2010-11-26,"GUAVIARE","EL RETORNO",121.65,"HECTAREA",2.143447362,-72.24364869
2010-11-27,"PUTUMAYO","PUERTO CAICEDO",296.73,"HECTAREA",0.70416861,-76.49864415
2010-11-27,"PUTUMAYO","PUERTO GUZMAN",148.69,"HECTAREA",0.746432215,-75.88022979
2010-11-28,"PUTUMAYO","PUERTO CAICEDO",81.43,"HECTAREA",0.70416861,-76.49864415
2010-11-28,"PUTUMAYO","PUERTO GUZMAN",82.83,"HECTAREA",0.746432215,-75.88022979
2010-11-29,"CAUCA","PIAMONTE",59.15,"HECTAREA",1.054128816,-76.4443271
2010-11-29,"META","VISTAHERMOSA",109.46,"HECTAREA",2.811616698,-73.66652234
2010-12-02,"META","VISTAHERMOSA",99.68,"HECTAREA",2.811616698,-73.66652234
2010-12-14,"GUAVIARE","SAN JOSE DEL GUAVIARE",99.26,"HECTAREA",2.484286091,-71.91916993
2010-12-15,"META","VISTAHERMOSA",60.71,"HECTAREA",2.811616698,-73.66652234
2010-12-19,"CAUCA","PATIA",156.01,"HECTAREA",2.157983906,-77.0465762
2010-12-21,"NARIÑO","BARBACOAS",95.04,"HECTAREA",1.44563774,-78.15621072
2010-12-23,"NARIÑO","EL CHARCO",66.52,"HECTAREA",2.216382295,-77.99533234
2010-12-23,"NARIÑO","SAN ANDRES DE TUMACO",291.18,"HECTAREA",1.574550638,-78.61540963
2011-01-02,"CAUCA","ROSAS",36.83,"HECTAREA",2.260421954,-76.74582033
2011-01-05,"NARIÑO","SAN ANDRES DE TUMACO",228.56,"HECTAREA",1.574550638,-78.61540963
2011-01-06,"CAUCA","MERCADERES",62.81,"HECTAREA",1.793825164,-77.18060381
2011-01-06,"CAUCA","PATIA",25.78,"HECTAREA",2.157983906,-77.0465762
2011-01-07,"NARIÑO","FRANCISCO PIZARRO",146.06,"HECTAREA",2.088531925,-78.59193099
2011-01-07,"NARIÑO","ROBERTO PAYAN",118.08,"HECTAREA",1.897581156,-78.3811163
2011-01-08,"CAUCA","MERCADERES",28.91,"HECTAREA",1.793825164,-77.18060381
2011-01-08,"NARIÑO","LEIVA",35.23,"HECTAREA",1.900862361,-77.31220073
2011-01-08,"NARIÑO","SAN ANDRES DE TUMACO",189.21,"HECTAREA",1.574550638,-78.61540963
2011-01-09,"NARIÑO","BARBACOAS",70.71,"HECTAREA",1.44563774,-78.15621072
2011-01-09,"NARIÑO","SAN ANDRES DE TUMACO",163.48,"HECTAREA",1.574550638,-78.61540963
2011-01-10,"CAUCA","EL TAMBO",47.13,"HECTAREA",2.534488312,-77.00511207
2011-01-10,"CAUCA","ROSAS",40.74,"HECTAREA",2.260421954,-76.74582033
2011-01-10,"NARIÑO","EL CHARCO",364.46,"HECTAREA",2.216382295,-77.99533234
2011-01-11,"NARIÑO","MAGUI",229.51,"HECTAREA",1.906858429,-78.04473644
2011-01-13,"NARIÑO","FRANCISCO PIZARRO",71.76,"HECTAREA",2.088531925,-78.59193099
2011-01-13,"NARIÑO","MAGUI",230.8,"HECTAREA",1.906858429,-78.04473644
2011-01-15,"ANTIOQUIA","CACERES",142.53,"HECTAREA",7.665155105,-75.22369744
2011-01-15,"ANTIOQUIA","EL BAGRE",270.24,"HECTAREA",7.704633351,-74.66427726
2011-01-16,"ANTIOQUIA","EL BAGRE",522.27,"HECTAREA",7.704633351,-74.66427726
2011-01-17,"ANTIOQUIA","TARAZA",120.11,"HECTAREA",7.488875998,-75.40189438
2011-01-18,"ANTIOQUIA","EL BAGRE",370.99,"HECTAREA",7.704633351,-74.66427726
2011-01-18,"NARIÑO","EL CHARCO",242.11,"HECTAREA",2.216382295,-77.99533234
2011-01-19,"BOLÍVAR","ACHI",127.76,"HECTAREA",8.622943262,-74.47805945
2011-01-19,"BOLÍVAR","MONTECRISTO",295.52,"HECTAREA",8.01710024,-74.46342911
2011-01-21,"ANTIOQUIA","AMALFI",103.47,"HECTAREA",6.977788843,-74.9812393
2011-01-21,"ANTIOQUIA","ANORI",267.16,"HECTAREA",7.193110778,-75.10848954
2011-01-21,"ANTIOQUIA","EL BAGRE",18.7,"HECTAREA",7.704633351,-74.66427726
2011-01-21,"ANTIOQUIA","SEGOVIA",205.3,"HECTAREA",7.26692339,-74.62163926
2011-01-21,"ANTIOQUIA","ZARAGOZA",27.56,"HECTAREA",7.474004006,-74.85848326
2011-01-21,"NARIÑO","ROBERTO PAYAN",530.65,"HECTAREA",1.897581156,-78.3811163
2011-01-22,"ANTIOQUIA","EL BAGRE",130.22,"HECTAREA",7.704633351,-74.66427726
2011-01-22,"BOLÍVAR","MONTECRISTO",12,"HECTAREA",8.01710024,-74.46342911
2011-01-22,"NARIÑO","ROBERTO PAYAN",334.06,"HECTAREA",1.897581156,-78.3811163
2011-01-23,"ANTIOQUIA","EL BAGRE",134.74,"HECTAREA",7.704633351,-74.66427726
2011-01-23,"ANTIOQUIA","NECHI",136.88,"HECTAREA",7.983477394,-74.65844186
2011-01-23,"BOLÍVAR","MONTECRISTO",256.64,"HECTAREA",8.01710024,-74.46342911
2011-01-23,"BOLÍVAR","TIQUISIO",27.81,"HECTAREA",8.492345176,-74.29676139
2011-01-24,"ANTIOQUIA","CACERES",105.53,"HECTAREA",7.665155105,-75.22369744
2011-01-24,"ANTIOQUIA","NECHI",114.68,"HECTAREA",7.983477394,-74.65844186
2011-01-24,"NARIÑO","ROBERTO PAYAN",480.39,"HECTAREA",1.897581156,-78.3811163
2011-01-25,"ANTIOQUIA","CACERES",588.59,"HECTAREA",7.665155105,-75.22369744
2011-01-26,"ANTIOQUIA","ANORI",72.97,"HECTAREA",7.193110778,-75.10848954
2011-01-26,"ANTIOQUIA","CACERES",134.04,"HECTAREA",7.665155105,-75.22369744
2011-01-26,"ANTIOQUIA","ZARAGOZA",133.32,"HECTAREA",7.474004006,-74.85848326
2011-01-27,"ANTIOQUIA","NECHI",131.25,"HECTAREA",7.983477394,-74.65844186
2011-01-27,"ANTIOQUIA","TARAZA",102.43,"HECTAREA",7.488875998,-75.40189438
2011-01-28,"ANTIOQUIA","EL BAGRE",64.53,"HECTAREA",7.704633351,-74.66427726
2011-01-28,"ANTIOQUIA","NECHI",35.81,"HECTAREA",7.983477394,-74.65844186
2011-01-28,"BOLÍVAR","MONTECRISTO",35.8,"HECTAREA",8.01710024,-74.46342911
2011-01-28,"BOLÍVAR","SAN JACINTO DEL CAUCA",137.68,"HECTAREA",8.212463202,-74.75082
2011-01-29,"ANTIOQUIA","CACERES",79.94,"HECTAREA",7.665155105,-75.22369744
2011-01-29,"ANTIOQUIA","TARAZA",120.49,"HECTAREA",7.488875998,-75.40189438
2011-01-29,"NARIÑO","FRANCISCO PIZARRO",19.25,"HECTAREA",2.088531925,-78.59193099
2011-01-29,"NARIÑO","OLAYA HERRERA",60.36,"HECTAREA",2.287856547,-78.31219024
2011-01-29,"NARIÑO","ROBERTO PAYAN",79.59,"HECTAREA",1.897581156,-78.3811163
2011-01-29,"NARIÑO","SAN ANDRES DE TUMACO",19.26,"HECTAREA",1.574550638,-78.61540963
2011-01-30,"ANTIOQUIA","ANORI",97.76,"HECTAREA",7.193110778,-75.10848954
2011-01-30,"ANTIOQUIA","CACERES",35.52,"HECTAREA",7.665155105,-75.22369744
2011-01-30,"ANTIOQUIA","TARAZA",139.6,"HECTAREA",7.488875998,-75.40189438
2011-01-30,"BOLÍVAR","MONTECRISTO",133.39,"HECTAREA",8.01710024,-74.46342911
2011-01-31,"ANTIOQUIA","BRICEÑO",186.07,"HECTAREA",7.111788462,-75.56223474
2011-01-31,"ANTIOQUIA","ITUANGO",10.3,"HECTAREA",7.341549718,-75.67842277
2011-02-01,"BOLÍVAR","MONTECRISTO",135.71,"HECTAREA",8.01710024,-74.46342911
2011-02-01,"NARIÑO","MAGUI",157.03,"HECTAREA",1.906858429,-78.04473644
2011-02-02,"NARIÑO","BARBACOAS",57.13,"HECTAREA",1.44563774,-78.15621072
2011-02-02,"NARIÑO","SAN ANDRES DE TUMACO",72.59,"HECTAREA",1.574550638,-78.61540963
2011-02-03,"NARIÑO","EL CHARCO",40.31,"HECTAREA",2.216382295,-77.99533234
2011-02-03,"NARIÑO","MAGUI",40.19,"HECTAREA",1.906858429,-78.04473644
2011-02-03,"NARIÑO","ROBERTO PAYAN",80.5,"HECTAREA",1.897581156,-78.3811163
2011-02-04,"CÓRDOBA","MONTELIBANO",270.04,"HECTAREA",7.866432635,-75.87533926
2011-02-04,"CÓRDOBA","PUERTO LIBERTADOR",89.39,"HECTAREA",7.711515736,-75.77123224
2011-02-05,"CÓRDOBA","MONTELIBANO",195.55,"HECTAREA",7.866432635,-75.87533926
2011-02-05,"CÓRDOBA","PUERTO LIBERTADOR",397.2,"HECTAREA",7.711515736,-75.77123224
2011-02-06,"CÓRDOBA","MONTELIBANO",207.95,"HECTAREA",7.866432635,-75.87533926
2011-02-06,"CÓRDOBA","PUERTO LIBERTADOR",205.36,"HECTAREA",7.711515736,-75.77123224
2011-02-07,"ANTIOQUIA","TARAZA",146.61,"HECTAREA",7.488875998,-75.40189438
2011-02-08,"CÓRDOBA","TIERRALTA",295.04,"HECTAREA",7.813896829,-76.16846678
2011-02-08,"NARIÑO","SAN ANDRES DE TUMACO",296.14,"HECTAREA",1.574550638,-78.61540963
2011-02-09,"CÓRDOBA","TIERRALTA",69.5,"HECTAREA",7.813896829,-76.16846678
2011-02-09,"NARIÑO","EL CHARCO",117.61,"HECTAREA",2.216382295,-77.99533234
2011-02-09,"NARIÑO","MAGUI",117.6,"HECTAREA",1.906858429,-78.04473644
2011-02-10,"CÓRDOBA","MONTELIBANO",66.23,"HECTAREA",7.866432635,-75.87533926
2011-02-10,"CÓRDOBA","PUERTO LIBERTADOR",163.05,"HECTAREA",7.711515736,-75.77123224
2011-02-10,"NARIÑO","MAGUI",77.92,"HECTAREA",1.906858429,-78.04473644
2011-02-12,"NARIÑO","MAGUI",467.81,"HECTAREA",1.906858429,-78.04473644
2011-02-12,"NARIÑO","ROBERTO PAYAN",133.03,"HECTAREA",1.897581156,-78.3811163
2011-02-14,"ANTIOQUIA","TARAZA",119.54,"HECTAREA",7.488875998,-75.40189438
2011-02-14,"ANTIOQUIA","VALDIVIA",67.75,"HECTAREA",7.265404213,-75.40094502
2011-02-14,"NARIÑO","BARBACOAS",539.66,"HECTAREA",1.44563774,-78.15621072
2011-02-14,"NARIÑO","ROBERTO PAYAN",74.04,"HECTAREA",1.897581156,-78.3811163
2011-02-14,"NARIÑO","SAN ANDRES DE TUMACO",238.06,"HECTAREA",1.574550638,-78.61540963
2011-02-15,"NARIÑO","BARBACOAS",245.59,"HECTAREA",1.44563774,-78.15621072
2011-02-15,"NARIÑO","ROBERTO PAYAN",11.47,"HECTAREA",1.897581156,-78.3811163
2011-02-15,"NARIÑO","SAN ANDRES DE TUMACO",301,"HECTAREA",1.574550638,-78.61540963
2011-02-16,"NARIÑO","EL CHARCO",75.83,"HECTAREA",2.216382295,-77.99533234
2011-02-16,"NARIÑO","MAGUI",258.9,"HECTAREA",1.906858429,-78.04473644
2011-02-16,"NARIÑO","SAN ANDRES DE TUMACO",262.1,"HECTAREA",1.574550638,-78.61540963
2011-02-17,"BOLÍVAR","ALTOS DEL ROSARIO",17.69,"HECTAREA",8.757468863,-74.19515811
2011-02-17,"BOLÍVAR","TIQUISIO",79.87,"HECTAREA",8.492345176,-74.29676139
2011-02-17,"NARIÑO","BARBACOAS",44.31,"HECTAREA",1.44563774,-78.15621072
2011-02-17,"NARIÑO","MAGUI",349.79,"HECTAREA",1.906858429,-78.04473644
2011-02-17,"NARIÑO","ROBERTO PAYAN",44.31,"HECTAREA",1.897581156,-78.3811163
2011-02-17,"NARIÑO","SAN ANDRES DE TUMACO",75.82,"HECTAREA",1.574550638,-78.61540963
2011-02-18,"NARIÑO","BARBACOAS",145.5,"HECTAREA",1.44563774,-78.15621072
2011-02-18,"NARIÑO","SAN ANDRES DE TUMACO",247.53,"HECTAREA",1.574550638,-78.61540963
2011-02-19,"CÓRDOBA","MONTELIBANO",92.25,"HECTAREA",7.866432635,-75.87533926
2011-02-19,"CÓRDOBA","PUERTO LIBERTADOR",31.3,"HECTAREA",7.711515736,-75.77123224
2011-02-19,"CÓRDOBA","TIERRALTA",35.39,"HECTAREA",7.813896829,-76.16846678
2011-02-19,"NARIÑO","MAGUI",90.05,"HECTAREA",1.906858429,-78.04473644
2011-02-20,"ANTIOQUIA","ANORI",120.38,"HECTAREA",7.193110778,-75.10848954
2011-02-20,"NARIÑO","BARBACOAS",77,"HECTAREA",1.44563774,-78.15621072
2011-02-20,"NARIÑO","MAGUI",162.24,"HECTAREA",1.906858429,-78.04473644
2011-02-20,"NARIÑO","SAN ANDRES DE TUMACO",84.25,"HECTAREA",1.574550638,-78.61540963
2011-02-22,"NARIÑO","BARBACOAS",154.66,"HECTAREA",1.44563774,-78.15621072
2011-02-22,"NARIÑO","MAGUI",87.22,"HECTAREA",1.906858429,-78.04473644
2011-02-22,"NARIÑO","SAN ANDRES DE TUMACO",84.36,"HECTAREA",1.574550638,-78.61540963
2011-02-23,"ANTIOQUIA","TARAZA",150.6,"HECTAREA",7.488875998,-75.40189438
2011-02-25,"NARIÑO","MAGUI",162.75,"HECTAREA",1.906858429,-78.04473644
2011-02-25,"NARIÑO","ROBERTO PAYAN",79.96,"HECTAREA",1.897581156,-78.3811163
2011-02-25,"NARIÑO","SAN ANDRES DE TUMACO",137.97,"HECTAREA",1.574550638,-78.61540963
2011-02-26,"ANTIOQUIA","ITUANGO",9.82,"HECTAREA",7.341549718,-75.67842277
2011-02-26,"NARIÑO","MAGUI",18.73,"HECTAREA",1.906858429,-78.04473644
2011-02-26,"NARIÑO","SAN ANDRES DE TUMACO",38.61,"HECTAREA",1.574550638,-78.61540963
2011-02-27,"ANTIOQUIA","YONDO",112.31,"HECTAREA",6.925159318,-74.15824041
2011-02-27,"BOLÍVAR","CANTAGALLO",44.59,"HECTAREA",7.239229146,-74.10014043
2011-03-01,"ANTIOQUIA","CACERES",66.67,"HECTAREA",7.665155105,-75.22369744
2011-03-01,"ANTIOQUIA","TARAZA",65.97,"HECTAREA",7.488875998,-75.40189438
2011-03-01,"ANTIOQUIA","VALDIVIA",198.82,"HECTAREA",7.265404213,-75.40094502
2011-03-02,"CAUCA","GUAPI",26.16,"HECTAREA",2.41326696,-77.69047531
2011-03-02,"NARIÑO","BARBACOAS",64.1,"HECTAREA",1.44563774,-78.15621072
2011-03-02,"NARIÑO","EL CHARCO",3.87,"HECTAREA",2.216382295,-77.99533234
2011-03-02,"NARIÑO","FRANCISCO PIZARRO",40.87,"HECTAREA",2.088531925,-78.59193099
2011-03-02,"NARIÑO","MAGUI",203.16,"HECTAREA",1.906858429,-78.04473644
2011-03-02,"NARIÑO","SAN ANDRES DE TUMACO",115.55,"HECTAREA",1.574550638,-78.61540963
2011-03-03,"NARIÑO","EL CHARCO",18.82,"HECTAREA",2.216382295,-77.99533234
2011-03-03,"NARIÑO","MAGUI",114.15,"HECTAREA",1.906858429,-78.04473644
2011-03-03,"NARIÑO","OLAYA HERRERA",46.59,"HECTAREA",2.287856547,-78.31219024
2011-03-04,"ANTIOQUIA","ANORI",16.62,"HECTAREA",7.193110778,-75.10848954
2011-03-04,"NARIÑO","EL ROSARIO",209.89,"HECTAREA",1.887689437,-77.48319589
2011-03-04,"NARIÑO","LA TOLA",117.89,"HECTAREA",2.56027333,-78.23506694
2011-03-04,"NARIÑO","OLAYA HERRERA",117.46,"HECTAREA",2.287856547,-78.31219024
2011-03-05,"NARIÑO","EL CHARCO",147.81,"HECTAREA",2.216382295,-77.99533234
2011-03-05,"NARIÑO","LA TOLA",77.82,"HECTAREA",2.56027333,-78.23506694
2011-03-05,"NARIÑO","SANTA BARBARA",94.52,"HECTAREA",2.494420411,-77.98256461
2011-03-06,"CAUCA","GUAPI",52.84,"HECTAREA",2.41326696,-77.69047531
2011-03-06,"NARIÑO","SANTA BARBARA",186.88,"HECTAREA",2.494420411,-77.98256461
2011-03-07,"NARIÑO","MAGUI",184.69,"HECTAREA",1.906858429,-78.04473644
2011-03-09,"BOLÍVAR","RIO VIEJO",123.39,"HECTAREA",8.559982465,-73.90298668
2011-03-10,"ANTIOQUIA","AMALFI",25.74,"HECTAREA",6.977788843,-74.9812393
2011-03-10,"ANTIOQUIA","REMEDIOS",112.92,"HECTAREA",6.997267375,-74.55865652
2011-03-10,"ANTIOQUIA","SEGOVIA",25.74,"HECTAREA",7.26692339,-74.62163926
2011-03-10,"CAUCA","GUAPI",1.9,"HECTAREA",2.41326696,-77.69047531
2011-03-12,"NARIÑO","EL CHARCO",162.31,"HECTAREA",2.216382295,-77.99533234
2011-03-12,"NARIÑO","SANTA BARBARA",81.57,"HECTAREA",2.494420411,-77.98256461
2011-03-13,"BOLÍVAR","ARENAL",56.18,"HECTAREA",8.362996158,-74.10301905
2011-03-13,"BOLÍVAR","MORALES",27.69,"HECTAREA",8.253700061,-73.9713459
2011-03-13,"BOLÍVAR","RIO VIEJO",23.14,"HECTAREA",8.559982465,-73.90298668
2011-03-14,"BOLÍVAR","SANTA ROSA DEL SUR",158.67,"HECTAREA",7.772519173,-74.26272843
2011-03-14,"BOLÍVAR","SIMITI",31.73,"HECTAREA",7.851315534,-73.98371609
2011-03-14,"CAUCA","GUAPI",240.04,"HECTAREA",2.41326696,-77.69047531
2011-03-14,"NARIÑO","SANTA BARBARA",60.89,"HECTAREA",2.494420411,-77.98256461
2011-03-15,"CAUCA","GUAPI",239.43,"HECTAREA",2.41326696,-77.69047531
2011-03-15,"CAUCA","TIMBIQUI",239.57,"HECTAREA",2.699475127,-77.49131577
2011-03-16,"BOLÍVAR","SANTA ROSA DEL SUR",137.06,"HECTAREA",7.772519173,-74.26272843
2011-03-17,"CAUCA","GUAPI",237.86,"HECTAREA",2.41326696,-77.69047531
2011-03-17,"CAUCA","TIMBIQUI",246.76,"HECTAREA",2.699475127,-77.49131577
2011-03-18,"CAUCA","TIMBIQUI",242.93,"HECTAREA",2.699475127,-77.49131577
2011-03-19,"CAUCA","TIMBIQUI",245.25,"HECTAREA",2.699475127,-77.49131577
2011-03-21,"CAUCA","TIMBIQUI",633,"HECTAREA",2.699475127,-77.49131577
2011-03-22,"CAQUETÁ","PUERTO RICO",259.27,"HECTAREA",2.018940891,-75.07308627
2011-03-22,"CAQUETÁ","SAN VICENTE DEL CAGUAN",29.36,"HECTAREA",1.308465061,-74.19746971
2011-03-24,"PUTUMAYO","PUERTO ASIS",121.83,"HECTAREA",0.433884539,-76.52158203
2011-03-24,"PUTUMAYO","PUERTO CAICEDO",119.54,"HECTAREA",0.70416861,-76.49864415
2011-03-25,"NARIÑO","EL CHARCO",157.88,"HECTAREA",2.216382295,-77.99533234
2011-03-25,"NARIÑO","SANTA BARBARA",117.55,"HECTAREA",2.494420411,-77.98256461
2011-03-26,"CAQUETÁ","CARTAGENA DEL CHAIRA",48.4,"HECTAREA",0.647693081,-74.27235499
2011-03-26,"CAQUETÁ","MILAN",61.9,"HECTAREA",1.146692554,-75.38664764
2011-03-27,"PUTUMAYO","LEGUIZAMO",171.54,"HECTAREA",0.05947197,-75.06479327
2011-03-31,"CAUCA","GUAPI",129.33,"HECTAREA",2.41326696,-77.69047531
2011-03-31,"NARIÑO","BARBACOAS",241.46,"HECTAREA",1.44563774,-78.15621072
2011-04-01,"CAQUETÁ","SOLANO",133.07,"HECTAREA",0.096131862,-72.32036402
2011-04-01,"CAUCA","BOLIVAR",17.18,"HECTAREA",1.853951938,-76.96337454
2011-04-01,"NARIÑO","BARBACOAS",390.17,"HECTAREA",1.44563774,-78.15621072
2011-04-01,"NARIÑO","SAN ANDRES DE TUMACO",82.8,"HECTAREA",1.574550638,-78.61540963
2011-04-02,"CAQUETÁ","EL DONCELLO",55.25,"HECTAREA",1.713734697,-75.26878109
2011-04-02,"CAQUETÁ","EL PAUJIL",28.7,"HECTAREA",1.476630016,-75.20231825
2011-04-02,"CAQUETÁ","PUERTO RICO",107.58,"HECTAREA",2.018940891,-75.07308627
2011-04-02,"CAQUETÁ","SOLANO",139.55,"HECTAREA",0.096131862,-72.32036402
2011-04-02,"NARIÑO","BARBACOAS",273.79,"HECTAREA",1.44563774,-78.15621072
2011-04-02,"NARIÑO","SAN ANDRES DE TUMACO",40.46,"HECTAREA",1.574550638,-78.61540963
2011-04-03,"NARIÑO","BARBACOAS",154.99,"HECTAREA",1.44563774,-78.15621072
2011-04-03,"NARIÑO","MAGUI",153.48,"HECTAREA",1.906858429,-78.04473644
2011-04-05,"NARIÑO","BARBACOAS",25.45,"HECTAREA",1.44563774,-78.15621072
2011-04-05,"NARIÑO","LEIVA",17.69,"HECTAREA",1.900862361,-77.31220073
2011-04-05,"NARIÑO","ROBERTO PAYAN",63.07,"HECTAREA",1.897581156,-78.3811163
2011-04-05,"NARIÑO","SAN ANDRES DE TUMACO",63.06,"HECTAREA",1.574550638,-78.61540963
2011-04-07,"CAUCA","EL TAMBO",31.21,"HECTAREA",2.534488312,-77.00511207
2011-04-07,"CAUCA","ROSAS",10.41,"HECTAREA",2.260421954,-76.74582033
2011-04-08,"CAQUETÁ","LA MONTAÑITA",38.15,"HECTAREA",1.302860442,-75.23572732
2011-04-08,"CAUCA","BALBOA",12.83,"HECTAREA",2.084732945,-77.2088133
2011-04-08,"CAUCA","BOLIVAR",57.32,"HECTAREA",1.853951938,-76.96337454
2011-04-09,"CAUCA","GUAPI",155.33,"HECTAREA",2.41326696,-77.69047531
2011-04-10,"CAUCA","BALBOA",50.09,"HECTAREA",2.084732945,-77.2088133
2011-04-10,"CAUCA","PATIA",60.74,"HECTAREA",2.157983906,-77.0465762
2011-04-11,"CAQUETÁ","CARTAGENA DEL CHAIRA",98.77,"HECTAREA",0.647693081,-74.27235499
2011-04-11,"CAQUETÁ","EL DONCELLO",16.54,"HECTAREA",1.713734697,-75.26878109
2011-04-11,"CAQUETÁ","LA MONTAÑITA",147.91,"HECTAREA",1.302860442,-75.23572732
2011-04-11,"CAQUETÁ","PUERTO RICO",68.03,"HECTAREA",2.018940891,-75.07308627
2011-04-11,"CAQUETÁ","SAN VICENTE DEL CAGUAN",66.05,"HECTAREA",1.308465061,-74.19746971
2011-04-11,"NARIÑO","BARBACOAS",153.72,"HECTAREA",1.44563774,-78.15621072
2011-04-12,"CAQUETÁ","PUERTO RICO",233.95,"HECTAREA",2.018940891,-75.07308627
2011-04-12,"CAQUETÁ","SOLANO",38.4,"HECTAREA",0.096131862,-72.32036402
2011-04-12,"NARIÑO","BARBACOAS",153.21,"HECTAREA",1.44563774,-78.15621072
2011-04-12,"NARIÑO","MAGUI",88.31,"HECTAREA",1.906858429,-78.04473644
2011-04-12,"NARIÑO","PASTO",62.94,"HECTAREA",1.083605497,-77.20610074
2011-04-12,"PUTUMAYO","LEGUIZAMO",187.05,"HECTAREA",0.05947197,-75.06479327
2011-04-13,"CAQUETÁ","EL DONCELLO",20.94,"HECTAREA",1.713734697,-75.26878109
2011-04-13,"CAQUETÁ","FLORENCIA",86.81,"HECTAREA",1.749138704,-75.55823906
2011-04-13,"CAQUETÁ","LA MONTAÑITA",32.6,"HECTAREA",1.302860442,-75.23572732
2011-04-13,"CAQUETÁ","PUERTO RICO",67.44,"HECTAREA",2.018940891,-75.07308627
2011-04-13,"CAQUETÁ","SAN VICENTE DEL CAGUAN",41.26,"HECTAREA",1.308465061,-74.19746971
2011-04-13,"CAUCA","GUAPI",239.5,"HECTAREA",2.41326696,-77.69047531
2011-04-13,"CAUCA","TIMBIQUI",84.16,"HECTAREA",2.699475127,-77.49131577
2011-04-13,"NARIÑO","BARBACOAS",153.79,"HECTAREA",1.44563774,-78.15621072
2011-04-14,"CAQUETÁ","SOLITA",65.78,"HECTAREA",0.943939454,-75.64668544
2011-04-14,"CAQUETÁ","VALPARAISO",89.63,"HECTAREA",1.07534915,-75.73779004
2011-04-14,"PUTUMAYO","LEGUIZAMO",131.4,"HECTAREA",0.05947197,-75.06479327
2011-04-16,"CAUCA","GUAPI",148.49,"HECTAREA",2.41326696,-77.69047531
2011-04-16,"CAUCA","TIMBIQUI",483.07,"HECTAREA",2.699475127,-77.49131577
2011-04-17,"CAUCA","GUAPI",247.4,"HECTAREA",2.41326696,-77.69047531
2011-04-17,"CAUCA","TIMBIQUI",76.7,"HECTAREA",2.699475127,-77.49131577
2011-04-17,"NARIÑO","BARBACOAS",330.49,"HECTAREA",1.44563774,-78.15621072
2011-04-18,"CAUCA","GUAPI",164.43,"HECTAREA",2.41326696,-77.69047531
2011-04-18,"CAUCA","TIMBIQUI",160.34,"HECTAREA",2.699475127,-77.49131577
2011-04-19,"CAUCA","GUAPI",140.92,"HECTAREA",2.41326696,-77.69047531
2011-04-19,"CAUCA","TIMBIQUI",23.59,"HECTAREA",2.699475127,-77.49131577
2011-04-19,"NARIÑO","BARBACOAS",272.91,"HECTAREA",1.44563774,-78.15621072
2011-04-19,"NARIÑO","EL CHARCO",37.78,"HECTAREA",2.216382295,-77.99533234
2011-04-20,"PUTUMAYO","PUERTO ASIS",138.79,"HECTAREA",0.433884539,-76.52158203
2011-04-20,"PUTUMAYO","PUERTO CAICEDO",368.07,"HECTAREA",0.70416861,-76.49864415
2011-04-21,"CAQUETÁ","MILAN",256.15,"HECTAREA",1.146692554,-75.38664764
2011-04-21,"CAQUETÁ","SOLITA",74.11,"HECTAREA",0.943939454,-75.64668544
2011-04-21,"CAUCA","GUAPI",162.91,"HECTAREA",2.41326696,-77.69047531
2011-04-21,"CAUCA","TIMBIQUI",434.41,"HECTAREA",2.699475127,-77.49131577
2011-04-22,"NARIÑO","BARBACOAS",237.08,"HECTAREA",1.44563774,-78.15621072
2011-04-23,"CAQUETÁ","MILAN",35.12,"HECTAREA",1.146692554,-75.38664764
2011-04-23,"CAQUETÁ","SOLITA",3.23,"HECTAREA",0.943939454,-75.64668544
2011-04-24,"CAQUETÁ","SOLANO",45.25,"HECTAREA",0.096131862,-72.32036402
2011-04-24,"CAUCA","GUAPI",254.41,"HECTAREA",2.41326696,-77.69047531
2011-04-24,"PUTUMAYO","PUERTO GUZMAN",208.41,"HECTAREA",0.746432215,-75.88022979
2011-04-24,"PUTUMAYO","LEGUIZAMO",297.99,"HECTAREA",0.05947197,-75.06479327
2011-04-25,"NARIÑO","EL CHARCO",105.64,"HECTAREA",2.216382295,-77.99533234
2011-04-25,"NARIÑO","PASTO",393.5,"HECTAREA",1.083605497,-77.20610074
2011-04-26,"CAQUETÁ","SAN JOSE DEL FRAGUA",171.78,"HECTAREA",1.304702314,-76.11000594
2011-04-26,"CAUCA","GUAPI",42.06,"HECTAREA",2.41326696,-77.69047531
2011-04-26,"CAUCA","LOPEZ",83.96,"HECTAREA",2.95819877,-77.24212158
2011-04-26,"CAUCA","PIAMONTE",175.08,"HECTAREA",1.054128816,-76.4443271
2011-04-26,"CAUCA","TIMBIQUI",119.23,"HECTAREA",2.699475127,-77.49131577
2011-04-26,"NARIÑO","BARBACOAS",252.38,"HECTAREA",1.44563774,-78.15621072
2011-04-28,"CAUCA","GUAPI",217.99,"HECTAREA",2.41326696,-77.69047531
2011-04-28,"CAUCA","TIMBIQUI",239.33,"HECTAREA",2.699475127,-77.49131577
2011-04-28,"PUTUMAYO","PUERTO CAICEDO",703.07,"HECTAREA",0.70416861,-76.49864415
2011-04-28,"PUTUMAYO","VILLAGARZON",200.65,"HECTAREA",0.911149515,-76.74495447
2011-04-29,"CAUCA","TIMBIQUI",95.82,"HECTAREA",2.699475127,-77.49131577
2011-04-29,"CAUCA","TORIBIO",39.91,"HECTAREA",2.975771999,-76.20331566
2011-04-29,"PUTUMAYO","PUERTO ASIS",319.47,"HECTAREA",0.433884539,-76.52158203
2011-04-29,"PUTUMAYO","PUERTO CAICEDO",42.55,"HECTAREA",0.70416861,-76.49864415
2011-04-29,"PUTUMAYO","VALLE DEL GUAMUEZ",222.51,"HECTAREA",0.42012589,-76.77067026
2011-04-30,"CAQUETÁ","CARTAGENA DEL CHAIRA",61.11,"HECTAREA",0.647693081,-74.27235499
2011-04-30,"CAQUETÁ","SAN VICENTE DEL CAGUAN",46.12,"HECTAREA",1.308465061,-74.19746971
2011-04-30,"NARIÑO","BARBACOAS",41.5,"HECTAREA",1.44563774,-78.15621072
2011-04-30,"NARIÑO","FRANCISCO PIZARRO",86.77,"HECTAREA",2.088531925,-78.59193099
2011-04-30,"NARIÑO","MAGUI",122.32,"HECTAREA",1.906858429,-78.04473644
2011-04-30,"NARIÑO","ROBERTO PAYAN",82.79,"HECTAREA",1.897581156,-78.3811163
2011-04-30,"NARIÑO","SAN ANDRES DE TUMACO",118.48,"HECTAREA",1.574550638,-78.61540963
2011-05-01,"CAUCA","BALBOA",13.05,"HECTAREA",2.084732945,-77.2088133
2011-05-01,"NARIÑO","MAGUI",80.59,"HECTAREA",1.906858429,-78.04473644
2011-05-01,"NARIÑO","OLAYA HERRERA",160.73,"HECTAREA",2.287856547,-78.31219024
2011-05-01,"NARIÑO","ROBERTO PAYAN",325.21,"HECTAREA",1.897581156,-78.3811163
2011-05-02,"CAQUETÁ","CARTAGENA DEL CHAIRA",71.52,"HECTAREA",0.647693081,-74.27235499
2011-05-02,"CAQUETÁ","SAN JOSE DEL FRAGUA",167.21,"HECTAREA",1.304702314,-76.11000594
2011-05-02,"CAQUETÁ","SAN VICENTE DEL CAGUAN",71.5,"HECTAREA",1.308465061,-74.19746971
2011-05-03,"CAUCA","GUAPI",85.65,"HECTAREA",2.41326696,-77.69047531
2011-05-03,"NARIÑO","MAGUI",45.59,"HECTAREA",1.906858429,-78.04473644
2011-05-03,"NARIÑO","OLAYA HERRERA",161.86,"HECTAREA",2.287856547,-78.31219024
2011-05-03,"NARIÑO","ROBERTO PAYAN",159.51,"HECTAREA",1.897581156,-78.3811163
2011-05-03,"NARIÑO","SANTA BARBARA",90.62,"HECTAREA",2.494420411,-77.98256461
2011-05-05,"CAQUETÁ","CARTAGENA DEL CHAIRA",139.57,"HECTAREA",0.647693081,-74.27235499
2011-05-05,"CAQUETÁ","SAN VICENTE DEL CAGUAN",139.56,"HECTAREA",1.308465061,-74.19746971
2011-05-06,"CAQUETÁ","SAN VICENTE DEL CAGUAN",155.43,"HECTAREA",1.308465061,-74.19746971
2011-05-08,"CAQUETÁ","CARTAGENA DEL CHAIRA",64.99,"HECTAREA",0.647693081,-74.27235499
2011-05-09,"PUTUMAYO","PUERTO GUZMAN",515.75,"HECTAREA",0.746432215,-75.88022979
2011-05-12,"CAUCA","BALBOA",8.45,"HECTAREA",2.084732945,-77.2088133
2011-05-12,"NARIÑO","SAN ANDRES DE TUMACO",136.28,"HECTAREA",1.574550638,-78.61540963
2011-05-13,"CAUCA","TIMBIQUI",160.68,"HECTAREA",2.699475127,-77.49131577
2011-05-14,"CAQUETÁ","CURILLO",53.08,"HECTAREA",1.115379292,-75.97328452
2011-05-14,"CAUCA","TIMBIQUI",164.37,"HECTAREA",2.699475127,-77.49131577
2011-05-14,"PUTUMAYO","PUERTO GUZMAN",82.37,"HECTAREA",0.746432215,-75.88022979
2011-05-15,"PUTUMAYO","ORITO",252.97,"HECTAREA",0.673756323,-76.94313923
2011-05-15,"PUTUMAYO","PUERTO GUZMAN",317.98,"HECTAREA",0.746432215,-75.88022979
2011-05-15,"PUTUMAYO","VILLAGARZON",81.51,"HECTAREA",0.911149515,-76.74495447
2011-05-16,"CAUCA","PIAMONTE",327.13,"HECTAREA",1.054128816,-76.4443271
2011-05-16,"PUTUMAYO","PUERTO GUZMAN",18.52,"HECTAREA",0.746432215,-75.88022979
2011-05-17,"CAQUETÁ","SAN JOSE DEL FRAGUA",89.12,"HECTAREA",1.304702314,-76.11000594
2011-05-17,"CAUCA","PIAMONTE",250.74,"HECTAREA",1.054128816,-76.4443271
2011-05-17,"NARIÑO","IPIALES",84.96,"HECTAREA",0.497708465,-77.24047625
2011-05-17,"NARIÑO","MAGUI",329.07,"HECTAREA",1.906858429,-78.04473644
2011-05-17,"PUTUMAYO","ORITO",479.35,"HECTAREA",0.673756323,-76.94313923
2011-05-17,"PUTUMAYO","VALLE DEL GUAMUEZ",125.73,"HECTAREA",0.42012589,-76.77067026
2011-05-18,"CAQUETÁ","SOLANO",160.63,"HECTAREA",0.096131862,-72.32036402
2011-05-20,"CAQUETÁ","CARTAGENA DEL CHAIRA",180.65,"HECTAREA",0.647693081,-74.27235499
2011-05-20,"CAUCA","GUAPI",28.8,"HECTAREA",2.41326696,-77.69047531
2011-05-20,"CAUCA","TIMBIQUI",7.47,"HECTAREA",2.699475127,-77.49131577
2011-05-20,"CAUCA","TORIBIO",11.2,"HECTAREA",2.975771999,-76.20331566
2011-05-20,"NARIÑO","EL CHARCO",17.62,"HECTAREA",2.216382295,-77.99533234
2011-05-21,"CAQUETÁ","PUERTO RICO",150.1,"HECTAREA",2.018940891,-75.07308627
2011-05-21,"CAQUETÁ","SAN VICENTE DEL CAGUAN",207.95,"HECTAREA",1.308465061,-74.19746971
2011-05-23,"CAUCA","GUAPI",230.8,"HECTAREA",2.41326696,-77.69047531
2011-05-23,"CAUCA","TIMBIQUI",80.25,"HECTAREA",2.699475127,-77.49131577
2011-05-24,"CAQUETÁ","CARTAGENA DEL CHAIRA",53.42,"HECTAREA",0.647693081,-74.27235499
2011-05-24,"CAQUETÁ","SAN VICENTE DEL CAGUAN",279.7,"HECTAREA",1.308465061,-74.19746971
2011-05-25,"NARIÑO","BARBACOAS",238.21,"HECTAREA",1.44563774,-78.15621072
2011-05-25,"NARIÑO","MAGUI",238.08,"HECTAREA",1.906858429,-78.04473644
2011-05-26,"NARIÑO","BARBACOAS",79,"HECTAREA",1.44563774,-78.15621072
2011-05-26,"NARIÑO","MAGUI",234.9,"HECTAREA",1.906858429,-78.04473644
2011-05-26,"NARIÑO","SAN ANDRES DE TUMACO",3.58,"HECTAREA",1.574550638,-78.61540963
2011-06-01,"CAQUETÁ","LA MONTAÑITA",182.83,"HECTAREA",1.302860442,-75.23572732
2011-06-01,"NARIÑO","SAN ANDRES DE TUMACO",318.41,"HECTAREA",1.574550638,-78.61540963
2011-06-02,"CAQUETÁ","SOLITA",30.09,"HECTAREA",0.943939454,-75.64668544
2011-06-02,"NARIÑO","SAN ANDRES DE TUMACO",9.75,"HECTAREA",1.574550638,-78.61540963
2011-06-03,"CAQUETÁ","LA MONTAÑITA",258.93,"HECTAREA",1.302860442,-75.23572732
2011-06-05,"NARIÑO","SAN ANDRES DE TUMACO",162.29,"HECTAREA",1.574550638,-78.61540963
2011-06-06,"PUTUMAYO","VALLE DEL GUAMUEZ",549.42,"HECTAREA",0.42012589,-76.77067026
2011-06-07,"PUTUMAYO","ORITO",171.47,"HECTAREA",0.673756323,-76.94313923
2011-06-07,"PUTUMAYO","PUERTO ASIS",116.33,"HECTAREA",0.433884539,-76.52158203
2011-06-09,"CAQUETÁ","BELEN DE LOS ANDAQUIES",195.4,"HECTAREA",1.536174657,-75.90947504
2011-06-09,"CAQUETÁ","SAN JOSE DEL FRAGUA",76.39,"HECTAREA",1.304702314,-76.11000594
2011-06-10,"NARIÑO","SAN ANDRES DE TUMACO",193.47,"HECTAREA",1.574550638,-78.61540963
2011-06-12,"NARIÑO","SAN ANDRES DE TUMACO",34.98,"HECTAREA",1.574550638,-78.61540963
2011-06-16,"CAQUETÁ","MILAN",185.47,"HECTAREA",1.146692554,-75.38664764
2011-06-17,"CAQUETÁ","CARTAGENA DEL CHAIRA",324.32,"HECTAREA",0.647693081,-74.27235499
2011-06-17,"CAQUETÁ","MILAN",158.58,"HECTAREA",1.146692554,-75.38664764
2011-06-17,"CAUCA","GUAPI",121.63,"HECTAREA",2.41326696,-77.69047531
2011-06-17,"NARIÑO","EL CHARCO",409.51,"HECTAREA",2.216382295,-77.99533234
2011-06-17,"NARIÑO","SAN ANDRES DE TUMACO",40.41,"HECTAREA",1.574550638,-78.61540963
2011-06-18,"NARIÑO","ROBERTO PAYAN",0.07,"HECTAREA",1.897581156,-78.3811163
2011-06-19,"CAQUETÁ","CARTAGENA DEL CHAIRA",134.44,"HECTAREA",0.647693081,-74.27235499
2011-06-19,"CAQUETÁ","MILAN",251.5,"HECTAREA",1.146692554,-75.38664764
2011-06-19,"CAQUETÁ","SAN VICENTE DEL CAGUAN",38.26,"HECTAREA",1.308465061,-74.19746971
2011-06-20,"CAQUETÁ","CARTAGENA DEL CHAIRA",246.26,"HECTAREA",0.647693081,-74.27235499
2011-06-20,"NARIÑO","EL CHARCO",331.73,"HECTAREA",2.216382295,-77.99533234
2011-06-21,"CAQUETÁ","LA MONTAÑITA",53.35,"HECTAREA",1.302860442,-75.23572732
2011-06-26,"NARIÑO","BARBACOAS",466.53,"HECTAREA",1.44563774,-78.15621072
2011-06-27,"NARIÑO","BARBACOAS",164.56,"HECTAREA",1.44563774,-78.15621072
2011-06-27,"NARIÑO","SAN ANDRES DE TUMACO",415.22,"HECTAREA",1.574550638,-78.61540963
2011-06-28,"NARIÑO","BARBACOAS",334.84,"HECTAREA",1.44563774,-78.15621072
2011-07-07,"CAUCA","LOPEZ",646.82,"HECTAREA",2.95819877,-77.24212158
2011-07-07,"META","MAPIRIPAN",167.23,"HECTAREA",3.117523361,-71.93805692
2011-07-08,"NARIÑO","ROBERTO PAYAN",311.63,"HECTAREA",1.897581156,-78.3811163
2011-07-09,"META","MAPIRIPAN",59.37,"HECTAREA",3.117523361,-71.93805692
2011-07-09,"NARIÑO","ROBERTO PAYAN",639.55,"HECTAREA",1.897581156,-78.3811163
2011-07-10,"GUAVIARE","CALAMAR",266.04,"HECTAREA",1.613634284,-73.0342639
2011-07-10,"NARIÑO","ROBERTO PAYAN",304.33,"HECTAREA",1.897581156,-78.3811163
2011-07-11,"GUAVIARE","EL RETORNO",118.66,"HECTAREA",2.143447362,-72.24364869
2011-07-11,"GUAVIARE","SAN JOSE DEL GUAVIARE",204.15,"HECTAREA",2.484286091,-71.91916993
2011-07-11,"META","MAPIRIPAN",254.52,"HECTAREA",3.117523361,-71.93805692
2011-07-11,"NARIÑO","ROBERTO PAYAN",1138.17,"HECTAREA",1.897581156,-78.3811163
2011-07-12,"CAUCA","TIMBIQUI",339.32,"HECTAREA",2.699475127,-77.49131577
2011-07-12,"GUAVIARE","MIRAFLORES",316.31,"HECTAREA",1.363974932,-72.01810951
2011-07-13,"GUAVIARE","CALAMAR",324.46,"HECTAREA",1.613634284,-73.0342639
2011-07-13,"GUAVIARE","SAN JOSE DEL GUAVIARE",316.62,"HECTAREA",2.484286091,-71.91916993
2011-07-13,"META","MAPIRIPAN",108.73,"HECTAREA",3.117523361,-71.93805692
2011-07-13,"META","PUERTO GAITAN",84.19,"HECTAREA",4.005034467,-71.63157429
2011-07-13,"NARIÑO","ROBERTO PAYAN",118.04,"HECTAREA",1.897581156,-78.3811163
2011-07-14,"GUAVIARE","EL RETORNO",162.31,"HECTAREA",2.143447362,-72.24364869
2011-07-14,"GUAVIARE","SAN JOSE DEL GUAVIARE",110.57,"HECTAREA",2.484286091,-71.91916993
2011-07-15,"GUAVIARE","CALAMAR",39.98,"HECTAREA",1.613634284,-73.0342639
2011-07-15,"GUAVIARE","EL RETORNO",629.01,"HECTAREA",2.143447362,-72.24364869
2011-07-15,"NARIÑO","EL CHARCO",404.55,"HECTAREA",2.216382295,-77.99533234
2011-07-16,"NARIÑO","MAGUI",254.47,"HECTAREA",1.906858429,-78.04473644
2011-07-16,"NARIÑO","ROBERTO PAYAN",241.92,"HECTAREA",1.897581156,-78.3811163
2011-07-17,"GUAVIARE","EL RETORNO",25.52,"HECTAREA",2.143447362,-72.24364869
2011-07-17,"GUAVIARE","MIRAFLORES",83.41,"HECTAREA",1.363974932,-72.01810951
2011-07-17,"GUAVIARE","SAN JOSE DEL GUAVIARE",192.19,"HECTAREA",2.484286091,-71.91916993
2011-07-17,"NARIÑO","MAGUI",242.96,"HECTAREA",1.906858429,-78.04473644
2011-07-18,"NARIÑO","MAGUI",149.49,"HECTAREA",1.906858429,-78.04473644
2011-07-19,"GUAVIARE","CALAMAR",336.64,"HECTAREA",1.613634284,-73.0342639
2011-07-19,"GUAVIARE","MIRAFLORES",199.69,"HECTAREA",1.363974932,-72.01810951
2011-07-19,"META","MAPIRIPAN",166.4,"HECTAREA",3.117523361,-71.93805692
2011-07-19,"NARIÑO","BARBACOAS",289.27,"HECTAREA",1.44563774,-78.15621072
2011-07-20,"GUAVIARE","SAN JOSE DEL GUAVIARE",127.2,"HECTAREA",2.484286091,-71.91916993
2011-07-20,"META","MAPIRIPAN",174.09,"HECTAREA",3.117523361,-71.93805692
2011-07-20,"META","PUERTO CONCORDIA",76.76,"HECTAREA",2.752260112,-72.7210941
2011-07-20,"NARIÑO","BARBACOAS",171.04,"HECTAREA",1.44563774,-78.15621072
2011-07-20,"NARIÑO","ROBERTO PAYAN",76.18,"HECTAREA",1.897581156,-78.3811163
2011-07-21,"GUAVIARE","CALAMAR",65.16,"HECTAREA",1.613634284,-73.0342639
2011-07-21,"GUAVIARE","EL RETORNO",18.33,"HECTAREA",2.143447362,-72.24364869
2011-07-21,"GUAVIARE","MIRAFLORES",46.83,"HECTAREA",1.363974932,-72.01810951
2011-07-21,"GUAVIARE","SAN JOSE DEL GUAVIARE",53.74,"HECTAREA",2.484286091,-71.91916993
2011-07-21,"META","MAPIRIPAN",44.51,"HECTAREA",3.117523361,-71.93805692
2011-07-21,"META","PUERTO CONCORDIA",14.5,"HECTAREA",2.752260112,-72.7210941
2011-07-22,"NARIÑO","BARBACOAS",62.54,"HECTAREA",1.44563774,-78.15621072
2011-07-23,"GUAVIARE","MIRAFLORES",253.14,"HECTAREA",1.363974932,-72.01810951
2011-07-23,"GUAVIARE","SAN JOSE DEL GUAVIARE",97.62,"HECTAREA",2.484286091,-71.91916993
2011-07-24,"GUAVIARE","SAN JOSE DEL GUAVIARE",486.28,"HECTAREA",2.484286091,-71.91916993
2011-07-24,"VICHADA","CUMARIBO",154,"HECTAREA",4.262454746,-69.52140484
2011-07-25,"GUAVIARE","CALAMAR",47.29,"HECTAREA",1.613634284,-73.0342639
2011-07-25,"GUAVIARE","MIRAFLORES",225.47,"HECTAREA",1.363974932,-72.01810951
2011-07-25,"VICHADA","CUMARIBO",40.82,"HECTAREA",4.262454746,-69.52140484
2011-07-26,"VICHADA","CUMARIBO",160.53,"HECTAREA",4.262454746,-69.52140484
2011-07-27,"GUAVIARE","SAN JOSE DEL GUAVIARE",236.45,"HECTAREA",2.484286091,-71.91916993
2011-07-28,"GUAVIARE","SAN JOSE DEL GUAVIARE",379.7,"HECTAREA",2.484286091,-71.91916993
2011-07-28,"NARIÑO","EL CHARCO",317.39,"HECTAREA",2.216382295,-77.99533234
2011-07-28,"NARIÑO","ROBERTO PAYAN",316.78,"HECTAREA",1.897581156,-78.3811163
2011-07-28,"VICHADA","CUMARIBO",171.67,"HECTAREA",4.262454746,-69.52140484
2011-07-29,"NARIÑO","EL CHARCO",160.22,"HECTAREA",2.216382295,-77.99533234
2011-07-29,"NARIÑO","MAGUI",154.82,"HECTAREA",1.906858429,-78.04473644
2011-07-29,"NARIÑO","SAN ANDRES DE TUMACO",465.01,"HECTAREA",1.574550638,-78.61540963
2011-07-30,"GUAVIARE","MIRAFLORES",490.16,"HECTAREA",1.363974932,-72.01810951
2011-07-30,"NARIÑO","BARBACOAS",559.29,"HECTAREA",1.44563774,-78.15621072
2011-07-30,"NARIÑO","MAGUI",80.36,"HECTAREA",1.906858429,-78.04473644
2011-07-30,"NARIÑO","MOSQUERA",248.49,"HECTAREA",2.442493698,-78.438827
2011-07-30,"VICHADA","CUMARIBO",170.04,"HECTAREA",4.262454746,-69.52140484
2011-07-31,"META","PUERTO RICO",165.95,"HECTAREA",2.758083657,-73.13780171
2011-07-31,"NARIÑO","SAN ANDRES DE TUMACO",258.39,"HECTAREA",1.574550638,-78.61540963
2011-07-31,"VICHADA","CUMARIBO",205.47,"HECTAREA",4.262454746,-69.52140484
2011-08-01,"GUAVIARE","MIRAFLORES",222.79,"HECTAREA",1.363974932,-72.01810951
2011-08-01,"META","PUERTO RICO",149.93,"HECTAREA",2.758083657,-73.13780171
2011-08-01,"NARIÑO","FRANCISCO PIZARRO",52.49,"HECTAREA",2.088531925,-78.59193099
2011-08-01,"NARIÑO","SAN ANDRES DE TUMACO",174.55,"HECTAREA",1.574550638,-78.61540963
2011-08-01,"VICHADA","CUMARIBO",111.56,"HECTAREA",4.262454746,-69.52140484
2011-08-02,"META","PUERTO RICO",170.39,"HECTAREA",2.758083657,-73.13780171
2011-08-02,"NARIÑO","EL CHARCO",247.09,"HECTAREA",2.216382295,-77.99533234
2011-08-04,"GUAVIARE","SAN JOSE DEL GUAVIARE",372.87,"HECTAREA",2.484286091,-71.91916993
2011-08-05,"META","PUERTO RICO",236.65,"HECTAREA",2.758083657,-73.13780171
2011-08-05,"NARIÑO","EL CHARCO",88.46,"HECTAREA",2.216382295,-77.99533234
2011-08-07,"GUAVIARE","CALAMAR",200.76,"HECTAREA",1.613634284,-73.0342639
2011-08-07,"GUAVIARE","SAN JOSE DEL GUAVIARE",2.47,"HECTAREA",2.484286091,-71.91916993
2011-08-07,"NARIÑO","ROBERTO PAYAN",332.38,"HECTAREA",1.897581156,-78.3811163
2011-08-07,"NARIÑO","SAN ANDRES DE TUMACO",587.13,"HECTAREA",1.574550638,-78.61540963
2011-08-08,"GUAVIARE","SAN JOSE DEL GUAVIARE",64.75,"HECTAREA",2.484286091,-71.91916993
2011-08-08,"META","LA MACARENA",44.52,"HECTAREA",2.161863917,-74.09488076
2011-08-08,"META","PUERTO LLERAS",15.13,"HECTAREA",3.193092925,-73.23671436
2011-08-08,"META","PUERTO RICO",62.13,"HECTAREA",2.758083657,-73.13780171
2011-08-08,"META","VISTAHERMOSA",16.62,"HECTAREA",2.811616698,-73.66652234
2011-08-08,"NARIÑO","MAGUI",692.98,"HECTAREA",1.906858429,-78.04473644
2011-08-08,"NARIÑO","ROBERTO PAYAN",219.28,"HECTAREA",1.897581156,-78.3811163
2011-08-09,"GUAVIARE","EL RETORNO",65.42,"HECTAREA",2.143447362,-72.24364869
2011-08-09,"META","LA MACARENA",30.75,"HECTAREA",2.161863917,-74.09488076
2011-08-09,"META","VISTAHERMOSA",80.65,"HECTAREA",2.811616698,-73.66652234
2011-08-09,"NARIÑO","MAGUI",320.77,"HECTAREA",1.906858429,-78.04473644
2011-08-09,"NARIÑO","ROBERTO PAYAN",326.71,"HECTAREA",1.897581156,-78.3811163
2011-08-11,"CAUCA","TIMBIQUI",635.57,"HECTAREA",2.699475127,-77.49131577
2011-08-13,"GUAVIARE","SAN JOSE DEL GUAVIARE",53.11,"HECTAREA",2.484286091,-71.91916993
2011-08-13,"META","MAPIRIPAN",88.85,"HECTAREA",3.117523361,-71.93805692
2011-08-14,"GUAVIARE","MIRAFLORES",600.38,"HECTAREA",1.363974932,-72.01810951
2011-08-16,"GUAVIARE","EL RETORNO",86.17,"HECTAREA",2.143447362,-72.24364869
2011-08-16,"GUAVIARE","SAN JOSE DEL GUAVIARE",37.91,"HECTAREA",2.484286091,-71.91916993
2011-08-17,"GUAVIARE","SAN JOSE DEL GUAVIARE",26.73,"HECTAREA",2.484286091,-71.91916993
2011-08-17,"META","MAPIRIPAN",16.03,"HECTAREA",3.117523361,-71.93805692
2011-08-18,"GUAVIARE","SAN JOSE DEL GUAVIARE",95.81,"HECTAREA",2.484286091,-71.91916993
2011-08-18,"META","MAPIRIPAN",99.44,"HECTAREA",3.117523361,-71.93805692
2011-08-18,"NARIÑO","SAN ANDRES DE TUMACO",248.8,"HECTAREA",1.574550638,-78.61540963
2011-08-19,"NARIÑO","SAN ANDRES DE TUMACO",55.38,"HECTAREA",1.574550638,-78.61540963
2011-08-20,"CAUCA","TIMBIQUI",929.69,"HECTAREA",2.699475127,-77.49131577
2011-08-20,"GUAVIARE","SAN JOSE DEL GUAVIARE",105.83,"HECTAREA",2.484286091,-71.91916993
2011-08-27,"NARIÑO","ROBERTO PAYAN",57.97,"HECTAREA",1.897581156,-78.3811163
2011-08-27,"NARIÑO","SAN ANDRES DE TUMACO",57.98,"HECTAREA",1.574550638,-78.61540963
2011-08-28,"NARIÑO","MAGUI",325.59,"HECTAREA",1.906858429,-78.04473644
2011-08-29,"ANTIOQUIA","NECHI",30.19,"HECTAREA",7.983477394,-74.65844186
2011-08-29,"BOLÍVAR","ACHI",52.51,"HECTAREA",8.622943262,-74.47805945
2011-08-29,"BOLÍVAR","MONTECRISTO",56.49,"HECTAREA",8.01710024,-74.46342911
2011-08-29,"BOLÍVAR","SAN JACINTO DEL CAUCA",241.66,"HECTAREA",8.212463202,-74.75082
2011-08-30,"BOLÍVAR","ACHI",46.1,"HECTAREA",8.622943262,-74.47805945
2011-08-30,"BOLÍVAR","RIO VIEJO",15.69,"HECTAREA",8.559982465,-73.90298668
2011-08-30,"BOLÍVAR","TIQUISIO",53.02,"HECTAREA",8.492345176,-74.29676139
2011-08-30,"CÓRDOBA","MONTELIBANO",26.79,"HECTAREA",7.866432635,-75.87533926
2011-08-30,"CÓRDOBA","PUERTO LIBERTADOR",53.85,"HECTAREA",7.711515736,-75.77123224
2011-09-01,"ANTIOQUIA","TARAZA",223.83,"HECTAREA",7.488875998,-75.40189438
2011-09-01,"NARIÑO","ROBERTO PAYAN",241.09,"HECTAREA",1.897581156,-78.3811163
2011-09-02,"CÓRDOBA","TIERRALTA",87.63,"HECTAREA",7.813896829,-76.16846678
2011-09-02,"NARIÑO","ROBERTO PAYAN",313.8,"HECTAREA",1.897581156,-78.3811163
2011-09-03,"NARIÑO","MAGUI",304.86,"HECTAREA",1.906858429,-78.04473644
2011-09-03,"NARIÑO","ROBERTO PAYAN",280.28,"HECTAREA",1.897581156,-78.3811163
2011-09-04,"ANTIOQUIA","NECHI",231,"HECTAREA",7.983477394,-74.65844186
2011-09-04,"ANTIOQUIA","TARAZA",123.4,"HECTAREA",7.488875998,-75.40189438
2011-09-04,"NARIÑO","MAGUI",492.6,"HECTAREA",1.906858429,-78.04473644
2011-09-05,"NARIÑO","MAGUI",635.75,"HECTAREA",1.906858429,-78.04473644
2011-09-05,"NARIÑO","ROBERTO PAYAN",316.34,"HECTAREA",1.897581156,-78.3811163
2011-09-06,"ANTIOQUIA","CACERES",228.66,"HECTAREA",7.665155105,-75.22369744
2011-09-06,"ANTIOQUIA","TARAZA",165.75,"HECTAREA",7.488875998,-75.40189438
2011-09-07,"ANTIOQUIA","TARAZA",138.77,"HECTAREA",7.488875998,-75.40189438
2011-09-08,"NARIÑO","BARBACOAS",48.83,"HECTAREA",1.44563774,-78.15621072
2011-09-08,"NARIÑO","ROBERTO PAYAN",15.77,"HECTAREA",1.897581156,-78.3811163
2011-09-08,"NARIÑO","SAN ANDRES DE TUMACO",77.27,"HECTAREA",1.574550638,-78.61540963
2011-09-09,"ANTIOQUIA","CACERES",325.93,"HECTAREA",7.665155105,-75.22369744
2011-09-09,"ANTIOQUIA","ZARAGOZA",107.73,"HECTAREA",7.474004006,-74.85848326
2011-09-09,"NARIÑO","BARBACOAS",195.51,"HECTAREA",1.44563774,-78.15621072
2011-09-09,"NARIÑO","ROBERTO PAYAN",81.56,"HECTAREA",1.897581156,-78.3811163
2011-09-09,"NARIÑO","SAN ANDRES DE TUMACO",40.07,"HECTAREA",1.574550638,-78.61540963
2011-09-10,"ANTIOQUIA","ANORI",56.63,"HECTAREA",7.193110778,-75.10848954
2011-09-10,"ANTIOQUIA","CACERES",109.41,"HECTAREA",7.665155105,-75.22369744
2011-09-10,"CÓRDOBA","PUERTO LIBERTADOR",4.44,"HECTAREA",7.711515736,-75.77123224
2011-09-12,"ANTIOQUIA","NECHI",168.7,"HECTAREA",7.983477394,-74.65844186
2011-09-12,"ANTIOQUIA","ZARAGOZA",156.99,"HECTAREA",7.474004006,-74.85848326
2011-09-14,"CAUCA","GUAPI",336.29,"HECTAREA",2.41326696,-77.69047531
2011-09-15,"ANTIOQUIA","TARAZA",74.47,"HECTAREA",7.488875998,-75.40189438
2011-09-15,"CÓRDOBA","MONTELIBANO",115.23,"HECTAREA",7.866432635,-75.87533926
2011-09-15,"CÓRDOBA","PUERTO LIBERTADOR",133.51,"HECTAREA",7.711515736,-75.77123224
2011-09-16,"ANTIOQUIA","EL BAGRE",105.12,"HECTAREA",7.704633351,-74.66427726
2011-09-17,"ANTIOQUIA","TARAZA",262.16,"HECTAREA",7.488875998,-75.40189438
2011-09-17,"CÓRDOBA","PUERTO LIBERTADOR",190.21,"HECTAREA",7.711515736,-75.77123224
2011-09-17,"CHOCÓ","ISTMINA",192.15,"HECTAREA",4.586818665,-77.00090737
2011-09-18,"ANTIOQUIA","ANORI",242.75,"HECTAREA",7.193110778,-75.10848954
2011-09-18,"ANTIOQUIA","CACERES",72.26,"HECTAREA",7.665155105,-75.22369744
2011-09-18,"CHOCÓ","ISTMINA",289.48,"HECTAREA",4.586818665,-77.00090737
2011-09-19,"CHOCÓ","ISTMINA",366.11,"HECTAREA",4.586818665,-77.00090737
2011-09-20,"ANTIOQUIA","SEGOVIA",24.83,"HECTAREA",7.26692339,-74.62163926
2011-09-20,"CHOCÓ","BAJO BAUDO",145.74,"HECTAREA",4.492865435,-77.08271352
2011-09-20,"CHOCÓ","ISTMINA",173.31,"HECTAREA",4.586818665,-77.00090737
2011-09-20,"CHOCÓ","RIO QUITO",158.77,"HECTAREA",5.567533337,-76.81157084
2011-09-21,"ANTIOQUIA","TARAZA",122.95,"HECTAREA",7.488875998,-75.40189438
2011-09-21,"CAQUETÁ","FLORENCIA",14.37,"HECTAREA",1.749138704,-75.55823906
2011-09-21,"CÓRDOBA","MONTELIBANO",13.49,"HECTAREA",7.866432635,-75.87533926
2011-09-21,"CÓRDOBA","PUERTO LIBERTADOR",215.93,"HECTAREA",7.711515736,-75.77123224
2011-09-21,"CHOCÓ","ALTO BAUDO",77.67,"HECTAREA",5.636740989,-77.0842154
2011-09-21,"CHOCÓ","BAJO BAUDO",72.27,"HECTAREA",4.492865435,-77.08271352
2011-09-21,"CHOCÓ","ISTMINA",153.74,"HECTAREA",4.586818665,-77.00090737
2011-09-22,"CAQUETÁ","ALBANIA",53.58,"HECTAREA",1.22786549,-75.88232651
2011-09-22,"CAQUETÁ","BELEN DE LOS ANDAQUIES",125.61,"HECTAREA",1.536174657,-75.90947504
2011-09-22,"CHOCÓ","ALTO BAUDO",299.34,"HECTAREA",5.636740989,-77.0842154
2011-09-22,"CHOCÓ","ISTMINA",54.78,"HECTAREA",4.586818665,-77.00090737
2011-09-22,"PUTUMAYO","PUERTO ASIS",105.15,"HECTAREA",0.433884539,-76.52158203
2011-09-22,"PUTUMAYO","LEGUIZAMO",15.95,"HECTAREA",0.05947197,-75.06479327
2011-09-23,"ANTIOQUIA","ANORI",105.74,"HECTAREA",7.193110778,-75.10848954
2011-09-23,"ANTIOQUIA","ITUANGO",44.49,"HECTAREA",7.341549718,-75.67842277
2011-09-23,"ANTIOQUIA","VALDIVIA",65.62,"HECTAREA",7.265404213,-75.40094502
2011-09-24,"ANTIOQUIA","EL BAGRE",92.22,"HECTAREA",7.704633351,-74.66427726
2011-09-24,"CAQUETÁ","CARTAGENA DEL CHAIRA",78.15,"HECTAREA",0.647693081,-74.27235499
2011-09-24,"CAQUETÁ","PUERTO RICO",122,"HECTAREA",2.018940891,-75.07308627
2011-09-24,"CAQUETÁ","SOLANO",46.94,"HECTAREA",0.096131862,-72.32036402
2011-09-26,"CAQUETÁ","PUERTO RICO",145.95,"HECTAREA",2.018940891,-75.07308627
2011-09-26,"CÓRDOBA","TIERRALTA",70.14,"HECTAREA",7.813896829,-76.16846678
2011-09-26,"CHOCÓ","NOVITA",593.64,"HECTAREA",4.853386627,-76.61823669
2011-09-27,"CAQUETÁ","PUERTO RICO",113.84,"HECTAREA",2.018940891,-75.07308627
2011-09-27,"CHOCÓ","NOVITA",372.08,"HECTAREA",4.853386627,-76.61823669
2011-09-29,"CAQUETÁ","BELEN DE LOS ANDAQUIES",21.77,"HECTAREA",1.536174657,-75.90947504
2011-09-29,"CAQUETÁ","FLORENCIA",33.24,"HECTAREA",1.749138704,-75.55823906
2011-09-29,"CAQUETÁ","LA MONTAÑITA",76.77,"HECTAREA",1.302860442,-75.23572732
2011-09-29,"CAQUETÁ","SOLANO",63.85,"HECTAREA",0.096131862,-72.32036402
2011-09-29,"PUTUMAYO","PUERTO GUZMAN",63.86,"HECTAREA",0.746432215,-75.88022979
2011-10-01,"CAQUETÁ","PUERTO RICO",229.96,"HECTAREA",2.018940891,-75.07308627
2011-10-02,"CAQUETÁ","CARTAGENA DEL CHAIRA",17.71,"HECTAREA",0.647693081,-74.27235499
2011-10-02,"CAQUETÁ","SOLANO",69.71,"HECTAREA",0.096131862,-72.32036402
2011-10-04,"CAQUETÁ","SOLITA",7.61,"HECTAREA",0.943939454,-75.64668544
2011-10-04,"CAQUETÁ","VALPARAISO",67.56,"HECTAREA",1.07534915,-75.73779004
2011-10-04,"PUTUMAYO","PUERTO GUZMAN",55.53,"HECTAREA",0.746432215,-75.88022979
2011-10-06,"ANTIOQUIA","ZARAGOZA",114.31,"HECTAREA",7.474004006,-74.85848326
2011-10-07,"CAQUETÁ","EL PAUJIL",78.83,"HECTAREA",1.476630016,-75.20231825
2011-10-07,"CAQUETÁ","LA MONTAÑITA",123.58,"HECTAREA",1.302860442,-75.23572732
2011-10-07,"CAQUETÁ","MILAN",264.71,"HECTAREA",1.146692554,-75.38664764
2011-10-09,"ANTIOQUIA","APARTADO",31.69,"HECTAREA",7.86047815,-76.58236264
2011-10-09,"CAQUETÁ","LA MONTAÑITA",86.88,"HECTAREA",1.302860442,-75.23572732
2011-10-09,"CÓRDOBA","TIERRALTA",39.23,"HECTAREA",7.813896829,-76.16846678
2011-10-10,"ANTIOQUIA","TARAZA",225.14,"HECTAREA",7.488875998,-75.40189438
2011-10-10,"CAQUETÁ","CURILLO",79.19,"HECTAREA",1.115379292,-75.97328452
2011-10-10,"CAQUETÁ","SAN JOSE DEL FRAGUA",235.43,"HECTAREA",1.304702314,-76.11000594
2011-10-10,"CAUCA","PIAMONTE",159.34,"HECTAREA",1.054128816,-76.4443271
2011-10-11,"ANTIOQUIA","ANORI",35.48,"HECTAREA",7.193110778,-75.10848954
2011-10-11,"ANTIOQUIA","SEGOVIA",71,"HECTAREA",7.26692339,-74.62163926
2011-10-12,"CAQUETÁ","ALBANIA",12.23,"HECTAREA",1.22786549,-75.88232651
2011-10-12,"CAQUETÁ","CURILLO",177.12,"HECTAREA",1.115379292,-75.97328452
2011-10-12,"CAQUETÁ","SAN JOSE DEL FRAGUA",162.08,"HECTAREA",1.304702314,-76.11000594
2011-10-13,"CAUCA","PIAMONTE",155.89,"HECTAREA",1.054128816,-76.4443271
2011-10-14,"CAQUETÁ","EL DONCELLO",154.7,"HECTAREA",1.713734697,-75.26878109
2011-10-15,"BOLÍVAR","MONTECRISTO",99.48,"HECTAREA",8.01710024,-74.46342911
2011-10-15,"CAQUETÁ","EL PAUJIL",109.44,"HECTAREA",1.476630016,-75.20231825
2011-10-17,"CAUCA","PIAMONTE",166.26,"HECTAREA",1.054128816,-76.4443271
2011-10-18,"CAQUETÁ","CURILLO",37.99,"HECTAREA",1.115379292,-75.97328452
2011-10-18,"CAQUETÁ","SAN JOSE DEL FRAGUA",154.13,"HECTAREA",1.304702314,-76.11000594
2011-10-19,"CÓRDOBA","MONTELIBANO",59.27,"HECTAREA",7.866432635,-75.87533926
2011-10-20,"CHOCÓ","ISTMINA",418.86,"HECTAREA",4.586818665,-77.00090737
2011-10-21,"CHOCÓ","ISTMINA",473.67,"HECTAREA",4.586818665,-77.00090737
2011-10-22,"ANTIOQUIA","AMALFI",104.07,"HECTAREA",6.977788843,-74.9812393
2011-10-22,"ANTIOQUIA","EL BAGRE",44.63,"HECTAREA",7.704633351,-74.66427726
2011-10-22,"BOLÍVAR","SANTA ROSA DEL SUR",9.73,"HECTAREA",7.772519173,-74.26272843
2011-10-22,"CUNDINAMARCA","UBALA",164.31,"HECTAREA",4.803805182,-73.47654604
2011-10-22,"CHOCÓ","ALTO BAUDO",106.57,"HECTAREA",5.636740989,-77.0842154
2011-10-22,"CHOCÓ","BAJO BAUDO",39.73,"HECTAREA",4.492865435,-77.08271352
2011-10-23,"BOLÍVAR","ALTOS DEL ROSARIO",16.31,"HECTAREA",8.757468863,-74.19515811
2011-10-23,"BOLÍVAR","BARRANCO DE LOBA",7.02,"HECTAREA",8.837077654,-74.27966531
2011-10-23,"BOLÍVAR","MONTECRISTO",19.05,"HECTAREA",8.01710024,-74.46342911
2011-10-23,"BOLÍVAR","RIO VIEJO",19.68,"HECTAREA",8.559982465,-73.90298668
2011-10-23,"BOLÍVAR","SAN MARTIN DE LOBA",9.29,"HECTAREA",8.816088444,-74.00599967
2011-10-23,"CHOCÓ","EL CANTON DEL SAN PABLO",135.1,"HECTAREA",5.359661967,-76.77255624
2011-10-26,"CAQUETÁ","MILAN",153.16,"HECTAREA",1.146692554,-75.38664764
2011-10-27,"PUTUMAYO","PUERTO CAICEDO",162.86,"HECTAREA",0.70416861,-76.49864415
2011-10-28,"CAQUETÁ","MILAN",108.46,"HECTAREA",1.146692554,-75.38664764
2011-10-28,"CAQUETÁ","VALPARAISO",70.13,"HECTAREA",1.07534915,-75.73779004
2011-10-28,"PUTUMAYO","PUERTO GUZMAN",65.58,"HECTAREA",0.746432215,-75.88022979
2011-10-29,"PUTUMAYO","PUERTO ASIS",148.17,"HECTAREA",0.433884539,-76.52158203
2011-10-29,"PUTUMAYO","PUERTO CAICEDO",33.01,"HECTAREA",0.70416861,-76.49864415
2011-10-31,"BOLÍVAR","SANTA ROSA DEL SUR",45.83,"HECTAREA",7.772519173,-74.26272843
2011-10-31,"BOLÍVAR","SIMITI",34.53,"HECTAREA",7.851315534,-73.98371609
2011-10-31,"CAQUETÁ","SOLANO",27.19,"HECTAREA",0.096131862,-72.32036402
2011-10-31,"CAQUETÁ","SOLITA",27.18,"HECTAREA",0.943939454,-75.64668544
2011-10-31,"PUTUMAYO","PUERTO GUZMAN",142.57,"HECTAREA",0.746432215,-75.88022979
2011-11-01,"BOLÍVAR","MORALES",107.99,"HECTAREA",8.253700061,-73.9713459
2011-11-01,"CAQUETÁ","CARTAGENA DEL CHAIRA",130.64,"HECTAREA",0.647693081,-74.27235499
2011-11-02,"BOLÍVAR","SIMITI",116.13,"HECTAREA",7.851315534,-73.98371609
2011-11-04,"CAQUETÁ","SOLANO",20.92,"HECTAREA",0.096131862,-72.32036402
2011-11-05,"BOLÍVAR","SIMITI",108.63,"HECTAREA",7.851315534,-73.98371609
2011-11-05,"CAUCA","PIAMONTE",64.78,"HECTAREA",1.054128816,-76.4443271
2011-11-09,"CAQUETÁ","CARTAGENA DEL CHAIRA",37.21,"HECTAREA",0.647693081,-74.27235499
2011-11-10,"PUTUMAYO","PUERTO CAICEDO",176.26,"HECTAREA",0.70416861,-76.49864415
2011-11-10,"PUTUMAYO","VALLE DEL GUAMUEZ",157.36,"HECTAREA",0.42012589,-76.77067026
2011-11-11,"PUTUMAYO","PUERTO CAICEDO",326.98,"HECTAREA",0.70416861,-76.49864415
2011-11-11,"PUTUMAYO","VALLE DEL GUAMUEZ",166.75,"HECTAREA",0.42012589,-76.77067026
2011-11-13,"CAQUETÁ","SAN JOSE DEL FRAGUA",309.46,"HECTAREA",1.304702314,-76.11000594
2011-11-14,"BOLÍVAR","SANTA ROSA DEL SUR",41.19,"HECTAREA",7.772519173,-74.26272843
2011-11-14,"CAQUETÁ","CARTAGENA DEL CHAIRA",262.22,"HECTAREA",0.647693081,-74.27235499
2011-11-14,"CAQUETÁ","SAN JOSE DEL FRAGUA",233.47,"HECTAREA",1.304702314,-76.11000594
2011-11-15,"CAQUETÁ","SAN VICENTE DEL CAGUAN",20.93,"HECTAREA",1.308465061,-74.19746971
2011-11-17,"BOLÍVAR","CANTAGALLO",133.57,"HECTAREA",7.239229146,-74.10014043
2011-11-18,"CAQUETÁ","SOLITA",118.87,"HECTAREA",0.943939454,-75.64668544
2011-11-18,"PUTUMAYO","PUERTO GUZMAN",72.08,"HECTAREA",0.746432215,-75.88022979
2011-11-18,"SANTANDER","CIMITARRA",86.38,"HECTAREA",6.40972961,-74.17030427
2011-11-18,"SANTANDER","SUCRE",5.24,"HECTAREA",5.983203734,-73.95936235
2011-11-19,"CAQUETÁ","SOLITA",76.09,"HECTAREA",0.943939454,-75.64668544
2011-11-19,"PUTUMAYO","PUERTO GUZMAN",155.94,"HECTAREA",0.746432215,-75.88022979
2011-11-21,"ANTIOQUIA","YONDO",64.59,"HECTAREA",6.925159318,-74.15824041
2011-11-21,"BOLÍVAR","CANTAGALLO",46.34,"HECTAREA",7.239229146,-74.10014043
2011-11-21,"BOLÍVAR","SAN PABLO",10.91,"HECTAREA",7.507922612,-74.10356977
2011-11-22,"BOLÍVAR","CANTAGALLO",147.05,"HECTAREA",7.239229146,-74.10014043
2011-11-22,"PUTUMAYO","PUERTO GUZMAN",123.98,"HECTAREA",0.746432215,-75.88022979
2011-11-23,"PUTUMAYO","PUERTO ASIS",215.69,"HECTAREA",0.433884539,-76.52158203
2011-11-25,"CAQUETÁ","SOLANO",221.34,"HECTAREA",0.096131862,-72.32036402
2011-11-26,"ANTIOQUIA","REMEDIOS",33.78,"HECTAREA",6.997267375,-74.55865652
2011-11-26,"CAQUETÁ","SAN JOSE DEL FRAGUA",228.47,"HECTAREA",1.304702314,-76.11000594
2011-11-27,"BOLÍVAR","SAN PABLO",55.51,"HECTAREA",7.507922612,-74.10356977
2011-11-27,"BOLÍVAR","SIMITI",97.39,"HECTAREA",7.851315534,-73.98371609
2011-11-27,"CAQUETÁ","CARTAGENA DEL CHAIRA",109.99,"HECTAREA",0.647693081,-74.27235499
2011-11-29,"CAQUETÁ","CARTAGENA DEL CHAIRA",480.54,"HECTAREA",0.647693081,-74.27235499
2011-11-30,"BOLÍVAR","SANTA ROSA DEL SUR",110.39,"HECTAREA",7.772519173,-74.26272843
2011-12-01,"CAQUETÁ","SOLANO",157.06,"HECTAREA",0.096131862,-72.32036402
2011-12-02,"PUTUMAYO","PUERTO CAICEDO",211.44,"HECTAREA",0.70416861,-76.49864415
2011-12-03,"CAQUETÁ","VALPARAISO",152.82,"HECTAREA",1.07534915,-75.73779004
2011-12-04,"CAQUETÁ","VALPARAISO",78.39,"HECTAREA",1.07534915,-75.73779004
2011-12-05,"PUTUMAYO","VALLE DEL GUAMUEZ",164.06,"HECTAREA",0.42012589,-76.77067026
2011-12-08,"GUAVIARE","CALAMAR",106.11,"HECTAREA",1.613634284,-73.0342639
2011-12-08,"GUAVIARE","EL RETORNO",59.61,"HECTAREA",2.143447362,-72.24364869
2011-12-10,"GUAVIARE","EL RETORNO",162.49,"HECTAREA",2.143447362,-72.24364869
2011-12-10,"PUTUMAYO","VALLE DEL GUAMUEZ",231.56,"HECTAREA",0.42012589,-76.77067026
2011-12-12,"GUAVIARE","EL RETORNO",138.84,"HECTAREA",2.143447362,-72.24364869
2011-12-13,"GUAVIARE","EL RETORNO",77.17,"HECTAREA",2.143447362,-72.24364869
2011-12-13,"PUTUMAYO","VALLE DEL GUAMUEZ",374.06,"HECTAREA",0.42012589,-76.77067026
2011-12-18,"PUTUMAYO","PUERTO GUZMAN",209.67,"HECTAREA",0.746432215,-75.88022979
2011-12-19,"GUAVIARE","SAN JOSE DEL GUAVIARE",21.43,"HECTAREA",2.484286091,-71.91916993
2011-12-21,"CAQUETÁ","SAN VICENTE DEL CAGUAN",1.12,"HECTAREA",1.308465061,-74.19746971
2011-12-21,"GUAVIARE","SAN JOSE DEL GUAVIARE",71.75,"HECTAREA",2.484286091,-71.91916993
2011-12-25,"CAQUETÁ","BELEN DE LOS ANDAQUIES",13.39,"HECTAREA",1.536174657,-75.90947504
2011-12-25,"CAQUETÁ","SAN JOSE DEL FRAGUA",95.28,"HECTAREA",1.304702314,-76.11000594
2011-12-26,"CAUCA","LOPEZ",71.98,"HECTAREA",2.95819877,-77.24212158
2011-12-26,"GUAVIARE","SAN JOSE DEL GUAVIARE",111,"HECTAREA",2.484286091,-71.91916993
2011-12-26,"PUTUMAYO","PUERTO GUZMAN",157.42,"HECTAREA",0.746432215,-75.88022979
2011-12-26,"VALLE DEL CAUCA","BUENAVENTURA",95.14,"HECTAREA",3.493340766,-77.11872832
2011-12-28,"META","PUERTO CONCORDIA",12.6,"HECTAREA",2.752260112,-72.7210941
2011-12-28,"META","PUERTO RICO",224.64,"HECTAREA",2.758083657,-73.13780171
2011-12-30,"CAUCA","LOPEZ",68.32,"HECTAREA",2.95819877,-77.24212158
2011-12-30,"GUAVIARE","SAN JOSE DEL GUAVIARE",102.05,"HECTAREA",2.484286091,-71.91916993
2011-12-30,"META","MAPIRIPAN",30.62,"HECTAREA",3.117523361,-71.93805692
2011-12-30,"VALLE DEL CAUCA","BUENAVENTURA",104.83,"HECTAREA",3.493340766,-77.11872832
2011-12-31,"GUAVIARE","CALAMAR",101.76,"HECTAREA",1.613634284,-73.0342639
2011-12-31,"GUAVIARE","EL RETORNO",127.2,"HECTAREA",2.143447362,-72.24364869
2011-12-31,"VALLE DEL CAUCA","BUENAVENTURA",518.72,"HECTAREA",3.493340766,-77.11872832
2012-01-01,"GUAVIARE","SAN JOSE DEL GUAVIARE",151.02,"HECTAREA",2.484286091,-71.91916993
2012-01-01,"META","LA MACARENA",53.85,"HECTAREA",2.161863917,-74.09488076
2012-01-02,"CAQUETÁ","MILAN",77.99,"HECTAREA",1.146692554,-75.38664764
2012-01-02,"CAQUETÁ","SOLANO",73.94,"HECTAREA",0.096131862,-72.32036402
2012-01-02,"GUAVIARE","CALAMAR",96.72,"HECTAREA",1.613634284,-73.0342639
2012-01-02,"GUAVIARE","EL RETORNO",30.7,"HECTAREA",2.143447362,-72.24364869
2012-01-02,"GUAVIARE","MIRAFLORES",90.47,"HECTAREA",1.363974932,-72.01810951
2012-01-03,"GUAVIARE","CALAMAR",214.41,"HECTAREA",1.613634284,-73.0342639
2012-01-03,"PUTUMAYO","PUERTO GUZMAN",105.51,"HECTAREA",0.746432215,-75.88022979
2012-01-04,"GUAVIARE","MIRAFLORES",477.69,"HECTAREA",1.363974932,-72.01810951
2012-01-05,"CAQUETÁ","BELEN DE LOS ANDAQUIES",155.44,"HECTAREA",1.536174657,-75.90947504
2012-01-05,"CAQUETÁ","SOLANO",148.19,"HECTAREA",0.096131862,-72.32036402
2012-01-05,"GUAVIARE","SAN JOSE DEL GUAVIARE",97.22,"HECTAREA",2.484286091,-71.91916993
2012-01-05,"META","MAPIRIPAN",43.82,"HECTAREA",3.117523361,-71.93805692
2012-01-06,"CHOCÓ","ISTMINA",172.14,"HECTAREA",4.586818665,-77.00090737
2012-01-06,"META","MAPIRIPAN",115.33,"HECTAREA",3.117523361,-71.93805692
2012-01-06,"META","SAN MARTIN",18.2,"HECTAREA",3.515860962,-72.65672742
2012-01-07,"META","MAPIRIPAN",202.4,"HECTAREA",3.117523361,-71.93805692
2012-01-08,"GUAVIARE","EL RETORNO",118.97,"HECTAREA",2.143447362,-72.24364869
2012-01-08,"GUAVIARE","SAN JOSE DEL GUAVIARE",121,"HECTAREA",2.484286091,-71.91916993
2012-01-09,"CAQUETÁ","SOLANO",146.11,"HECTAREA",0.096131862,-72.32036402
2012-01-09,"GUAVIARE","SAN JOSE DEL GUAVIARE",249.08,"HECTAREA",2.484286091,-71.91916993
2012-01-09,"META","MAPIRIPAN",221.74,"HECTAREA",3.117523361,-71.93805692
2012-01-09,"PUTUMAYO","PUERTO GUZMAN",93.17,"HECTAREA",0.746432215,-75.88022979
2012-01-09,"PUTUMAYO","LEGUIZAMO",23.1,"HECTAREA",0.05947197,-75.06479327
2012-01-10,"CAQUETÁ","PUERTO RICO",42.02,"HECTAREA",2.018940891,-75.07308627
2012-01-10,"GUAVIARE","CALAMAR",241.7,"HECTAREA",1.613634284,-73.0342639
2012-01-10,"VALLE DEL CAUCA","BUENAVENTURA",129.09,"HECTAREA",3.493340766,-77.11872832
2012-01-11,"CAQUETÁ","PUERTO RICO",117.95,"HECTAREA",2.018940891,-75.07308627
2012-01-11,"GUAVIARE","CALAMAR",47.02,"HECTAREA",1.613634284,-73.0342639
2012-01-11,"GUAVIARE","EL RETORNO",86.14,"HECTAREA",2.143447362,-72.24364869
2012-01-11,"META","PUERTO CONCORDIA",104.64,"HECTAREA",2.752260112,-72.7210941
2012-01-12,"GUAVIARE","CALAMAR",105.31,"HECTAREA",1.613634284,-73.0342639
2012-01-12,"GUAVIARE","EL RETORNO",65.13,"HECTAREA",2.143447362,-72.24364869
2012-01-13,"GUAVIARE","MIRAFLORES",216.64,"HECTAREA",1.363974932,-72.01810951
2012-01-14,"GUAVIARE","CALAMAR",43.11,"HECTAREA",1.613634284,-73.0342639
2012-01-14,"GUAVIARE","EL RETORNO",24.82,"HECTAREA",2.143447362,-72.24364869
2012-01-14,"GUAVIARE","MIRAFLORES",241.87,"HECTAREA",1.363974932,-72.01810951
2012-01-15,"META","MAPIRIPAN",2.44,"HECTAREA",3.117523361,-71.93805692
2012-01-15,"META","PUERTO CONCORDIA",4.83,"HECTAREA",2.752260112,-72.7210941
2012-01-15,"META","PUERTO RICO",1.23,"HECTAREA",2.758083657,-73.13780171
2012-01-17,"GUAVIARE","MIRAFLORES",298.44,"HECTAREA",1.363974932,-72.01810951
2012-01-18,"META","MAPIRIPAN",93.19,"HECTAREA",3.117523361,-71.93805692
2012-01-18,"NARIÑO","SAN ANDRES DE TUMACO",14.58,"HECTAREA",1.574550638,-78.61540963
2012-01-19,"GUAVIARE","EL RETORNO",194.56,"HECTAREA",2.143447362,-72.24364869
2012-01-20,"GUAVIARE","SAN JOSE DEL GUAVIARE",47.09,"HECTAREA",2.484286091,-71.91916993
2012-01-20,"NARIÑO","LA TOLA",22.24,"HECTAREA",2.56027333,-78.23506694
2012-01-20,"NARIÑO","MOSQUERA",284.53,"HECTAREA",2.442493698,-78.438827
2012-01-21,"GUAVIARE","MIRAFLORES",594.96,"HECTAREA",1.363974932,-72.01810951
2012-01-23,"GUAVIARE","MIRAFLORES",157.29,"HECTAREA",1.363974932,-72.01810951
2012-01-23,"NARIÑO","MOSQUERA",228.63,"HECTAREA",2.442493698,-78.438827
2012-01-25,"GUAVIARE","SAN JOSE DEL GUAVIARE",156.36,"HECTAREA",2.484286091,-71.91916993
2012-01-25,"NARIÑO","MOSQUERA",354.81,"HECTAREA",2.442493698,-78.438827
2012-01-26,"GUAVIARE","CALAMAR",81.48,"HECTAREA",1.613634284,-73.0342639
2012-01-26,"GUAVIARE","MIRAFLORES",71.78,"HECTAREA",1.363974932,-72.01810951
2012-01-26,"NARIÑO","EL CHARCO",170.73,"HECTAREA",2.216382295,-77.99533234
2012-01-26,"NARIÑO","SANTA BARBARA",75.54,"HECTAREA",2.494420411,-77.98256461
2012-01-27,"CAUCA","TIMBIQUI",185.55,"HECTAREA",2.699475127,-77.49131577
2012-01-27,"META","MAPIRIPAN",76.95,"HECTAREA",3.117523361,-71.93805692
2012-01-28,"GUAVIARE","EL RETORNO",50.83,"HECTAREA",2.143447362,-72.24364869
2012-01-28,"GUAVIARE","SAN JOSE DEL GUAVIARE",19.87,"HECTAREA",2.484286091,-71.91916993
2012-01-28,"META","MAPIRIPAN",32.95,"HECTAREA",3.117523361,-71.93805692
2012-01-28,"NARIÑO","MAGUI",76.23,"HECTAREA",1.906858429,-78.04473644
2012-01-28,"NARIÑO","MOSQUERA",36.8,"HECTAREA",2.442493698,-78.438827
2012-01-28,"NARIÑO","ROBERTO PAYAN",112.07,"HECTAREA",1.897581156,-78.3811163
2012-01-29,"META","MAPIRIPAN",131.31,"HECTAREA",3.117523361,-71.93805692
2012-01-30,"CHOCÓ","EL LITORAL DEL SAN JUAN",56.38,"HECTAREA",4.272940191,-76.98785828
2012-01-30,"CHOCÓ","ISTMINA",207.42,"HECTAREA",4.586818665,-77.00090737
2012-01-30,"CHOCÓ","SIPI",25.66,"HECTAREA",4.594415157,-76.54194459
2012-01-30,"GUAVIARE","CALAMAR",141.24,"HECTAREA",1.613634284,-73.0342639
2012-01-30,"GUAVIARE","MIRAFLORES",101.36,"HECTAREA",1.363974932,-72.01810951
2012-01-30,"VALLE DEL CAUCA","BOLIVAR",18.79,"HECTAREA",4.393118861,-76.34982039
2012-01-31,"CHOCÓ","ISTMINA",135.2,"HECTAREA",4.586818665,-77.00090737
2012-01-31,"GUAVIARE","SAN JOSE DEL GUAVIARE",17.16,"HECTAREA",2.484286091,-71.91916993
2012-01-31,"META","PUERTO LLERAS",51.19,"HECTAREA",3.193092925,-73.23671436
2012-01-31,"META","SAN JUAN DE ARAMA",26.3,"HECTAREA",3.289851171,-73.81635243
2012-01-31,"NARIÑO","ROBERTO PAYAN",713.07,"HECTAREA",1.897581156,-78.3811163
2012-02-01,"GUAVIARE","SAN JOSE DEL GUAVIARE",109.64,"HECTAREA",2.484286091,-71.91916993
2012-02-01,"NARIÑO","ROBERTO PAYAN",162.74,"HECTAREA",1.897581156,-78.3811163
2012-02-01,"VALLE DEL CAUCA","BUENAVENTURA",155.14,"HECTAREA",3.493340766,-77.11872832
2012-02-02,"CHOCÓ","ISTMINA",164.05,"HECTAREA",4.586818665,-77.00090737
2012-02-02,"CHOCÓ","NOVITA",7.78,"HECTAREA",4.853386627,-76.61823669
2012-02-02,"GUAVIARE","SAN JOSE DEL GUAVIARE",166.25,"HECTAREA",2.484286091,-71.91916993
2012-02-02,"META","LA MACARENA",58.03,"HECTAREA",2.161863917,-74.09488076
2012-02-03,"GUAVIARE","SAN JOSE DEL GUAVIARE",9.96,"HECTAREA",2.484286091,-71.91916993
2012-02-03,"META","MAPIRIPAN",42.81,"HECTAREA",3.117523361,-71.93805692
2012-02-04,"META","MAPIRIPAN",89.06,"HECTAREA",3.117523361,-71.93805692
2012-02-04,"NARIÑO","MAGUI",83.49,"HECTAREA",1.906858429,-78.04473644
2012-02-04,"NARIÑO","ROBERTO PAYAN",75.83,"HECTAREA",1.897581156,-78.3811163
2012-02-04,"VICHADA","CUMARIBO",40.61,"HECTAREA",4.262454746,-69.52140484
2012-02-06,"NARIÑO","ROBERTO PAYAN",494.69,"HECTAREA",1.897581156,-78.3811163
2012-02-07,"GUAVIARE","SAN JOSE DEL GUAVIARE",36.55,"HECTAREA",2.484286091,-71.91916993
2012-02-07,"META","MAPIRIPAN",2.11,"HECTAREA",3.117523361,-71.93805692
2012-02-07,"META","PUERTO CONCORDIA",8.43,"HECTAREA",2.752260112,-72.7210941
2012-02-07,"META","SAN MARTIN",2.11,"HECTAREA",3.515860962,-72.65672742
2012-02-07,"NARIÑO","ROBERTO PAYAN",250.96,"HECTAREA",1.897581156,-78.3811163
2012-02-08,"NARIÑO","ROBERTO PAYAN",267.96,"HECTAREA",1.897581156,-78.3811163
2012-02-09,"NARIÑO","MAGUI",76.73,"HECTAREA",1.906858429,-78.04473644
2012-02-09,"NARIÑO","MOSQUERA",19.08,"HECTAREA",2.442493698,-78.438827
2012-02-09,"NARIÑO","ROBERTO PAYAN",172.1,"HECTAREA",1.897581156,-78.3811163
2012-02-10,"META","MAPIRIPAN",126.98,"HECTAREA",3.117523361,-71.93805692
2012-02-10,"NARIÑO","EL CHARCO",24.97,"HECTAREA",2.216382295,-77.99533234
2012-02-10,"NARIÑO","MAGUI",96.21,"HECTAREA",1.906858429,-78.04473644
2012-02-10,"NARIÑO","SAN ANDRES DE TUMACO",182.96,"HECTAREA",1.574550638,-78.61540963
2012-02-10,"NARIÑO","SANTA BARBARA",20.77,"HECTAREA",2.494420411,-77.98256461
2012-02-11,"GUAVIARE","SAN JOSE DEL GUAVIARE",9.89,"HECTAREA",2.484286091,-71.91916993
2012-02-11,"META","MAPIRIPAN",94.21,"HECTAREA",3.117523361,-71.93805692
2012-02-12,"GUAVIARE","SAN JOSE DEL GUAVIARE",80.18,"HECTAREA",2.484286091,-71.91916993
2012-02-12,"NARIÑO","MAGUI",122.61,"HECTAREA",1.906858429,-78.04473644
2012-02-12,"NARIÑO","ROBERTO PAYAN",98.46,"HECTAREA",1.897581156,-78.3811163
2012-02-13,"GUAVIARE","SAN JOSE DEL GUAVIARE",5.69,"HECTAREA",2.484286091,-71.91916993
2012-02-13,"NARIÑO","SAN ANDRES DE TUMACO",155.1,"HECTAREA",1.574550638,-78.61540963
2012-02-15,"NARIÑO","FRANCISCO PIZARRO",308.61,"HECTAREA",2.088531925,-78.59193099
2012-02-15,"NARIÑO","MAGUI",77.19,"HECTAREA",1.906858429,-78.04473644
2012-02-15,"NARIÑO","ROBERTO PAYAN",81.36,"HECTAREA",1.897581156,-78.3811163
2012-02-16,"NARIÑO","MAGUI",325,"HECTAREA",1.906858429,-78.04473644
2012-02-16,"NARIÑO","SAN ANDRES DE TUMACO",145.2,"HECTAREA",1.574550638,-78.61540963
2012-02-17,"NARIÑO","BARBACOAS",166.72,"HECTAREA",1.44563774,-78.15621072
2012-02-17,"NARIÑO","MAGUI",80.34,"HECTAREA",1.906858429,-78.04473644
2012-02-17,"NARIÑO","ROBERTO PAYAN",194.12,"HECTAREA",1.897581156,-78.3811163
2012-02-17,"NARIÑO","SAN ANDRES DE TUMACO",38.51,"HECTAREA",1.574550638,-78.61540963
2012-02-18,"NARIÑO","BARBACOAS",130.59,"HECTAREA",1.44563774,-78.15621072
2012-02-18,"NARIÑO","SAN ANDRES DE TUMACO",153.94,"HECTAREA",1.574550638,-78.61540963
2012-02-20,"BOLÍVAR","ACHI",18.82,"HECTAREA",8.622943262,-74.47805945
2012-02-20,"BOLÍVAR","MONTECRISTO",65.13,"HECTAREA",8.01710024,-74.46342911
2012-02-20,"BOLÍVAR","SAN JACINTO DEL CAUCA",80.6,"HECTAREA",8.212463202,-74.75082
2012-02-20,"NARIÑO","BARBACOAS",158.5,"HECTAREA",1.44563774,-78.15621072
2012-02-20,"NARIÑO","ROBERTO PAYAN",156.74,"HECTAREA",1.897581156,-78.3811163
2012-02-21,"ANTIOQUIA","NECHI",110.46,"HECTAREA",7.983477394,-74.65844186
2012-02-21,"BOLÍVAR","SAN JACINTO DEL CAUCA",51.63,"HECTAREA",8.212463202,-74.75082
2012-02-21,"NARIÑO","FRANCISCO PIZARRO",39.18,"HECTAREA",2.088531925,-78.59193099
2012-02-21,"NARIÑO","ROBERTO PAYAN",187.41,"HECTAREA",1.897581156,-78.3811163
2012-02-21,"NARIÑO","SAN ANDRES DE TUMACO",39.19,"HECTAREA",1.574550638,-78.61540963
2012-02-22,"CÓRDOBA","MONTERIA",28.58,"HECTAREA",8.584698016,-75.95055079
2012-02-22,"CÓRDOBA","PUERTO LIBERTADOR",136.62,"HECTAREA",7.711515736,-75.77123224
2012-02-24,"ANTIOQUIA","NECHI",29.79,"HECTAREA",7.983477394,-74.65844186
2012-02-24,"BOLÍVAR","MONTECRISTO",111.67,"HECTAREA",8.01710024,-74.46342911
2012-02-24,"BOLÍVAR","SAN JACINTO DEL CAUCA",25.54,"HECTAREA",8.212463202,-74.75082
2012-02-24,"NARIÑO","BARBACOAS",196.26,"HECTAREA",1.44563774,-78.15621072
2012-02-24,"NARIÑO","SAN ANDRES DE TUMACO",39.99,"HECTAREA",1.574550638,-78.61540963
2012-02-25,"CÓRDOBA","MONTELIBANO",97.79,"HECTAREA",7.866432635,-75.87533926
2012-02-26,"NARIÑO","BARBACOAS",302.27,"HECTAREA",1.44563774,-78.15621072
2012-02-26,"NARIÑO","ROBERTO PAYAN",38.72,"HECTAREA",1.897581156,-78.3811163
2012-02-26,"NARIÑO","SAN ANDRES DE TUMACO",36.52,"HECTAREA",1.574550638,-78.61540963
2012-02-27,"ANTIOQUIA","ANORI",52.41,"HECTAREA",7.193110778,-75.10848954
2012-02-27,"ANTIOQUIA","CACERES",112.55,"HECTAREA",7.665155105,-75.22369744
2012-02-28,"ANTIOQUIA","AMALFI",62.86,"HECTAREA",6.977788843,-74.9812393
2012-02-28,"ANTIOQUIA","ANORI",18,"HECTAREA",7.193110778,-75.10848954
2012-02-28,"ANTIOQUIA","SEGOVIA",18,"HECTAREA",7.26692339,-74.62163926
2012-02-28,"ANTIOQUIA","ZARAGOZA",80.86,"HECTAREA",7.474004006,-74.85848326
2012-02-29,"NARIÑO","BARBACOAS",228.82,"HECTAREA",1.44563774,-78.15621072
2012-02-29,"NARIÑO","LA LLANADA",70.9,"HECTAREA",1.541847847,-77.61781608
2012-02-29,"NARIÑO","LOS ANDES",65.4,"HECTAREA",1.672601269,-77.71054449
2012-02-29,"NARIÑO","SAMANIEGO",73.98,"HECTAREA",1.430555262,-77.69179559
2012-03-01,"NARIÑO","MAGUI",304.33,"HECTAREA",1.906858429,-78.04473644
2012-03-01,"NARIÑO","ROBERTO PAYAN",279.79,"HECTAREA",1.897581156,-78.3811163
2012-03-02,"NARIÑO","SAN ANDRES DE TUMACO",5.5,"HECTAREA",1.574550638,-78.61540963
2012-03-03,"ANTIOQUIA","TARAZA",96.45,"HECTAREA",7.488875998,-75.40189438
2012-03-03,"CAUCA","BOLIVAR",115.12,"HECTAREA",1.853951938,-76.96337454
2012-03-03,"CAUCA","MERCADERES",36.8,"HECTAREA",1.793825164,-77.18060381
2012-03-03,"CÓRDOBA","MONTELIBANO",4.15,"HECTAREA",7.866432635,-75.87533926
2012-03-03,"NARIÑO","BARBACOAS",136.58,"HECTAREA",1.44563774,-78.15621072
2012-03-04,"ANTIOQUIA","TARAZA",131.53,"HECTAREA",7.488875998,-75.40189438
2012-03-04,"CAUCA","EL TAMBO",146.84,"HECTAREA",2.534488312,-77.00511207
2012-03-04,"CÓRDOBA","PUERTO LIBERTADOR",5.52,"HECTAREA",7.711515736,-75.77123224
2012-03-05,"NARIÑO","LA LLANADA",132.86,"HECTAREA",1.541847847,-77.61781608
2012-03-05,"NARIÑO","SAN ANDRES DE TUMACO",234.48,"HECTAREA",1.574550638,-78.61540963
2012-03-06,"CAUCA","GUAPI",114.42,"HECTAREA",2.41326696,-77.69047531
2012-03-06,"NARIÑO","SAN ANDRES DE TUMACO",34.55,"HECTAREA",1.574550638,-78.61540963
2012-03-07,"ANTIOQUIA","TARAZA",142.62,"HECTAREA",7.488875998,-75.40189438
2012-03-07,"CAUCA","EL TAMBO",38.85,"HECTAREA",2.534488312,-77.00511207
2012-03-07,"CAUCA","LA SIERRA",74.13,"HECTAREA",2.187473572,-76.78228032
2012-03-07,"CAUCA","PATIA",35.07,"HECTAREA",2.157983906,-77.0465762
2012-03-07,"CÓRDOBA","PUERTO LIBERTADOR",4.74,"HECTAREA",7.711515736,-75.77123224
2012-03-07,"NARIÑO","BARBACOAS",79.72,"HECTAREA",1.44563774,-78.15621072
2012-03-07,"NARIÑO","SAN ANDRES DE TUMACO",74.55,"HECTAREA",1.574550638,-78.61540963
2012-03-08,"NARIÑO","SAN ANDRES DE TUMACO",157.39,"HECTAREA",1.574550638,-78.61540963
2012-03-09,"CÓRDOBA","MONTELIBANO",65.35,"HECTAREA",7.866432635,-75.87533926
2012-03-09,"CÓRDOBA","PUERTO LIBERTADOR",58.11,"HECTAREA",7.711515736,-75.77123224
2012-03-10,"ANTIOQUIA","CACERES",81.59,"HECTAREA",7.665155105,-75.22369744
2012-03-10,"ANTIOQUIA","ITUANGO",58.65,"HECTAREA",7.341549718,-75.67842277
2012-03-10,"ANTIOQUIA","TARAZA",1.74,"HECTAREA",7.488875998,-75.40189438
2012-03-12,"ANTIOQUIA","TARAZA",142.24,"HECTAREA",7.488875998,-75.40189438
2012-03-12,"NARIÑO","SAN ANDRES DE TUMACO",48.53,"HECTAREA",1.574550638,-78.61540963
2012-03-13,"ANTIOQUIA","TARAZA",76.83,"HECTAREA",7.488875998,-75.40189438
2012-03-14,"NARIÑO","SAN ANDRES DE TUMACO",165.22,"HECTAREA",1.574550638,-78.61540963
2012-03-15,"CAUCA","MERCADERES",131.42,"HECTAREA",1.793825164,-77.18060381
2012-03-15,"NARIÑO","SAN ANDRES DE TUMACO",167.02,"HECTAREA",1.574550638,-78.61540963
2012-03-18,"CAUCA","PATIA",17.75,"HECTAREA",2.157983906,-77.0465762
2012-03-19,"ANTIOQUIA","EL BAGRE",55.61,"HECTAREA",7.704633351,-74.66427726
2012-03-19,"ANTIOQUIA","NECHI",60.69,"HECTAREA",7.983477394,-74.65844186
2012-03-19,"NARIÑO","ROBERTO PAYAN",307.45,"HECTAREA",1.897581156,-78.3811163
2012-03-19,"NARIÑO","SAN ANDRES DE TUMACO",239.51,"HECTAREA",1.574550638,-78.61540963
2012-03-20,"ANTIOQUIA","EL BAGRE",101.01,"HECTAREA",7.704633351,-74.66427726
2012-03-20,"CAUCA","GUAPI",186.09,"HECTAREA",2.41326696,-77.69047531
2012-03-20,"NARIÑO","EL CHARCO",96.51,"HECTAREA",2.216382295,-77.99533234
2012-03-20,"NARIÑO","SAN ANDRES DE TUMACO",315.1,"HECTAREA",1.574550638,-78.61540963
2012-03-20,"NARIÑO","SANTA BARBARA",43.05,"HECTAREA",2.494420411,-77.98256461
2012-03-21,"NARIÑO","BARBACOAS",73.76,"HECTAREA",1.44563774,-78.15621072
2012-03-21,"NARIÑO","MAGUI",91.96,"HECTAREA",1.906858429,-78.04473644
2012-03-22,"ANTIOQUIA","ANORI",64.92,"HECTAREA",7.193110778,-75.10848954
2012-03-22,"ANTIOQUIA","EL BAGRE",13.8,"HECTAREA",7.704633351,-74.66427726
2012-03-22,"NARIÑO","BARBACOAS",198.49,"HECTAREA",1.44563774,-78.15621072
2012-03-22,"NARIÑO","MAGUI",262.73,"HECTAREA",1.906858429,-78.04473644
2012-03-24,"ANTIOQUIA","EL BAGRE",27.45,"HECTAREA",7.704633351,-74.66427726
2012-03-24,"NARIÑO","BARBACOAS",110.11,"HECTAREA",1.44563774,-78.15621072
2012-03-24,"NARIÑO","MAGUI",114.94,"HECTAREA",1.906858429,-78.04473644
2012-03-27,"CAUCA","EL TAMBO",123.68,"HECTAREA",2.534488312,-77.00511207
2012-03-27,"CAUCA","ROSAS",123.69,"HECTAREA",2.260421954,-76.74582033
2012-03-27,"NARIÑO","BARBACOAS",230.77,"HECTAREA",1.44563774,-78.15621072
2012-03-27,"NARIÑO","MAGUI",235.13,"HECTAREA",1.906858429,-78.04473644
2012-03-28,"BOLÍVAR","MONTECRISTO",103.96,"HECTAREA",8.01710024,-74.46342911
2012-03-29,"NARIÑO","BARBACOAS",55.9,"HECTAREA",1.44563774,-78.15621072
2012-03-29,"NARIÑO","MAGUI",144.2,"HECTAREA",1.906858429,-78.04473644
2012-03-30,"CAUCA","GUAPI",400.02,"HECTAREA",2.41326696,-77.69047531
2012-03-30,"CAUCA","TIMBIQUI",248.81,"HECTAREA",2.699475127,-77.49131577
2012-03-31,"ANTIOQUIA","AMALFI",29.65,"HECTAREA",6.977788843,-74.9812393
2012-03-31,"ANTIOQUIA","REMEDIOS",13.76,"HECTAREA",6.997267375,-74.55865652
2012-03-31,"ANTIOQUIA","SEGOVIA",83.5,"HECTAREA",7.26692339,-74.62163926
2012-04-01,"ANTIOQUIA","CACERES",98.47,"HECTAREA",7.665155105,-75.22369744
2012-04-01,"ANTIOQUIA","ZARAGOZA",30.04,"HECTAREA",7.474004006,-74.85848326
2012-04-01,"NARIÑO","BARBACOAS",82.18,"HECTAREA",1.44563774,-78.15621072
2012-04-01,"NARIÑO","SAN ANDRES DE TUMACO",14.42,"HECTAREA",1.574550638,-78.61540963
2012-04-02,"CAUCA","GUAPI",155.53,"HECTAREA",2.41326696,-77.69047531
2012-04-02,"CAUCA","TIMBIQUI",80.71,"HECTAREA",2.699475127,-77.49131577
2012-04-03,"NARIÑO","MAGUI",474.87,"HECTAREA",1.906858429,-78.04473644
2012-04-04,"ANTIOQUIA","EL BAGRE",21.12,"HECTAREA",7.704633351,-74.66427726
2012-04-04,"ANTIOQUIA","SEGOVIA",17.18,"HECTAREA",7.26692339,-74.62163926
2012-04-04,"ANTIOQUIA","ZARAGOZA",23.24,"HECTAREA",7.474004006,-74.85848326
2012-04-04,"BOLÍVAR","SANTA ROSA DEL SUR",14.23,"HECTAREA",7.772519173,-74.26272843
2012-04-06,"CÓRDOBA","TIERRALTA",11.65,"HECTAREA",7.813896829,-76.16846678
2012-04-06,"NARIÑO","BARBACOAS",56.93,"HECTAREA",1.44563774,-78.15621072
2012-04-06,"NARIÑO","FRANCISCO PIZARRO",88.01,"HECTAREA",2.088531925,-78.59193099
2012-04-06,"NARIÑO","SAN ANDRES DE TUMACO",75.78,"HECTAREA",1.574550638,-78.61540963
2012-04-07,"ANTIOQUIA","EL BAGRE",81.11,"HECTAREA",7.704633351,-74.66427726
2012-04-07,"ANTIOQUIA","NECHI",58.43,"HECTAREA",7.983477394,-74.65844186
2012-04-07,"BOLÍVAR","MONTECRISTO",12.1,"HECTAREA",8.01710024,-74.46342911
2012-04-07,"BOLÍVAR","SANTA ROSA DEL SUR",12.1,"HECTAREA",7.772519173,-74.26272843
2012-04-07,"CÓRDOBA","MONTELIBANO",67.13,"HECTAREA",7.866432635,-75.87533926
2012-04-07,"CÓRDOBA","PUERTO LIBERTADOR",123.55,"HECTAREA",7.711515736,-75.77123224
2012-04-08,"ANTIOQUIA","ANORI",81.86,"HECTAREA",7.193110778,-75.10848954
2012-04-08,"ANTIOQUIA","CAMPAMENTO",66.98,"HECTAREA",7.036017478,-75.28766178
2012-04-08,"CÓRDOBA","MONTELIBANO",82.95,"HECTAREA",7.866432635,-75.87533926
2012-04-08,"CÓRDOBA","PUERTO LIBERTADOR",35.78,"HECTAREA",7.711515736,-75.77123224
2012-04-09,"BOLÍVAR","MONTECRISTO",6.5,"HECTAREA",8.01710024,-74.46342911
2012-04-09,"BOLÍVAR","SANTA ROSA DEL SUR",64.7,"HECTAREA",7.772519173,-74.26272843
2012-04-09,"NARIÑO","MAGUI",672.07,"HECTAREA",1.906858429,-78.04473644
2012-04-10,"BOLÍVAR","ACHI",36.07,"HECTAREA",8.622943262,-74.47805945
2012-04-10,"BOLÍVAR","TIQUISIO",63.85,"HECTAREA",8.492345176,-74.29676139
2012-04-10,"NARIÑO","BARBACOAS",161.87,"HECTAREA",1.44563774,-78.15621072
2012-04-10,"NARIÑO","SAN ANDRES DE TUMACO",161.64,"HECTAREA",1.574550638,-78.61540963
2012-04-11,"NARIÑO","BARBACOAS",127.89,"HECTAREA",1.44563774,-78.15621072
2012-04-11,"NARIÑO","MAGUI",170.46,"HECTAREA",1.906858429,-78.04473644
2012-04-11,"NARIÑO","ROBERTO PAYAN",42.88,"HECTAREA",1.897581156,-78.3811163
2012-04-12,"CÓRDOBA","MONTELIBANO",224.05,"HECTAREA",7.866432635,-75.87533926
2012-04-12,"NARIÑO","MAGUI",166.96,"HECTAREA",1.906858429,-78.04473644
2012-04-12,"NARIÑO","ROBERTO PAYAN",204.1,"HECTAREA",1.897581156,-78.3811163
2012-04-12,"NARIÑO","SAN ANDRES DE TUMACO",128.39,"HECTAREA",1.574550638,-78.61540963
2012-04-13,"CÓRDOBA","TIERRALTA",99.28,"HECTAREA",7.813896829,-76.16846678
2012-04-13,"NARIÑO","BARBACOAS",131.31,"HECTAREA",1.44563774,-78.15621072
2012-04-13,"NARIÑO","ROBERTO PAYAN",161.59,"HECTAREA",1.897581156,-78.3811163
2012-04-14,"CAUCA","GUAPI",261.42,"HECTAREA",2.41326696,-77.69047531
2012-04-15,"ANTIOQUIA","ANORI",98.65,"HECTAREA",7.193110778,-75.10848954
2012-04-15,"NARIÑO","SAN ANDRES DE TUMACO",232.93,"HECTAREA",1.574550638,-78.61540963
2012-04-16,"ANTIOQUIA","AMALFI",9.63,"HECTAREA",6.977788843,-74.9812393
2012-04-16,"ANTIOQUIA","ANORI",19.25,"HECTAREA",7.193110778,-75.10848954
2012-04-16,"BOLÍVAR","ACHI",26.34,"HECTAREA",8.622943262,-74.47805945
2012-04-16,"BOLÍVAR","MONTECRISTO",218.13,"HECTAREA",8.01710024,-74.46342911
2012-04-16,"BOLÍVAR","RIO VIEJO",15.13,"HECTAREA",8.559982465,-73.90298668
2012-04-16,"BOLÍVAR","TIQUISIO",56.59,"HECTAREA",8.492345176,-74.29676139
2012-04-16,"NARIÑO","BARBACOAS",84.09,"HECTAREA",1.44563774,-78.15621072
2012-04-16,"NARIÑO","MAGUI",167.59,"HECTAREA",1.906858429,-78.04473644
2012-04-16,"NARIÑO","ROBERTO PAYAN",251.98,"HECTAREA",1.897581156,-78.3811163
2012-04-16,"NARIÑO","SAN ANDRES DE TUMACO",168.49,"HECTAREA",1.574550638,-78.61540963
2012-04-17,"ANTIOQUIA","EL BAGRE",17.73,"HECTAREA",7.704633351,-74.66427726
2012-04-17,"BOLÍVAR","ARENAL",14.16,"HECTAREA",8.362996158,-74.10301905
2012-04-17,"BOLÍVAR","TIQUISIO",138.07,"HECTAREA",8.492345176,-74.29676139
2012-04-18,"CÓRDOBA","TIERRALTA",119.95,"HECTAREA",7.813896829,-76.16846678
2012-04-18,"CÓRDOBA","VALENCIA",8.89,"HECTAREA",8.219904128,-76.2213286
2012-04-18,"NARIÑO","EL CHARCO",79.35,"HECTAREA",2.216382295,-77.99533234
2012-04-18,"NARIÑO","MAGUI",245.77,"HECTAREA",1.906858429,-78.04473644
2012-04-18,"NARIÑO","ROBERTO PAYAN",317.69,"HECTAREA",1.897581156,-78.3811163
2012-04-19,"BOLÍVAR","MONTECRISTO",109.55,"HECTAREA",8.01710024,-74.46342911
2012-04-19,"NARIÑO","BARBACOAS",156.93,"HECTAREA",1.44563774,-78.15621072
2012-04-19,"NARIÑO","EL CHARCO",76.18,"HECTAREA",2.216382295,-77.99533234
2012-04-19,"NARIÑO","MAGUI",76.1,"HECTAREA",1.906858429,-78.04473644
2012-04-20,"NARIÑO","BARBACOAS",81.36,"HECTAREA",1.44563774,-78.15621072
2012-04-20,"NARIÑO","EL CHARCO",79.08,"HECTAREA",2.216382295,-77.99533234
2012-04-20,"NARIÑO","MAGUI",87.02,"HECTAREA",1.906858429,-78.04473644
2012-04-21,"ANTIOQUIA","BRICEÑO",17.09,"HECTAREA",7.111788462,-75.56223474
2012-04-21,"ANTIOQUIA","ITUANGO",20.99,"HECTAREA",7.341549718,-75.67842277
2012-04-21,"ANTIOQUIA","VALDIVIA",63.04,"HECTAREA",7.265404213,-75.40094502
2012-04-21,"ANTIOQUIA","YARUMAL",1.95,"HECTAREA",6.9881309,-75.45439957
2012-04-21,"NARIÑO","BARBACOAS",165.25,"HECTAREA",1.44563774,-78.15621072
2012-04-21,"NARIÑO","LOS ANDES",75.52,"HECTAREA",1.672601269,-77.71054449
2012-04-22,"NARIÑO","EL CHARCO",79.45,"HECTAREA",2.216382295,-77.99533234
2012-04-22,"NARIÑO","MAGUI",156.56,"HECTAREA",1.906858429,-78.04473644
2012-04-24,"ANTIOQUIA","AMALFI",25.17,"HECTAREA",6.977788843,-74.9812393
2012-04-24,"ANTIOQUIA","EL BAGRE",33.46,"HECTAREA",7.704633351,-74.66427726
2012-04-24,"ANTIOQUIA","ITUANGO",24.28,"HECTAREA",7.341549718,-75.67842277
2012-04-24,"ANTIOQUIA","VALDIVIA",51.24,"HECTAREA",7.265404213,-75.40094502
2012-04-24,"ANTIOQUIA","ZARAGOZA",8.3,"HECTAREA",7.474004006,-74.85848326
2012-04-24,"NARIÑO","SAN ANDRES DE TUMACO",311.3,"HECTAREA",1.574550638,-78.61540963
2012-04-25,"CAUCA","EL TAMBO",158.42,"HECTAREA",2.534488312,-77.00511207
2012-04-25,"CAUCA","GUAPI",161.02,"HECTAREA",2.41326696,-77.69047531
2012-04-25,"CAUCA","LOPEZ",150.23,"HECTAREA",2.95819877,-77.24212158
2012-04-25,"CAUCA","TIMBIQUI",159.25,"HECTAREA",2.699475127,-77.49131577
2012-04-26,"ANTIOQUIA","TARAZA",119.12,"HECTAREA",7.488875998,-75.40189438
2012-04-27,"CÓRDOBA","MONTELIBANO",26.01,"HECTAREA",7.866432635,-75.87533926
2012-04-28,"ANTIOQUIA","CACERES",92.17,"HECTAREA",7.665155105,-75.22369744
2012-04-28,"ANTIOQUIA","ITUANGO",45.69,"HECTAREA",7.341549718,-75.67842277
2012-04-28,"ANTIOQUIA","TARAZA",118.74,"HECTAREA",7.488875998,-75.40189438
2012-04-29,"BOLÍVAR","SANTA ROSA DEL SUR",66.44,"HECTAREA",7.772519173,-74.26272843
2012-04-29,"CAUCA","TIMBIQUI",241.69,"HECTAREA",2.699475127,-77.49131577
2012-04-30,"ANTIOQUIA","ANORI",61.74,"HECTAREA",7.193110778,-75.10848954
2012-04-30,"ANTIOQUIA","CACERES",142.21,"HECTAREA",7.665155105,-75.22369744
2012-05-02,"CÓRDOBA","PUERTO LIBERTADOR",62.51,"HECTAREA",7.711515736,-75.77123224
2012-05-02,"CÓRDOBA","TIERRALTA",34.67,"HECTAREA",7.813896829,-76.16846678
2012-05-02,"NARIÑO","BARBACOAS",146.41,"HECTAREA",1.44563774,-78.15621072
2012-05-02,"NARIÑO","MAGUI",158.86,"HECTAREA",1.906858429,-78.04473644
2012-05-03,"ANTIOQUIA","CACERES",176.97,"HECTAREA",7.665155105,-75.22369744
2012-05-03,"NARIÑO","SAN ANDRES DE TUMACO",159.52,"HECTAREA",1.574550638,-78.61540963
2012-05-04,"ANTIOQUIA","YONDO",6.29,"HECTAREA",6.925159318,-74.15824041
2012-05-04,"BOLÍVAR","CANTAGALLO",21.51,"HECTAREA",7.239229146,-74.10014043
2012-05-04,"BOLÍVAR","SAN PABLO",25.54,"HECTAREA",7.507922612,-74.10356977
2012-05-04,"NARIÑO","SAN ANDRES DE TUMACO",320.13,"HECTAREA",1.574550638,-78.61540963
2012-05-06,"ANTIOQUIA","ANORI",24.86,"HECTAREA",7.193110778,-75.10848954
2012-05-06,"ANTIOQUIA","CACERES",53.14,"HECTAREA",7.665155105,-75.22369744
2012-05-06,"NARIÑO","BARBACOAS",78.86,"HECTAREA",1.44563774,-78.15621072
2012-05-06,"NARIÑO","MAGUI",159.69,"HECTAREA",1.906858429,-78.04473644
2012-05-06,"NARIÑO","ROBERTO PAYAN",79.75,"HECTAREA",1.897581156,-78.3811163
2012-05-06,"NARIÑO","SAN ANDRES DE TUMACO",244.92,"HECTAREA",1.574550638,-78.61540963
2012-05-07,"NARIÑO","EL CHARCO",157.24,"HECTAREA",2.216382295,-77.99533234
2012-05-07,"NARIÑO","MAGUI",78.69,"HECTAREA",1.906858429,-78.04473644
2012-05-07,"NARIÑO","ROBERTO PAYAN",230.19,"HECTAREA",1.897581156,-78.3811163
2012-05-08,"NARIÑO","EL CHARCO",117.41,"HECTAREA",2.216382295,-77.99533234
2012-05-08,"NARIÑO","MAGUI",182.35,"HECTAREA",1.906858429,-78.04473644
2012-05-08,"NARIÑO","ROBERTO PAYAN",348.14,"HECTAREA",1.897581156,-78.3811163
2012-05-08,"NARIÑO","SAN ANDRES DE TUMACO",60.79,"HECTAREA",1.574550638,-78.61540963
2012-05-10,"NARIÑO","SAN ANDRES DE TUMACO",345.61,"HECTAREA",1.574550638,-78.61540963
2012-05-11,"NARIÑO","SAN ANDRES DE TUMACO",103.04,"HECTAREA",1.574550638,-78.61540963
2012-05-12,"ANTIOQUIA","CACERES",74.7,"HECTAREA",7.665155105,-75.22369744
2012-05-12,"ANTIOQUIA","TARAZA",375.7,"HECTAREA",7.488875998,-75.40189438
2012-05-12,"ANTIOQUIA","VALDIVIA",188.57,"HECTAREA",7.265404213,-75.40094502
2012-05-12,"NARIÑO","BARBACOAS",60.15,"HECTAREA",1.44563774,-78.15621072
2012-05-12,"NARIÑO","ROBERTO PAYAN",76.14,"HECTAREA",1.897581156,-78.3811163
2012-05-12,"NARIÑO","SAN ANDRES DE TUMACO",20.06,"HECTAREA",1.574550638,-78.61540963
2012-05-13,"ANTIOQUIA","CACERES",103.45,"HECTAREA",7.665155105,-75.22369744
2012-05-13,"ANTIOQUIA","TARAZA",53.28,"HECTAREA",7.488875998,-75.40189438
2012-05-13,"NARIÑO","ROBERTO PAYAN",157.19,"HECTAREA",1.897581156,-78.3811163
2012-05-14,"ANTIOQUIA","CACERES",52.69,"HECTAREA",7.665155105,-75.22369744
2012-05-14,"ANTIOQUIA","TARAZA",101.28,"HECTAREA",7.488875998,-75.40189438
2012-05-14,"CAUCA","GUAPI",105.95,"HECTAREA",2.41326696,-77.69047531
2012-05-14,"NARIÑO","FRANCISCO PIZARRO",81.75,"HECTAREA",2.088531925,-78.59193099
2012-05-14,"NARIÑO","ROBERTO PAYAN",294.51,"HECTAREA",1.897581156,-78.3811163
2012-05-15,"ANTIOQUIA","AMALFI",38.59,"HECTAREA",6.977788843,-74.9812393
2012-05-15,"ANTIOQUIA","REMEDIOS",1.68,"HECTAREA",6.997267375,-74.55865652
2012-05-15,"ANTIOQUIA","VEGACHI",17.62,"HECTAREA",6.836535122,-74.7540302
2012-05-15,"ANTIOQUIA","YALI",1.67,"HECTAREA",6.716870679,-74.75565002
2012-05-15,"NARIÑO","BARBACOAS",75.24,"HECTAREA",1.44563774,-78.15621072
2012-05-15,"NARIÑO","EL CHARCO",77.86,"HECTAREA",2.216382295,-77.99533234
2012-05-15,"NARIÑO","MAGUI",77.87,"HECTAREA",1.906858429,-78.04473644
2012-05-15,"NARIÑO","ROBERTO PAYAN",243.42,"HECTAREA",1.897581156,-78.3811163
2012-05-16,"BOLÍVAR","CANTAGALLO",125.96,"HECTAREA",7.239229146,-74.10014043
2012-05-16,"BOLÍVAR","SAN PABLO",24.62,"HECTAREA",7.507922612,-74.10356977
2012-05-16,"NARIÑO","FRANCISCO PIZARRO",23.58,"HECTAREA",2.088531925,-78.59193099
2012-05-16,"NARIÑO","MAGUI",3.92,"HECTAREA",1.906858429,-78.04473644
2012-05-16,"NARIÑO","ROBERTO PAYAN",23.59,"HECTAREA",1.897581156,-78.3811163
2012-05-17,"BOLÍVAR","CANTAGALLO",124.78,"HECTAREA",7.239229146,-74.10014043
2012-05-17,"BOLÍVAR","SAN PABLO",26.77,"HECTAREA",7.507922612,-74.10356977
2012-05-17,"NARIÑO","SAN ANDRES DE TUMACO",171.38,"HECTAREA",1.574550638,-78.61540963
2012-05-18,"ANTIOQUIA","CACERES",110.36,"HECTAREA",7.665155105,-75.22369744
2012-05-18,"NARIÑO","LOS ANDES",83.42,"HECTAREA",1.672601269,-77.71054449
2012-05-18,"NARIÑO","MAGUI",83.41,"HECTAREA",1.906858429,-78.04473644
2012-05-18,"NARIÑO","SAN ANDRES DE TUMACO",162.19,"HECTAREA",1.574550638,-78.61540963
2012-05-19,"NARIÑO","ROBERTO PAYAN",74.19,"HECTAREA",1.897581156,-78.3811163
2012-05-19,"NARIÑO","SAN ANDRES DE TUMACO",80.52,"HECTAREA",1.574550638,-78.61540963
2012-05-20,"CAUCA","TIMBIQUI",625.55,"HECTAREA",2.699475127,-77.49131577
2012-05-21,"BOLÍVAR","CANTAGALLO",65.67,"HECTAREA",7.239229146,-74.10014043
2012-05-21,"BOLÍVAR","SAN PABLO",86.79,"HECTAREA",7.507922612,-74.10356977
2012-05-21,"NARIÑO","BARBACOAS",154.64,"HECTAREA",1.44563774,-78.15621072
2012-05-21,"NARIÑO","EL CHARCO",82.53,"HECTAREA",2.216382295,-77.99533234
2012-05-21,"NARIÑO","MAGUI",80.76,"HECTAREA",1.906858429,-78.04473644
2012-05-21,"NARIÑO","RICAURTE",12.45,"HECTAREA",1.147671848,-78.05811118
2012-05-22,"NARIÑO","BARBACOAS",92.11,"HECTAREA",1.44563774,-78.15621072
2012-05-22,"NARIÑO","MAGUI",166.41,"HECTAREA",1.906858429,-78.04473644
2012-05-24,"BOLÍVAR","MONTECRISTO",1.37,"HECTAREA",8.01710024,-74.46342911
2012-05-24,"BOLÍVAR","MORALES",9.76,"HECTAREA",8.253700061,-73.9713459
2012-05-24,"BOLÍVAR","SANTA ROSA DEL SUR",41.93,"HECTAREA",7.772519173,-74.26272843
2012-05-24,"BOLÍVAR","SIMITI",9.94,"HECTAREA",7.851315534,-73.98371609
2012-05-26,"NARIÑO","MAGUI",174.89,"HECTAREA",1.906858429,-78.04473644
2012-05-27,"BOLÍVAR","SANTA ROSA DEL SUR",59.31,"HECTAREA",7.772519173,-74.26272843
2012-05-27,"BOLÍVAR","SIMITI",12.73,"HECTAREA",7.851315534,-73.98371609
2012-05-28,"BOLÍVAR","SANTA ROSA DEL SUR",74.94,"HECTAREA",7.772519173,-74.26272843
2012-05-28,"BOLÍVAR","SIMITI",7.35,"HECTAREA",7.851315534,-73.98371609
2012-05-29,"CAUCA","TIMBIQUI",160.65,"HECTAREA",2.699475127,-77.49131577
2012-05-29,"NARIÑO","EL CHARCO",149.51,"HECTAREA",2.216382295,-77.99533234
2012-05-31,"NARIÑO","MAGUI",151.12,"HECTAREA",1.906858429,-78.04473644
2012-06-03,"CAQUETÁ","CARTAGENA DEL CHAIRA",77.54,"HECTAREA",0.647693081,-74.27235499
2012-06-03,"NARIÑO","BARBACOAS",142.13,"HECTAREA",1.44563774,-78.15621072
2012-06-03,"NARIÑO","MAGUI",149.23,"HECTAREA",1.906858429,-78.04473644
2012-06-03,"NARIÑO","MOSQUERA",44.73,"HECTAREA",2.442493698,-78.438827
2012-06-03,"PUTUMAYO","PUERTO GUZMAN",67.19,"HECTAREA",0.746432215,-75.88022979
2012-06-04,"CAQUETÁ","CARTAGENA DEL CHAIRA",9.32,"HECTAREA",0.647693081,-74.27235499
2012-06-04,"CAQUETÁ","SAN VICENTE DEL CAGUAN",8.55,"HECTAREA",1.308465061,-74.19746971
2012-06-04,"CAQUETÁ","SOLANO",105.85,"HECTAREA",0.096131862,-72.32036402
2012-06-05,"CAQUETÁ","ALBANIA",20.14,"HECTAREA",1.22786549,-75.88232651
2012-06-05,"CAQUETÁ","CARTAGENA DEL CHAIRA",1.75,"HECTAREA",0.647693081,-74.27235499
2012-06-05,"CAQUETÁ","VALPARAISO",20.16,"HECTAREA",1.07534915,-75.73779004
2012-06-07,"NARIÑO","MOSQUERA",144.06,"HECTAREA",2.442493698,-78.438827
2012-06-08,"CAQUETÁ","BELEN DE LOS ANDAQUIES",10.64,"HECTAREA",1.536174657,-75.90947504
2012-06-08,"NARIÑO","MOSQUERA",40.57,"HECTAREA",2.442493698,-78.438827
2012-06-08,"NARIÑO","ROBERTO PAYAN",126.14,"HECTAREA",1.897581156,-78.3811163
2012-06-09,"NARIÑO","ROBERTO PAYAN",156.51,"HECTAREA",1.897581156,-78.3811163
2012-06-10,"NARIÑO","MOSQUERA",79.41,"HECTAREA",2.442493698,-78.438827
2012-06-10,"NARIÑO","ROBERTO PAYAN",159.52,"HECTAREA",1.897581156,-78.3811163
2012-06-11,"NARIÑO","EL CHARCO",155.48,"HECTAREA",2.216382295,-77.99533234
2012-06-12,"NARIÑO","FRANCISCO PIZARRO",29.31,"HECTAREA",2.088531925,-78.59193099
2012-06-12,"NARIÑO","ROBERTO PAYAN",82.14,"HECTAREA",1.897581156,-78.3811163
2012-06-14,"CHOCÓ","EL LITORAL DEL SAN JUAN",61.58,"HECTAREA",4.272940191,-76.98785828
2012-06-14,"CHOCÓ","ISTMINA",61.57,"HECTAREA",4.586818665,-77.00090737
2012-06-15,"CAUCA","LOPEZ",267.45,"HECTAREA",2.95819877,-77.24212158
2012-06-15,"CAUCA","TIMBIQUI",305.3,"HECTAREA",2.699475127,-77.49131577
2012-06-15,"CHOCÓ","SIPI",24.35,"HECTAREA",4.594415157,-76.54194459
2012-06-17,"CAUCA","EL TAMBO",125.18,"HECTAREA",2.534488312,-77.00511207
2012-06-17,"CAUCA","LOPEZ",111.16,"HECTAREA",2.95819877,-77.24212158
2012-06-17,"CAUCA","TIMBIQUI",482.76,"HECTAREA",2.699475127,-77.49131577
2012-06-17,"CHOCÓ","EL LITORAL DEL SAN JUAN",113.34,"HECTAREA",4.272940191,-76.98785828
2012-06-17,"CHOCÓ","ISTMINA",73.9,"HECTAREA",4.586818665,-77.00090737
2012-06-17,"CHOCÓ","MEDIO SAN JUAN",41.32,"HECTAREA",4.621182739,-76.80861843
2012-06-17,"CHOCÓ","NOVITA",96.83,"HECTAREA",4.853386627,-76.61823669
2012-06-17,"CHOCÓ","SIPI",87.64,"HECTAREA",4.594415157,-76.54194459
2012-06-18,"CHOCÓ","EL LITORAL DEL SAN JUAN",113.35,"HECTAREA",4.272940191,-76.98785828
2012-06-18,"CHOCÓ","ISTMINA",107.03,"HECTAREA",4.586818665,-77.00090737
2012-06-18,"CHOCÓ","MEDIO SAN JUAN",51.47,"HECTAREA",4.621182739,-76.80861843
2012-06-18,"NARIÑO","BARBACOAS",71.81,"HECTAREA",1.44563774,-78.15621072
2012-06-18,"NARIÑO","LOS ANDES",6.17,"HECTAREA",1.672601269,-77.71054449
2012-06-18,"NARIÑO","MAGUI",546.79,"HECTAREA",1.906858429,-78.04473644
2012-06-18,"VALLE DEL CAUCA","BUENAVENTURA",32.84,"HECTAREA",3.493340766,-77.11872832
2012-06-19,"VALLE DEL CAUCA","BUENAVENTURA",72.3,"HECTAREA",3.493340766,-77.11872832
2012-06-20,"NARIÑO","MAGUI",152.81,"HECTAREA",1.906858429,-78.04473644
2012-06-23,"CHOCÓ","MEDIO SAN JUAN",73.09,"HECTAREA",4.621182739,-76.80861843
2012-06-23,"CHOCÓ","NOVITA",67.79,"HECTAREA",4.853386627,-76.61823669
2012-06-23,"VALLE DEL CAUCA","BUENAVENTURA",130.39,"HECTAREA",3.493340766,-77.11872832
2012-06-24,"CHOCÓ","NOVITA",138.77,"HECTAREA",4.853386627,-76.61823669
2012-06-26,"CAUCA","TIMBIQUI",550.88,"HECTAREA",2.699475127,-77.49131577
2012-06-26,"CHOCÓ","ISTMINA",169.82,"HECTAREA",4.586818665,-77.00090737
2012-06-26,"CHOCÓ","MEDIO SAN JUAN",160.68,"HECTAREA",4.621182739,-76.80861843
2012-06-27,"PUTUMAYO","ORITO",66.79,"HECTAREA",0.673756323,-76.94313923
2012-06-27,"PUTUMAYO","PUERTO CAICEDO",207.91,"HECTAREA",0.70416861,-76.49864415
2012-06-27,"PUTUMAYO","VILLAGARZON",91.12,"HECTAREA",0.911149515,-76.74495447
2012-06-28,"CAUCA","LOPEZ",47.12,"HECTAREA",2.95819877,-77.24212158
2012-06-28,"CAUCA","TIMBIQUI",582.53,"HECTAREA",2.699475127,-77.49131577
2012-06-28,"CHOCÓ","MEDIO SAN JUAN",239.72,"HECTAREA",4.621182739,-76.80861843
2012-06-28,"PUTUMAYO","PUERTO CAICEDO",153.43,"HECTAREA",0.70416861,-76.49864415
2012-06-29,"PUTUMAYO","MOCOA",9.77,"HECTAREA",1.26070915,-76.66584349
2012-06-29,"PUTUMAYO","PUERTO GUZMAN",20.94,"HECTAREA",0.746432215,-75.88022979
2012-06-29,"PUTUMAYO","VILLAGARZON",35.81,"HECTAREA",0.911149515,-76.74495447
2012-06-30,"CAUCA","LOPEZ",126.7,"HECTAREA",2.95819877,-77.24212158
2012-06-30,"CAUCA","TIMBIQUI",8.16,"HECTAREA",2.699475127,-77.49131577
2012-07-01,"NARIÑO","BARBACOAS",159.74,"HECTAREA",1.44563774,-78.15621072
2012-07-01,"NARIÑO","CUMBITARA",13.89,"HECTAREA",1.72559011,-77.59281637
2012-07-01,"NARIÑO","LOS ANDES",147.36,"HECTAREA",1.672601269,-77.71054449
2012-07-02,"CAUCA","PIAMONTE",24.2,"HECTAREA",1.054128816,-76.4443271
2012-07-02,"CHOCÓ","MEDIO SAN JUAN",70.78,"HECTAREA",4.621182739,-76.80861843
2012-07-02,"CHOCÓ","NOVITA",27.42,"HECTAREA",4.853386627,-76.61823669
2012-07-02,"CHOCÓ","SIPI",70.47,"HECTAREA",4.594415157,-76.54194459
2012-07-03,"PUTUMAYO","PUERTO ASIS",89.41,"HECTAREA",0.433884539,-76.52158203
2012-07-03,"PUTUMAYO","PUERTO CAICEDO",10,"HECTAREA",0.70416861,-76.49864415
2012-07-06,"NARIÑO","MOSQUERA",99.66,"HECTAREA",2.442493698,-78.438827
2012-07-07,"NARIÑO","MOSQUERA",158.31,"HECTAREA",2.442493698,-78.438827
2012-07-08,"NARIÑO","LA TOLA",4.21,"HECTAREA",2.56027333,-78.23506694
2012-07-08,"NARIÑO","MOSQUERA",80.59,"HECTAREA",2.442493698,-78.438827
2012-07-09,"NARIÑO","MAGUI",83.28,"HECTAREA",1.906858429,-78.04473644
2012-07-09,"NARIÑO","MOSQUERA",78.17,"HECTAREA",2.442493698,-78.438827
2012-07-11,"NARIÑO","BARBACOAS",215.93,"HECTAREA",1.44563774,-78.15621072
2012-07-11,"NARIÑO","EL CHARCO",67.44,"HECTAREA",2.216382295,-77.99533234
2012-07-11,"NARIÑO","MAGUI",214.99,"HECTAREA",1.906858429,-78.04473644
2012-07-11,"NARIÑO","ROBERTO PAYAN",60.44,"HECTAREA",1.897581156,-78.3811163
2012-07-11,"NARIÑO","SAN ANDRES DE TUMACO",59.68,"HECTAREA",1.574550638,-78.61540963
2012-07-12,"CAQUETÁ","VALPARAISO",50.79,"HECTAREA",1.07534915,-75.73779004
2012-07-12,"CAUCA","GUAPI",154.06,"HECTAREA",2.41326696,-77.69047531
2012-07-12,"CAUCA","TIMBIQUI",144.77,"HECTAREA",2.699475127,-77.49131577
2012-07-12,"PUTUMAYO","PUERTO GUZMAN",79.39,"HECTAREA",0.746432215,-75.88022979
2012-07-13,"CAQUETÁ","BELEN DE LOS ANDAQUIES",40.25,"HECTAREA",1.536174657,-75.90947504
2012-07-13,"CAQUETÁ","CURILLO",15,"HECTAREA",1.115379292,-75.97328452
2012-07-13,"CAQUETÁ","MORELIA",10,"HECTAREA",1.38299611,-75.67381123
2012-07-13,"CAQUETÁ","VALPARAISO",39.72,"HECTAREA",1.07534915,-75.73779004
2012-07-13,"CAUCA","TIMBIQUI",286.1,"HECTAREA",2.699475127,-77.49131577
2012-07-14,"CAQUETÁ","MILAN",4.58,"HECTAREA",1.146692554,-75.38664764
2012-07-14,"NARIÑO","MAGUI",152.28,"HECTAREA",1.906858429,-78.04473644
2012-07-15,"CAQUETÁ","MILAN",237.24,"HECTAREA",1.146692554,-75.38664764
2012-07-15,"CAQUETÁ","SOLANO",25.82,"HECTAREA",0.096131862,-72.32036402
2012-07-15,"CAQUETÁ","VALPARAISO",22.39,"HECTAREA",1.07534915,-75.73779004
2012-07-15,"CAUCA","TIMBIQUI",233.67,"HECTAREA",2.699475127,-77.49131577
2012-07-16,"CAQUETÁ","MILAN",66,"HECTAREA",1.146692554,-75.38664764
2012-07-16,"CAQUETÁ","SOLANO",18.25,"HECTAREA",0.096131862,-72.32036402
2012-07-16,"CAQUETÁ","SOLITA",65,"HECTAREA",0.943939454,-75.64668544
2012-07-16,"CAQUETÁ","VALPARAISO",21.34,"HECTAREA",1.07534915,-75.73779004
2012-07-17,"CAQUETÁ","EL DONCELLO",128.06,"HECTAREA",1.713734697,-75.26878109
2012-07-17,"CAQUETÁ","EL PAUJIL",15,"HECTAREA",1.476630016,-75.20231825
2012-07-17,"CAQUETÁ","PUERTO RICO",191.56,"HECTAREA",2.018940891,-75.07308627
2012-07-18,"NARIÑO","ROBERTO PAYAN",231.4,"HECTAREA",1.897581156,-78.3811163
2012-07-19,"CAQUETÁ","CURILLO",43.65,"HECTAREA",1.115379292,-75.97328452
2012-07-19,"CAQUETÁ","SOLITA",16.76,"HECTAREA",0.943939454,-75.64668544
2012-07-19,"CAQUETÁ","VALPARAISO",16.97,"HECTAREA",1.07534915,-75.73779004
2012-07-19,"PUTUMAYO","PUERTO GUZMAN",47.39,"HECTAREA",0.746432215,-75.88022979
2012-07-19,"VALLE DEL CAUCA","BUENAVENTURA",141.33,"HECTAREA",3.493340766,-77.11872832
2012-07-19,"VALLE DEL CAUCA","DAGUA",10.96,"HECTAREA",3.649822218,-76.72039347
2012-07-20,"CAQUETÁ","CURILLO",32.14,"HECTAREA",1.115379292,-75.97328452
2012-07-20,"CAQUETÁ","SAN JOSE DEL FRAGUA",227.75,"HECTAREA",1.304702314,-76.11000594
2012-07-20,"CAUCA","PIAMONTE",23.6,"HECTAREA",1.054128816,-76.4443271
2012-07-20,"NARIÑO","ROBERTO PAYAN",23.27,"HECTAREA",1.897581156,-78.3811163
2012-07-20,"PUTUMAYO","PUERTO GUZMAN",2.74,"HECTAREA",0.746432215,-75.88022979
2012-07-21,"CHOCÓ","EL LITORAL DEL SAN JUAN",142.14,"HECTAREA",4.272940191,-76.98785828
2012-07-21,"NARIÑO","ROBERTO PAYAN",227.87,"HECTAREA",1.897581156,-78.3811163
2012-07-21,"VALLE DEL CAUCA","BUENAVENTURA",106.35,"HECTAREA",3.493340766,-77.11872832
2012-07-21,"VALLE DEL CAUCA","CALIMA",40.03,"HECTAREA",3.923271619,-76.64260484
2012-07-22,"NARIÑO","EL CHARCO",235.87,"HECTAREA",2.216382295,-77.99533234
2012-07-23,"NARIÑO","ROBERTO PAYAN",25.21,"HECTAREA",1.897581156,-78.3811163
2012-07-25,"CHOCÓ","NOVITA",135.32,"HECTAREA",4.853386627,-76.61823669
2012-07-25,"CHOCÓ","SAN JOSE DEL PALMAR",15.88,"HECTAREA",4.958741345,-76.28002361
2012-07-25,"VALLE DEL CAUCA","BUENAVENTURA",125.39,"HECTAREA",3.493340766,-77.11872832
2012-07-25,"VALLE DEL CAUCA","CALIMA",23.56,"HECTAREA",3.923271619,-76.64260484
2012-07-28,"CAQUETÁ","CARTAGENA DEL CHAIRA",12.79,"HECTAREA",0.647693081,-74.27235499
2012-07-28,"CAQUETÁ","EL DONCELLO",15.78,"HECTAREA",1.713734697,-75.26878109
2012-07-28,"CAQUETÁ","PUERTO RICO",92.48,"HECTAREA",2.018940891,-75.07308627
2012-07-29,"CAQUETÁ","SOLITA",51.24,"HECTAREA",0.943939454,-75.64668544
2012-07-29,"PUTUMAYO","PUERTO GUZMAN",26.93,"HECTAREA",0.746432215,-75.88022979
2012-07-30,"NARIÑO","ROBERTO PAYAN",312.94,"HECTAREA",1.897581156,-78.3811163
2012-07-31,"CAQUETÁ","CARTAGENA DEL CHAIRA",13.23,"HECTAREA",0.647693081,-74.27235499
2012-07-31,"CAQUETÁ","PUERTO RICO",19.65,"HECTAREA",2.018940891,-75.07308627
2012-07-31,"CAQUETÁ","SAN VICENTE DEL CAGUAN",103.28,"HECTAREA",1.308465061,-74.19746971
2012-07-31,"CAUCA","LOPEZ",622,"HECTAREA",2.95819877,-77.24212158
2012-08-02,"PUTUMAYO","PUERTO ASIS",556.94,"HECTAREA",0.433884539,-76.52158203
2012-08-02,"PUTUMAYO","PUERTO CAICEDO",58.83,"HECTAREA",0.70416861,-76.49864415
2012-08-02,"PUTUMAYO","VALLE DEL GUAMUEZ",43.26,"HECTAREA",0.42012589,-76.77067026
2012-08-03,"CAUCA","EL TAMBO",25.64,"HECTAREA",2.534488312,-77.00511207
2012-08-03,"CAUCA","LOPEZ",294.6,"HECTAREA",2.95819877,-77.24212158
2012-08-04,"CAQUETÁ","MILAN",76.22,"HECTAREA",1.146692554,-75.38664764
2012-08-04,"CAQUETÁ","SOLANO",113.05,"HECTAREA",0.096131862,-72.32036402
2012-08-05,"CAQUETÁ","EL PAUJIL",211.65,"HECTAREA",1.476630016,-75.20231825
2012-08-05,"CAQUETÁ","LA MONTAÑITA",172.68,"HECTAREA",1.302860442,-75.23572732
2012-08-06,"CAQUETÁ","CARTAGENA DEL CHAIRA",52,"HECTAREA",0.647693081,-74.27235499
2012-08-06,"CAQUETÁ","SAN VICENTE DEL CAGUAN",66.4,"HECTAREA",1.308465061,-74.19746971
2012-08-06,"PUTUMAYO","PUERTO GUZMAN",425.99,"HECTAREA",0.746432215,-75.88022979
2012-08-07,"CAQUETÁ","LA MONTAÑITA",180.89,"HECTAREA",1.302860442,-75.23572732
2012-08-07,"CAUCA","LOPEZ",100.22,"HECTAREA",2.95819877,-77.24212158
2012-08-08,"CAQUETÁ","SOLANO",361.5,"HECTAREA",0.096131862,-72.32036402
2012-08-10,"NARIÑO","MAGUI",148.93,"HECTAREA",1.906858429,-78.04473644
2012-08-10,"NARIÑO","ROBERTO PAYAN",40.32,"HECTAREA",1.897581156,-78.3811163
2012-08-11,"CAQUETÁ","EL PAUJIL",147.1,"HECTAREA",1.476630016,-75.20231825
2012-08-11,"CAQUETÁ","SOLITA",71.83,"HECTAREA",0.943939454,-75.64668544
2012-08-11,"PUTUMAYO","PUERTO GUZMAN",233.37,"HECTAREA",0.746432215,-75.88022979
2012-08-12,"NARIÑO","ROBERTO PAYAN",15.51,"HECTAREA",1.897581156,-78.3811163
2012-08-12,"PUTUMAYO","PUERTO GUZMAN",35.03,"HECTAREA",0.746432215,-75.88022979
2012-08-13,"CAQUETÁ","LA MONTAÑITA",6.69,"HECTAREA",1.302860442,-75.23572732
2012-08-14,"NARIÑO","BARBACOAS",66.99,"HECTAREA",1.44563774,-78.15621072
2012-08-14,"NARIÑO","MAGUI",90.35,"HECTAREA",1.906858429,-78.04473644
2012-08-14,"PUTUMAYO","MOCOA",36.68,"HECTAREA",1.26070915,-76.66584349
2012-08-14,"PUTUMAYO","ORITO",200.74,"HECTAREA",0.673756323,-76.94313923
2012-08-14,"PUTUMAYO","PUERTO ASIS",46.83,"HECTAREA",0.433884539,-76.52158203
2012-08-14,"PUTUMAYO","PUERTO GUZMAN",36.66,"HECTAREA",0.746432215,-75.88022979
2012-08-14,"PUTUMAYO","VALLE DEL GUAMUEZ",229.63,"HECTAREA",0.42012589,-76.77067026
2012-08-16,"PUTUMAYO","ORITO",124.82,"HECTAREA",0.673756323,-76.94313923
2012-08-16,"PUTUMAYO","PUERTO ASIS",26.34,"HECTAREA",0.433884539,-76.52158203
2012-08-17,"NARIÑO","BARBACOAS",97.34,"HECTAREA",1.44563774,-78.15621072
2012-08-17,"NARIÑO","MAGUI",31.32,"HECTAREA",1.906858429,-78.04473644
2012-08-17,"NARIÑO","ROBERTO PAYAN",189.87,"HECTAREA",1.897581156,-78.3811163
2012-08-18,"CAQUETÁ","SAN JOSE DEL FRAGUA",36.41,"HECTAREA",1.304702314,-76.11000594
2012-08-18,"CAUCA","EL TAMBO",76.52,"HECTAREA",2.534488312,-77.00511207
2012-08-18,"CAUCA","LOPEZ",69.71,"HECTAREA",2.95819877,-77.24212158
2012-08-18,"CAUCA","PIAMONTE",10.06,"HECTAREA",1.054128816,-76.4443271
2012-08-18,"CAUCA","TIMBIQUI",155.27,"HECTAREA",2.699475127,-77.49131577
2012-08-19,"PUTUMAYO","ORITO",77.92,"HECTAREA",0.673756323,-76.94313923
2012-08-19,"PUTUMAYO","PUERTO GUZMAN",27.97,"HECTAREA",0.746432215,-75.88022979
2012-08-19,"PUTUMAYO","VALLE DEL GUAMUEZ",88.2,"HECTAREA",0.42012589,-76.77067026
2012-08-19,"PUTUMAYO","VILLAGARZON",297.92,"HECTAREA",0.911149515,-76.74495447
2012-08-20,"CAUCA","GUAPI",236.96,"HECTAREA",2.41326696,-77.69047531
2012-08-20,"NARIÑO","IPIALES",157.19,"HECTAREA",0.497708465,-77.24047625
2012-08-20,"NARIÑO","ROBERTO PAYAN",235.18,"HECTAREA",1.897581156,-78.3811163
2012-08-20,"PUTUMAYO","ORITO",160.36,"HECTAREA",0.673756323,-76.94313923
2012-08-20,"PUTUMAYO","VALLE DEL GUAMUEZ",63.5,"HECTAREA",0.42012589,-76.77067026
2012-08-20,"PUTUMAYO","VILLAGARZON",45.6,"HECTAREA",0.911149515,-76.74495447
2012-08-21,"CAQUETÁ","CURILLO",80.56,"HECTAREA",1.115379292,-75.97328452
2012-08-21,"PUTUMAYO","PUERTO GUZMAN",197.14,"HECTAREA",0.746432215,-75.88022979
2012-08-22,"CAQUETÁ","CARTAGENA DEL CHAIRA",83.84,"HECTAREA",0.647693081,-74.27235499
2012-08-22,"CAQUETÁ","LA MONTAÑITA",141.83,"HECTAREA",1.302860442,-75.23572732
2012-08-22,"NARIÑO","ROBERTO PAYAN",198.42,"HECTAREA",1.897581156,-78.3811163
2012-08-23,"NARIÑO","ROBERTO PAYAN",149.66,"HECTAREA",1.897581156,-78.3811163
2012-08-25,"NARIÑO","SAN ANDRES DE TUMACO",223.27,"HECTAREA",1.574550638,-78.61540963
2012-08-26,"NARIÑO","MAGUI",81.78,"HECTAREA",1.906858429,-78.04473644
2012-08-26,"NARIÑO","ROBERTO PAYAN",81.28,"HECTAREA",1.897581156,-78.3811163
2012-08-28,"CAQUETÁ","LA MONTAÑITA",122.61,"HECTAREA",1.302860442,-75.23572732
2012-08-28,"NARIÑO","BARBACOAS",74.47,"HECTAREA",1.44563774,-78.15621072
2012-08-28,"NARIÑO","SAN ANDRES DE TUMACO",81.19,"HECTAREA",1.574550638,-78.61540963
2012-08-29,"NARIÑO","MAGUI",71.39,"HECTAREA",1.906858429,-78.04473644
2012-08-29,"NARIÑO","ROBERTO PAYAN",87.68,"HECTAREA",1.897581156,-78.3811163
2012-08-30,"NARIÑO","BARBACOAS",155.5,"HECTAREA",1.44563774,-78.15621072
2012-08-30,"NARIÑO","SAN ANDRES DE TUMACO",80.66,"HECTAREA",1.574550638,-78.61540963
2012-08-30,"PUTUMAYO","ORITO",219.81,"HECTAREA",0.673756323,-76.94313923
2012-08-30,"PUTUMAYO","VALLE DEL GUAMUEZ",35.53,"HECTAREA",0.42012589,-76.77067026
2012-08-31,"CAQUETÁ","LA MONTAÑITA",164.34,"HECTAREA",1.302860442,-75.23572732
2012-08-31,"CAQUETÁ","SOLANO",22.13,"HECTAREA",0.096131862,-72.32036402
2012-08-31,"CAUCA","GUAPI",303.7,"HECTAREA",2.41326696,-77.69047531
2012-09-02,"CAUCA","PIAMONTE",161.75,"HECTAREA",1.054128816,-76.4443271
2012-09-04,"CAUCA","PIAMONTE",31.41,"HECTAREA",1.054128816,-76.4443271
2012-09-04,"PUTUMAYO","ORITO",164.94,"HECTAREA",0.673756323,-76.94313923
2012-09-04,"PUTUMAYO","PUERTO CAICEDO",44.77,"HECTAREA",0.70416861,-76.49864415
2012-09-04,"PUTUMAYO","PUERTO GUZMAN",164.05,"HECTAREA",0.746432215,-75.88022979
2012-09-04,"PUTUMAYO","VALLE DEL GUAMUEZ",26.38,"HECTAREA",0.42012589,-76.77067026
2012-09-05,"PUTUMAYO","PUERTO ASIS",149.35,"HECTAREA",0.433884539,-76.52158203
2012-09-05,"PUTUMAYO","PUERTO CAICEDO",222.16,"HECTAREA",0.70416861,-76.49864415
2012-09-05,"PUTUMAYO","PUERTO GUZMAN",159.43,"HECTAREA",0.746432215,-75.88022979
2012-09-06,"CAQUETÁ","SOLANO",100.03,"HECTAREA",0.096131862,-72.32036402
2012-09-06,"CAUCA","PIAMONTE",164.83,"HECTAREA",1.054128816,-76.4443271
2012-09-06,"NARIÑO","MAGUI",245.83,"HECTAREA",1.906858429,-78.04473644
2012-09-06,"NARIÑO","ROBERTO PAYAN",233.69,"HECTAREA",1.897581156,-78.3811163
2012-09-06,"NARIÑO","SAN ANDRES DE TUMACO",305.25,"HECTAREA",1.574550638,-78.61540963
2012-09-06,"PUTUMAYO","LEGUIZAMO",145.45,"HECTAREA",0.05947197,-75.06479327
2012-09-08,"GUAVIARE","CALAMAR",240.24,"HECTAREA",1.613634284,-73.0342639
2012-09-08,"GUAVIARE","MIRAFLORES",339.11,"HECTAREA",1.363974932,-72.01810951
2012-09-08,"NARIÑO","MAGUI",245.62,"HECTAREA",1.906858429,-78.04473644
2012-09-08,"NARIÑO","SAN ANDRES DE TUMACO",240.18,"HECTAREA",1.574550638,-78.61540963
2012-09-09,"GUAVIARE","CALAMAR",161.96,"HECTAREA",1.613634284,-73.0342639
2012-09-09,"GUAVIARE","EL RETORNO",81.39,"HECTAREA",2.143447362,-72.24364869
2012-09-09,"GUAVIARE","MIRAFLORES",397.12,"HECTAREA",1.363974932,-72.01810951
2012-09-09,"NARIÑO","SAN ANDRES DE TUMACO",236.6,"HECTAREA",1.574550638,-78.61540963
2012-09-10,"GUAVIARE","MIRAFLORES",162.37,"HECTAREA",1.363974932,-72.01810951
2012-09-10,"NARIÑO","MAGUI",74.56,"HECTAREA",1.906858429,-78.04473644
2012-09-10,"NARIÑO","SAN ANDRES DE TUMACO",156.38,"HECTAREA",1.574550638,-78.61540963
2012-09-11,"GUAVIARE","SAN JOSE DEL GUAVIARE",247.21,"HECTAREA",2.484286091,-71.91916993
2012-09-11,"META","MAPIRIPAN",157.25,"HECTAREA",3.117523361,-71.93805692
2012-09-11,"NARIÑO","MAGUI",247.18,"HECTAREA",1.906858429,-78.04473644
2012-09-11,"NARIÑO","ROBERTO PAYAN",70.42,"HECTAREA",1.897581156,-78.3811163
2012-09-11,"NARIÑO","SAN ANDRES DE TUMACO",173.87,"HECTAREA",1.574550638,-78.61540963
2012-09-12,"GUAVIARE","EL RETORNO",254,"HECTAREA",2.143447362,-72.24364869
2012-09-12,"NARIÑO","MAGUI",239.18,"HECTAREA",1.906858429,-78.04473644
2012-09-13,"GUAVIARE","EL RETORNO",11.31,"HECTAREA",2.143447362,-72.24364869
2012-09-13,"META","MAPIRIPAN",99.37,"HECTAREA",3.117523361,-71.93805692
2012-09-13,"META","PUERTO CONCORDIA",43.59,"HECTAREA",2.752260112,-72.7210941
2012-09-13,"META","SAN MARTIN",13.86,"HECTAREA",3.515860962,-72.65672742
2012-09-13,"NARIÑO","EL CHARCO",120.88,"HECTAREA",2.216382295,-77.99533234
2012-09-13,"VICHADA","CUMARIBO",10.46,"HECTAREA",4.262454746,-69.52140484
2012-09-14,"GUAVIARE","CALAMAR",155.71,"HECTAREA",1.613634284,-73.0342639
2012-09-14,"GUAVIARE","EL RETORNO",242.9,"HECTAREA",2.143447362,-72.24364869
2012-09-14,"GUAVIARE","SAN JOSE DEL GUAVIARE",15.09,"HECTAREA",2.484286091,-71.91916993
2012-09-14,"META","MAPIRIPAN",21.9,"HECTAREA",3.117523361,-71.93805692
2012-09-14,"NARIÑO","EL CHARCO",6.25,"HECTAREA",2.216382295,-77.99533234
2012-09-15,"GUAVIARE","EL RETORNO",133.52,"HECTAREA",2.143447362,-72.24364869
2012-09-15,"GUAVIARE","SAN JOSE DEL GUAVIARE",157.28,"HECTAREA",2.484286091,-71.91916993
2012-09-15,"NARIÑO","MAGUI",169.76,"HECTAREA",1.906858429,-78.04473644
2012-09-16,"GUAVIARE","EL RETORNO",282.74,"HECTAREA",2.143447362,-72.24364869
2012-09-16,"GUAVIARE","SAN JOSE DEL GUAVIARE",3.57,"HECTAREA",2.484286091,-71.91916993
2012-09-17,"GUAVIARE","EL RETORNO",61.87,"HECTAREA",2.143447362,-72.24364869
2012-09-17,"GUAVIARE","MIRAFLORES",78.27,"HECTAREA",1.363974932,-72.01810951
2012-09-18,"META","MAPIRIPAN",296.79,"HECTAREA",3.117523361,-71.93805692
2012-09-19,"GUAVIARE","SAN JOSE DEL GUAVIARE",296.66,"HECTAREA",2.484286091,-71.91916993
2012-09-19,"META","LA MACARENA",40.34,"HECTAREA",2.161863917,-74.09488076
2012-09-20,"GUAVIARE","EL RETORNO",1.34,"HECTAREA",2.143447362,-72.24364869
2012-09-20,"GUAVIARE","SAN JOSE DEL GUAVIARE",91.14,"HECTAREA",2.484286091,-71.91916993
2012-09-20,"META","LA MACARENA",251.28,"HECTAREA",2.161863917,-74.09488076
2012-09-21,"GUAVIARE","SAN JOSE DEL GUAVIARE",78.43,"HECTAREA",2.484286091,-71.91916993
2012-09-21,"META","MAPIRIPAN",3.51,"HECTAREA",3.117523361,-71.93805692
2012-09-21,"META","PUERTO CONCORDIA",26.4,"HECTAREA",2.752260112,-72.7210941
2012-09-21,"META","PUERTO LLERAS",12.26,"HECTAREA",3.193092925,-73.23671436
2012-09-21,"META","PUERTO RICO",100.15,"HECTAREA",2.758083657,-73.13780171
2012-09-21,"META","SAN JUAN DE ARAMA",3.51,"HECTAREA",3.289851171,-73.81635243
2012-09-21,"NARIÑO","ROBERTO PAYAN",160.86,"HECTAREA",1.897581156,-78.3811163
2012-09-22,"GUAVIARE","EL RETORNO",138.65,"HECTAREA",2.143447362,-72.24364869
2012-09-22,"GUAVIARE","SAN JOSE DEL GUAVIARE",104.78,"HECTAREA",2.484286091,-71.91916993
2012-09-22,"NARIÑO","BARBACOAS",164.01,"HECTAREA",1.44563774,-78.15621072
2012-09-22,"NARIÑO","LOS ANDES",22.38,"HECTAREA",1.672601269,-77.71054449
2012-09-22,"NARIÑO","MAGUI",147.31,"HECTAREA",1.906858429,-78.04473644
2012-09-23,"GUAVIARE","EL RETORNO",28.25,"HECTAREA",2.143447362,-72.24364869
2012-09-23,"GUAVIARE","SAN JOSE DEL GUAVIARE",138.94,"HECTAREA",2.484286091,-71.91916993
2012-09-23,"META","MAPIRIPAN",69.87,"HECTAREA",3.117523361,-71.93805692
2012-09-24,"GUAVIARE","SAN JOSE DEL GUAVIARE",5.72,"HECTAREA",2.484286091,-71.91916993
2012-09-25,"CAUCA","TIMBIQUI",247.24,"HECTAREA",2.699475127,-77.49131577
2012-09-26,"META","MAPIRIPAN",53.98,"HECTAREA",3.117523361,-71.93805692
2012-09-26,"NARIÑO","BARBACOAS",181.26,"HECTAREA",1.44563774,-78.15621072
2012-09-26,"NARIÑO","LOS ANDES",167.17,"HECTAREA",1.672601269,-77.71054449
2012-09-28,"CAUCA","LOPEZ",57.74,"HECTAREA",2.95819877,-77.24212158
2012-09-28,"CAUCA","TIMBIQUI",57.73,"HECTAREA",2.699475127,-77.49131577
2012-09-28,"GUAVIARE","SAN JOSE DEL GUAVIARE",50.17,"HECTAREA",2.484286091,-71.91916993
2012-09-28,"META","LA MACARENA",0.62,"HECTAREA",2.161863917,-74.09488076
2012-09-28,"META","MAPIRIPAN",59.18,"HECTAREA",3.117523361,-71.93805692
2012-09-30,"META","MAPIRIPAN",139.67,"HECTAREA",3.117523361,-71.93805692
2012-09-30,"NARIÑO","MAGUI",205.26,"HECTAREA",1.906858429,-78.04473644
2012-09-30,"NARIÑO","SAN ANDRES DE TUMACO",43.96,"HECTAREA",1.574550638,-78.61540963
2012-10-01,"GUAVIARE","MIRAFLORES",527.38,"HECTAREA",1.363974932,-72.01810951
2012-10-01,"NARIÑO","MAGUI",54.35,"HECTAREA",1.906858429,-78.04473644
2012-10-02,"GUAVIARE","MIRAFLORES",675.8,"HECTAREA",1.363974932,-72.01810951
2012-10-03,"GUAVIARE","MIRAFLORES",417.78,"HECTAREA",1.363974932,-72.01810951
2012-10-04,"GUAVIARE","EL RETORNO",24.47,"HECTAREA",2.143447362,-72.24364869
2012-10-04,"GUAVIARE","MIRAFLORES",24.46,"HECTAREA",1.363974932,-72.01810951
2012-10-04,"GUAVIARE","SAN JOSE DEL GUAVIARE",101.98,"HECTAREA",2.484286091,-71.91916993
2012-10-04,"NARIÑO","MAGUI",102.7,"HECTAREA",1.906858429,-78.04473644
2012-10-05,"GUAVIARE","EL RETORNO",45.19,"HECTAREA",2.143447362,-72.24364869
2012-10-05,"GUAVIARE","MIRAFLORES",43.5,"HECTAREA",1.363974932,-72.01810951
2012-10-05,"GUAVIARE","SAN JOSE DEL GUAVIARE",66.93,"HECTAREA",2.484286091,-71.91916993
2012-10-06,"NARIÑO","MAGUI",38.13,"HECTAREA",1.906858429,-78.04473644
2012-10-07,"META","MAPIRIPAN",154.32,"HECTAREA",3.117523361,-71.93805692
2012-10-07,"NARIÑO","MAGUI",218.78,"HECTAREA",1.906858429,-78.04473644
2012-10-09,"GUAVIARE","SAN JOSE DEL GUAVIARE",131.46,"HECTAREA",2.484286091,-71.91916993
2012-10-16,"ANTIOQUIA","EL BAGRE",31.65,"HECTAREA",7.704633351,-74.66427726
2012-10-16,"ANTIOQUIA","NECHI",89.19,"HECTAREA",7.983477394,-74.65844186
2012-10-16,"ANTIOQUIA","TARAZA",9.17,"HECTAREA",7.488875998,-75.40189438
2012-10-16,"ANTIOQUIA","TURBO",11.24,"HECTAREA",8.173851745,-76.5740377
2012-10-16,"CÓRDOBA","PUERTO LIBERTADOR",33.24,"HECTAREA",7.711515736,-75.77123224
2012-10-16,"NARIÑO","ROBERTO PAYAN",32.54,"HECTAREA",1.897581156,-78.3811163
2012-10-17,"ANTIOQUIA","EL BAGRE",124.77,"HECTAREA",7.704633351,-74.66427726
2012-10-17,"ANTIOQUIA","NECHI",64.15,"HECTAREA",7.983477394,-74.65844186
2012-10-19,"CÓRDOBA","MONTELIBANO",10.2,"HECTAREA",7.866432635,-75.87533926
2012-10-19,"CÓRDOBA","PUERTO LIBERTADOR",33.68,"HECTAREA",7.711515736,-75.77123224
2012-10-19,"NARIÑO","LOS ANDES",235.63,"HECTAREA",1.672601269,-77.71054449
2012-10-20,"ANTIOQUIA","NECHI",270.25,"HECTAREA",7.983477394,-74.65844186
2012-10-20,"NARIÑO","SAN ANDRES DE TUMACO",395.85,"HECTAREA",1.574550638,-78.61540963
2012-10-21,"ANTIOQUIA","AMALFI",12.57,"HECTAREA",6.977788843,-74.9812393
2012-10-21,"ANTIOQUIA","ANORI",114.58,"HECTAREA",7.193110778,-75.10848954
2012-10-21,"ANTIOQUIA","EL BAGRE",20.03,"HECTAREA",7.704633351,-74.66427726
2012-10-21,"ANTIOQUIA","SEGOVIA",100.1,"HECTAREA",7.26692339,-74.62163926
2012-10-21,"ANTIOQUIA","ZARAGOZA",50.45,"HECTAREA",7.474004006,-74.85848326
2012-10-21,"BOLÍVAR","SANTA ROSA DEL SUR",5.39,"HECTAREA",7.772519173,-74.26272843
2012-10-21,"NARIÑO","ROBERTO PAYAN",150.88,"HECTAREA",1.897581156,-78.3811163
2012-10-21,"NARIÑO","SAN ANDRES DE TUMACO",243.1,"HECTAREA",1.574550638,-78.61540963
2012-10-22,"ANTIOQUIA","ANORI",27.3,"HECTAREA",7.193110778,-75.10848954
2012-10-22,"ANTIOQUIA","ZARAGOZA",0.85,"HECTAREA",7.474004006,-74.85848326
2012-10-22,"BOLÍVAR","MONTECRISTO",99.48,"HECTAREA",8.01710024,-74.46342911
2012-10-22,"BOLÍVAR","SANTA ROSA DEL SUR",19.76,"HECTAREA",7.772519173,-74.26272843
2012-10-22,"NARIÑO","BARBACOAS",166.29,"HECTAREA",1.44563774,-78.15621072
2012-10-22,"NARIÑO","MAGUI",162.7,"HECTAREA",1.906858429,-78.04473644
2012-10-22,"NARIÑO","ROBERTO PAYAN",68.17,"HECTAREA",1.897581156,-78.3811163
2012-10-23,"ANTIOQUIA","REMEDIOS",118.35,"HECTAREA",6.997267375,-74.55865652
2012-10-23,"ANTIOQUIA","SEGOVIA",56.76,"HECTAREA",7.26692339,-74.62163926
2012-10-23,"BOLÍVAR","MONTECRISTO",134.11,"HECTAREA",8.01710024,-74.46342911
2012-10-23,"BOLÍVAR","SANTA ROSA DEL SUR",34.29,"HECTAREA",7.772519173,-74.26272843
2012-10-25,"BOLÍVAR","MONTECRISTO",101.9,"HECTAREA",8.01710024,-74.46342911
2012-10-25,"BOLÍVAR","SANTA ROSA DEL SUR",7.81,"HECTAREA",7.772519173,-74.26272843
2012-10-25,"CHOCÓ","EL CANTON DEL SAN PABLO",77.28,"HECTAREA",5.359661967,-76.77255624
2012-10-25,"CHOCÓ","ISTMINA",72.11,"HECTAREA",4.586818665,-77.00090737
2012-10-25,"NARIÑO","SAN ANDRES DE TUMACO",40.18,"HECTAREA",1.574550638,-78.61540963
2012-10-26,"ANTIOQUIA","ANORI",109.77,"HECTAREA",7.193110778,-75.10848954
2012-10-26,"CHOCÓ","ISTMINA",174.41,"HECTAREA",4.586818665,-77.00090737
2012-10-27,"ANTIOQUIA","CACERES",102.8,"HECTAREA",7.665155105,-75.22369744
2012-10-27,"CHOCÓ","BAJO BAUDO",260.64,"HECTAREA",4.492865435,-77.08271352
2012-10-27,"CHOCÓ","MEDIO SAN JUAN",260.12,"HECTAREA",4.621182739,-76.80861843
2012-10-28,"CHOCÓ","ALTO BAUDO",98.87,"HECTAREA",5.636740989,-77.0842154
2012-10-28,"CHOCÓ","EL CANTON DEL SAN PABLO",56.69,"HECTAREA",5.359661967,-76.77255624
2012-10-28,"CHOCÓ","ISTMINA",246.33,"HECTAREA",4.586818665,-77.00090737
2012-10-29,"CHOCÓ","NOVITA",167.65,"HECTAREA",4.853386627,-76.61823669
2012-10-29,"NARIÑO","EL CHARCO",56.87,"HECTAREA",2.216382295,-77.99533234
2012-10-29,"NARIÑO","MAGUI",77.03,"HECTAREA",1.906858429,-78.04473644
2012-10-30,"ANTIOQUIA","TARAZA",97.84,"HECTAREA",7.488875998,-75.40189438
2012-10-30,"CHOCÓ","ALTO BAUDO",181.57,"HECTAREA",5.636740989,-77.0842154
2012-10-30,"CHOCÓ","NOVITA",407.44,"HECTAREA",4.853386627,-76.61823669
2012-10-31,"ANTIOQUIA","ANORI",52.82,"HECTAREA",7.193110778,-75.10848954
2012-10-31,"ANTIOQUIA","TARAZA",53.94,"HECTAREA",7.488875998,-75.40189438
2012-10-31,"BOLÍVAR","ACHI",14.04,"HECTAREA",8.622943262,-74.47805945
2012-10-31,"BOLÍVAR","MONTECRISTO",65.34,"HECTAREA",8.01710024,-74.46342911
2012-10-31,"BOLÍVAR","SAN JACINTO DEL CAUCA",14.05,"HECTAREA",8.212463202,-74.75082
2012-10-31,"BOLÍVAR","TIQUISIO",14.05,"HECTAREA",8.492345176,-74.29676139
2012-10-31,"CHOCÓ","ALTO BAUDO",381.34,"HECTAREA",5.636740989,-77.0842154
2012-10-31,"CHOCÓ","BAJO BAUDO",126.41,"HECTAREA",4.492865435,-77.08271352
2012-10-31,"CHOCÓ","MEDIO SAN JUAN",164.34,"HECTAREA",4.621182739,-76.80861843
2012-11-02,"ANTIOQUIA","CACERES",104.95,"HECTAREA",7.665155105,-75.22369744
2012-11-02,"CHOCÓ","ISTMINA",90.63,"HECTAREA",4.586818665,-77.00090737
2012-11-02,"CHOCÓ","SIPI",110.41,"HECTAREA",4.594415157,-76.54194459
2012-11-04,"ANTIOQUIA","CACERES",113.28,"HECTAREA",7.665155105,-75.22369744
2012-11-04,"NARIÑO","LA TOLA",116.93,"HECTAREA",2.56027333,-78.23506694
2012-11-05,"ANTIOQUIA","AMALFI",70.51,"HECTAREA",6.977788843,-74.9812393
2012-11-05,"ANTIOQUIA","REMEDIOS",34.18,"HECTAREA",6.997267375,-74.55865652
2012-11-05,"CHOCÓ","ISTMINA",242.29,"HECTAREA",4.586818665,-77.00090737
2012-11-05,"CHOCÓ","NOVITA",98.37,"HECTAREA",4.853386627,-76.61823669
2012-11-05,"CHOCÓ","SAN JOSE DEL PALMAR",151.94,"HECTAREA",4.958741345,-76.28002361
2012-11-05,"NARIÑO","BARBACOAS",183.57,"HECTAREA",1.44563774,-78.15621072
2012-11-05,"NARIÑO","EL CHARCO",21.93,"HECTAREA",2.216382295,-77.99533234
2012-11-05,"NARIÑO","MAGUI",100.21,"HECTAREA",1.906858429,-78.04473644
2012-11-06,"BOLÍVAR","TIQUISIO",98,"HECTAREA",8.492345176,-74.29676139
2012-11-06,"CHOCÓ","BAJO BAUDO",111.31,"HECTAREA",4.492865435,-77.08271352
2012-11-06,"CHOCÓ","RIO QUITO",62.97,"HECTAREA",5.567533337,-76.81157084
2012-11-06,"CHOCÓ","SAN JOSE DEL PALMAR",18.74,"HECTAREA",4.958741345,-76.28002361
2012-11-07,"NARIÑO","BARBACOAS",165.32,"HECTAREA",1.44563774,-78.15621072
2012-11-08,"CÓRDOBA","MONTELIBANO",104.79,"HECTAREA",7.866432635,-75.87533926
2012-11-08,"CHOCÓ","ISTMINA",172.92,"HECTAREA",4.586818665,-77.00090737
2012-11-08,"CHOCÓ","NOVITA",170.72,"HECTAREA",4.853386627,-76.61823669
2012-11-08,"NARIÑO","EL CHARCO",164.98,"HECTAREA",2.216382295,-77.99533234
2012-11-09,"NARIÑO","EL CHARCO",59.07,"HECTAREA",2.216382295,-77.99533234
2012-11-09,"NARIÑO","SANTA BARBARA",46.9,"HECTAREA",2.494420411,-77.98256461
2012-11-10,"CHOCÓ","BAJO BAUDO",109.55,"HECTAREA",4.492865435,-77.08271352
2012-11-11,"NARIÑO","BARBACOAS",183.38,"HECTAREA",1.44563774,-78.15621072
2012-11-12,"ANTIOQUIA","TARAZA",117.37,"HECTAREA",7.488875998,-75.40189438
2012-11-15,"ANTIOQUIA","TARAZA",62.52,"HECTAREA",7.488875998,-75.40189438
2012-11-15,"ANTIOQUIA","VALDIVIA",70.59,"HECTAREA",7.265404213,-75.40094502
2012-11-16,"CHOCÓ","ISTMINA",198.7,"HECTAREA",4.586818665,-77.00090737
2012-11-16,"CHOCÓ","NOVITA",102.04,"HECTAREA",4.853386627,-76.61823669
2012-11-17,"CÓRDOBA","MONTELIBANO",85.43,"HECTAREA",7.866432635,-75.87533926
2012-11-17,"CÓRDOBA","PUERTO LIBERTADOR",11.26,"HECTAREA",7.711515736,-75.77123224
2012-11-19,"ANTIOQUIA","CAMPAMENTO",172.32,"HECTAREA",7.036017478,-75.28766178
2012-11-19,"ANTIOQUIA","REMEDIOS",2.54,"HECTAREA",6.997267375,-74.55865652
2012-11-19,"ANTIOQUIA","SEGOVIA",81.44,"HECTAREA",7.26692339,-74.62163926
2012-11-23,"ANTIOQUIA","CACERES",58.81,"HECTAREA",7.665155105,-75.22369744
2012-11-23,"ANTIOQUIA","TARAZA",56.07,"HECTAREA",7.488875998,-75.40189438
2012-11-23,"CHOCÓ","ISTMINA",285.09,"HECTAREA",4.586818665,-77.00090737
2012-11-23,"CHOCÓ","NOVITA",109.29,"HECTAREA",4.853386627,-76.61823669
2012-11-25,"ANTIOQUIA","TARAZA",106.19,"HECTAREA",7.488875998,-75.40189438
2012-11-25,"CAQUETÁ","MILAN",20.52,"HECTAREA",1.146692554,-75.38664764
2012-11-25,"CAQUETÁ","VALPARAISO",49.42,"HECTAREA",1.07534915,-75.73779004
2012-11-26,"BOLÍVAR","MONTECRISTO",26.58,"HECTAREA",8.01710024,-74.46342911
2012-11-26,"BOLÍVAR","RIO VIEJO",48.71,"HECTAREA",8.559982465,-73.90298668
2012-11-26,"BOLÍVAR","TIQUISIO",26.59,"HECTAREA",8.492345176,-74.29676139
2012-11-26,"CHOCÓ","ISTMINA",227.32,"HECTAREA",4.586818665,-77.00090737
2012-11-27,"CHOCÓ","ISTMINA",211.26,"HECTAREA",4.586818665,-77.00090737
2012-11-28,"CHOCÓ","ISTMINA",106.14,"HECTAREA",4.586818665,-77.00090737
2012-11-28,"CHOCÓ","NOVITA",53.08,"HECTAREA",4.853386627,-76.61823669
2012-11-29,"ANTIOQUIA","ANORI",6.28,"HECTAREA",7.193110778,-75.10848954
2012-11-29,"ANTIOQUIA","TARAZA",11.55,"HECTAREA",7.488875998,-75.40189438
2012-11-29,"CAQUETÁ","SOLITA",39.72,"HECTAREA",0.943939454,-75.64668544
2012-11-29,"PUTUMAYO","PUERTO GUZMAN",41.14,"HECTAREA",0.746432215,-75.88022979
2012-11-30,"ANTIOQUIA","ITUANGO",13.03,"HECTAREA",7.341549718,-75.67842277
2012-11-30,"ANTIOQUIA","TARAZA",2.29,"HECTAREA",7.488875998,-75.40189438
2012-11-30,"CAQUETÁ","SOLITA",30.53,"HECTAREA",0.943939454,-75.64668544
2012-11-30,"CHOCÓ","NOVITA",222.29,"HECTAREA",4.853386627,-76.61823669
2012-11-30,"CHOCÓ","SIPI",45.55,"HECTAREA",4.594415157,-76.54194459
2012-11-30,"PUTUMAYO","PUERTO GUZMAN",28.29,"HECTAREA",0.746432215,-75.88022979
2012-12-01,"CHOCÓ","EL LITORAL DEL SAN JUAN",57.78,"HECTAREA",4.272940191,-76.98785828
2012-12-01,"CHOCÓ","ISTMINA",216.78,"HECTAREA",4.586818665,-77.00090737
2012-12-01,"CHOCÓ","MEDIO SAN JUAN",2.28,"HECTAREA",4.621182739,-76.80861843
2012-12-01,"CHOCÓ","NOVITA",71.53,"HECTAREA",4.853386627,-76.61823669
2012-12-01,"PUTUMAYO","PUERTO GUZMAN",53.49,"HECTAREA",0.746432215,-75.88022979
2012-12-02,"CHOCÓ","ISTMINA",169.52,"HECTAREA",4.586818665,-77.00090737
2012-12-03,"CÓRDOBA","MONTELIBANO",36.28,"HECTAREA",7.866432635,-75.87533926
2012-12-03,"CÓRDOBA","PUERTO LIBERTADOR",19.3,"HECTAREA",7.711515736,-75.77123224
2012-12-03,"CHOCÓ","ISTMINA",153,"HECTAREA",4.586818665,-77.00090737
2012-12-03,"PUTUMAYO","PUERTO GUZMAN",36.07,"HECTAREA",0.746432215,-75.88022979
2012-12-04,"CHOCÓ","ALTO BAUDO",151.95,"HECTAREA",5.636740989,-77.0842154
2012-12-04,"CHOCÓ","BAJO BAUDO",72.66,"HECTAREA",4.492865435,-77.08271352
2012-12-04,"CHOCÓ","MEDIO SAN JUAN",53.62,"HECTAREA",4.621182739,-76.80861843
2012-12-04,"CHOCÓ","QUIBDO",39.12,"HECTAREA",5.7543229,-76.65015147
2012-12-07,"PUTUMAYO","PUERTO GUZMAN",110.2,"HECTAREA",0.746432215,-75.88022979
2012-12-08,"CHOCÓ","EL LITORAL DEL SAN JUAN",48.42,"HECTAREA",4.272940191,-76.98785828
2012-12-08,"CHOCÓ","ISTMINA",170.71,"HECTAREA",4.586818665,-77.00090737
2012-12-09,"CAQUETÁ","ALBANIA",21.57,"HECTAREA",1.22786549,-75.88232651
2012-12-09,"CAQUETÁ","BELEN DE LOS ANDAQUIES",9.39,"HECTAREA",1.536174657,-75.90947504
2012-12-09,"CAQUETÁ","CURILLO",30.96,"HECTAREA",1.115379292,-75.97328452
2012-12-09,"CAQUETÁ","LA MONTAÑITA",21.57,"HECTAREA",1.302860442,-75.23572732
2012-12-09,"CHOCÓ","BAJO BAUDO",54.1,"HECTAREA",4.492865435,-77.08271352
2012-12-10,"CAQUETÁ","CURILLO",104.45,"HECTAREA",1.115379292,-75.97328452
2012-12-11,"PUTUMAYO","PUERTO ASIS",76.37,"HECTAREA",0.433884539,-76.52158203
2012-12-13,"CAQUETÁ","EL PAUJIL",97.01,"HECTAREA",1.476630016,-75.20231825
2012-12-13,"CAQUETÁ","LA MONTAÑITA",77.93,"HECTAREA",1.302860442,-75.23572732
2012-12-14,"CAQUETÁ","EL PAUJIL",11.41,"HECTAREA",1.476630016,-75.20231825
2012-12-14,"CAQUETÁ","LA MONTAÑITA",35.8,"HECTAREA",1.302860442,-75.23572732
2012-12-15,"CAUCA","PIAMONTE",127.72,"HECTAREA",1.054128816,-76.4443271
2012-12-15,"CHOCÓ","ISTMINA",272.7,"HECTAREA",4.586818665,-77.00090737
2012-12-16,"CHOCÓ","BAJO BAUDO",248.69,"HECTAREA",4.492865435,-77.08271352
2012-12-16,"CHOCÓ","ISTMINA",240.46,"HECTAREA",4.586818665,-77.00090737
2012-12-17,"CAQUETÁ","BELEN DE LOS ANDAQUIES",80.42,"HECTAREA",1.536174657,-75.90947504
2012-12-18,"CAQUETÁ","BELEN DE LOS ANDAQUIES",155.97,"HECTAREA",1.536174657,-75.90947504
2012-12-18,"CHOCÓ","BAJO BAUDO",39.7,"HECTAREA",4.492865435,-77.08271352
2012-12-18,"CHOCÓ","ISTMINA",615.79,"HECTAREA",4.586818665,-77.00090737
2012-12-18,"CHOCÓ","NOVITA",108.89,"HECTAREA",4.853386627,-76.61823669
2012-12-20,"CHOCÓ","BAJO BAUDO",86.03,"HECTAREA",4.492865435,-77.08271352
2012-12-20,"CHOCÓ","ISTMINA",105.18,"HECTAREA",4.586818665,-77.00090737
2012-12-21,"CAUCA","PIAMONTE",77.2,"HECTAREA",1.054128816,-76.4443271
2012-12-22,"CHOCÓ","ISTMINA",355.44,"HECTAREA",4.586818665,-77.00090737
2012-12-23,"CHOCÓ","BAJO BAUDO",87.23,"HECTAREA",4.492865435,-77.08271352
2012-12-23,"CHOCÓ","ISTMINA",589.54,"HECTAREA",4.586818665,-77.00090737
2012-12-23,"CHOCÓ","MEDIO SAN JUAN",334.34,"HECTAREA",4.621182739,-76.80861843
2012-12-25,"CAQUETÁ","EL DONCELLO",16.72,"HECTAREA",1.713734697,-75.26878109
2012-12-26,"CAUCA","PIAMONTE",149.42,"HECTAREA",1.054128816,-76.4443271
2012-12-28,"PUTUMAYO","ORITO",58.2,"HECTAREA",0.673756323,-76.94313923
2012-12-28,"PUTUMAYO","PUERTO ASIS",82.06,"HECTAREA",0.433884539,-76.52158203
2012-12-28,"PUTUMAYO","VILLAGARZON",67.52,"HECTAREA",0.911149515,-76.74495447
2012-12-29,"PUTUMAYO","ORITO",227.39,"HECTAREA",0.673756323,-76.94313923
2012-12-29,"PUTUMAYO","VILLAGARZON",85.16,"HECTAREA",0.911149515,-76.74495447
2012-12-30,"PUTUMAYO","ORITO",72.27,"HECTAREA",0.673756323,-76.94313923
2012-12-30,"PUTUMAYO","VILLAGARZON",80.45,"HECTAREA",0.911149515,-76.74495447
2012-12-31,"CAQUETÁ","BELEN DE LOS ANDAQUIES",1.8,"HECTAREA",1.536174657,-75.90947504
2012-12-31,"CAQUETÁ","CURILLO",8.72,"HECTAREA",1.115379292,-75.97328452
2012-12-31,"CAUCA","PIAMONTE",15.3,"HECTAREA",1.054128816,-76.4443271
2012-12-31,"CHOCÓ","ISTMINA",262.28,"HECTAREA",4.586818665,-77.00090737
2012-12-31,"CHOCÓ","MEDIO SAN JUAN",162.84,"HECTAREA",4.621182739,-76.80861843
2012-12-31,"PUTUMAYO","PUERTO GUZMAN",8.72,"HECTAREA",0.746432215,-75.88022979
2013-01-02,"ANTIOQUIA","NECHI",24.35,"HECTAREA",7.983477394,-74.65844186
2013-01-02,"BOLÍVAR","ARENAL",16.93,"HECTAREA",8.362996158,-74.10301905
2013-01-02,"BOLÍVAR","MONTECRISTO",46.91,"HECTAREA",8.01710024,-74.46342911
2013-01-02,"BOLÍVAR","RIO VIEJO",65.62,"HECTAREA",8.559982465,-73.90298668
2013-01-02,"BOLÍVAR","TIQUISIO",46.9,"HECTAREA",8.492345176,-74.29676139
2013-01-03,"BOLÍVAR","MONTECRISTO",54.69,"HECTAREA",8.01710024,-74.46342911
2013-01-03,"BOLÍVAR","SANTA ROSA DEL SUR",196.63,"HECTAREA",7.772519173,-74.26272843
2013-01-03,"BOLÍVAR","SIMITI",24.1,"HECTAREA",7.851315534,-73.98371609
2013-01-04,"BOLÍVAR","ARENAL",31.08,"HECTAREA",8.362996158,-74.10301905
2013-01-04,"BOLÍVAR","MORALES",82.5,"HECTAREA",8.253700061,-73.9713459
2013-01-04,"BOLÍVAR","RIO VIEJO",17.53,"HECTAREA",8.559982465,-73.90298668
2013-01-04,"BOLÍVAR","SANTA ROSA DEL SUR",152.4,"HECTAREA",7.772519173,-74.26272843
2013-01-05,"BOLÍVAR","ALTOS DEL ROSARIO",8.78,"HECTAREA",8.757468863,-74.19515811
2013-01-05,"BOLÍVAR","ARENAL",9.71,"HECTAREA",8.362996158,-74.10301905
2013-01-05,"BOLÍVAR","MORALES",9.71,"HECTAREA",8.253700061,-73.9713459
2013-01-05,"BOLÍVAR","RIO VIEJO",8.77,"HECTAREA",8.559982465,-73.90298668
2013-01-05,"BOLÍVAR","SANTA ROSA DEL SUR",8.77,"HECTAREA",7.772519173,-74.26272843
2013-01-05,"CAQUETÁ","CURILLO",76.27,"HECTAREA",1.115379292,-75.97328452
2013-01-05,"CAQUETÁ","SAN JOSE DEL FRAGUA",65.67,"HECTAREA",1.304702314,-76.11000594
2013-01-05,"CAUCA","PIAMONTE",86.38,"HECTAREA",1.054128816,-76.4443271
2013-01-06,"ANTIOQUIA","ANORI",66.21,"HECTAREA",7.193110778,-75.10848954
2013-01-06,"ANTIOQUIA","CACERES",68.66,"HECTAREA",7.665155105,-75.22369744
2013-01-06,"ANTIOQUIA","TARAZA",84.31,"HECTAREA",7.488875998,-75.40189438
2013-01-06,"CAQUETÁ","CURILLO",36.95,"HECTAREA",1.115379292,-75.97328452
2013-01-06,"CAQUETÁ","SAN JOSE DEL FRAGUA",151.26,"HECTAREA",1.304702314,-76.11000594
2013-01-06,"PUTUMAYO","PUERTO GUZMAN",31.87,"HECTAREA",0.746432215,-75.88022979
2013-01-07,"CAQUETÁ","CURILLO",165.82,"HECTAREA",1.115379292,-75.97328452
2013-01-07,"CAQUETÁ","SAN JOSE DEL FRAGUA",228.02,"HECTAREA",1.304702314,-76.11000594
2013-01-07,"PUTUMAYO","PUERTO GUZMAN",47.34,"HECTAREA",0.746432215,-75.88022979
2013-01-08,"CAQUETÁ","CURILLO",40.59,"HECTAREA",1.115379292,-75.97328452
2013-01-08,"CAQUETÁ","SAN JOSE DEL FRAGUA",199.51,"HECTAREA",1.304702314,-76.11000594
2013-01-09,"ANTIOQUIA","TARAZA",35.69,"HECTAREA",7.488875998,-75.40189438
2013-01-09,"CÓRDOBA","PUERTO LIBERTADOR",95.1,"HECTAREA",7.711515736,-75.77123224
2013-01-09,"CÓRDOBA","TIERRALTA",148.26,"HECTAREA",7.813896829,-76.16846678
2013-01-09,"PUTUMAYO","PUERTO GUZMAN",188.36,"HECTAREA",0.746432215,-75.88022979
2013-01-10,"BOLÍVAR","SIMITI",78.36,"HECTAREA",7.851315534,-73.98371609
2013-01-10,"CÓRDOBA","TIERRALTA",89.47,"HECTAREA",7.813896829,-76.16846678
2013-01-11,"ANTIOQUIA","EL BAGRE",20.65,"HECTAREA",7.704633351,-74.66427726
2013-01-11,"ANTIOQUIA","NECHI",18.28,"HECTAREA",7.983477394,-74.65844186
2013-01-11,"BOLÍVAR","CANTAGALLO",8.38,"HECTAREA",7.239229146,-74.10014043
2013-01-11,"BOLÍVAR","MONTECRISTO",20.64,"HECTAREA",8.01710024,-74.46342911
2013-01-11,"BOLÍVAR","MORALES",21.08,"HECTAREA",8.253700061,-73.9713459
2013-01-11,"BOLÍVAR","SAN PABLO",12.7,"HECTAREA",7.507922612,-74.10356977
2013-01-11,"BOLÍVAR","SANTA ROSA DEL SUR",18.28,"HECTAREA",7.772519173,-74.26272843
2013-01-11,"BOLÍVAR","SIMITI",8.39,"HECTAREA",7.851315534,-73.98371609
2013-01-11,"CAQUETÁ","EL DONCELLO",52.11,"HECTAREA",1.713734697,-75.26878109
2013-01-11,"CAQUETÁ","EL PAUJIL",22.02,"HECTAREA",1.476630016,-75.20231825
2013-01-11,"CAQUETÁ","PUERTO RICO",56.2,"HECTAREA",2.018940891,-75.07308627
2013-01-11,"CAQUETÁ","SAN VICENTE DEL CAGUAN",28.31,"HECTAREA",1.308465061,-74.19746971
2013-01-11,"CÓRDOBA","TIERRALTA",20.64,"HECTAREA",7.813896829,-76.16846678
2013-01-12,"CAQUETÁ","LA MONTAÑITA",19.76,"HECTAREA",1.302860442,-75.23572732
2013-01-12,"CÓRDOBA","TIERRALTA",47.82,"HECTAREA",7.813896829,-76.16846678
2013-01-13,"PUTUMAYO","PUERTO CAICEDO",147.08,"HECTAREA",0.70416861,-76.49864415
2013-01-14,"BOLÍVAR","CANTAGALLO",102.74,"HECTAREA",7.239229146,-74.10014043
2013-01-14,"BOLÍVAR","SAN PABLO",185.77,"HECTAREA",7.507922612,-74.10356977
2013-01-14,"BOLÍVAR","SIMITI",72.11,"HECTAREA",7.851315534,-73.98371609
2013-01-14,"CAQUETÁ","LA MONTAÑITA",198.02,"HECTAREA",1.302860442,-75.23572732
2013-01-14,"CAQUETÁ","MILAN",42.39,"HECTAREA",1.146692554,-75.38664764
2013-01-15,"ANTIOQUIA","YONDO",8.56,"HECTAREA",6.925159318,-74.15824041
2013-01-15,"BOLÍVAR","CANTAGALLO",92.86,"HECTAREA",7.239229146,-74.10014043
2013-01-15,"BOLÍVAR","SAN PABLO",196.71,"HECTAREA",7.507922612,-74.10356977
2013-01-15,"BOLÍVAR","SIMITI",20.5,"HECTAREA",7.851315534,-73.98371609
2013-01-15,"PUTUMAYO","MOCOA",71.03,"HECTAREA",1.26070915,-76.66584349
2013-01-15,"PUTUMAYO","PUERTO CAICEDO",153.39,"HECTAREA",0.70416861,-76.49864415
2013-01-15,"PUTUMAYO","VILLAGARZON",74.2,"HECTAREA",0.911149515,-76.74495447
2013-01-16,"CAQUETÁ","LA MONTAÑITA",112.57,"HECTAREA",1.302860442,-75.23572732
2013-01-17,"CÓRDOBA","TIERRALTA",86.12,"HECTAREA",7.813896829,-76.16846678
2013-01-18,"ANTIOQUIA","TARAZA",42.83,"HECTAREA",7.488875998,-75.40189438
2013-01-18,"CAQUETÁ","MILAN",39.05,"HECTAREA",1.146692554,-75.38664764
2013-01-18,"CAQUETÁ","SOLANO",196.29,"HECTAREA",0.096131862,-72.32036402
2013-01-18,"CÓRDOBA","PUERTO LIBERTADOR",160.95,"HECTAREA",7.711515736,-75.77123224
2013-01-19,"CAQUETÁ","MILAN",33.74,"HECTAREA",1.146692554,-75.38664764
2013-01-19,"CAQUETÁ","VALPARAISO",74.46,"HECTAREA",1.07534915,-75.73779004
2013-01-21,"CAQUETÁ","LA MONTAÑITA",14.53,"HECTAREA",1.302860442,-75.23572732
2013-01-25,"PUTUMAYO","VILLAGARZON",165.73,"HECTAREA",0.911149515,-76.74495447
2013-01-26,"ANTIOQUIA","SONSON",7.29,"HECTAREA",5.826388779,-74.83637623
2013-01-26,"ANTIOQUIA","TARAZA",14.91,"HECTAREA",7.488875998,-75.40189438
2013-01-26,"CAQUETÁ","SAN JOSE DEL FRAGUA",9.77,"HECTAREA",1.304702314,-76.11000594
2013-01-26,"CAUCA","PIAMONTE",70.38,"HECTAREA",1.054128816,-76.4443271
2013-01-26,"PUTUMAYO","PUERTO GUZMAN",70.39,"HECTAREA",0.746432215,-75.88022979
2013-01-27,"BOLÍVAR","SAN PABLO",124.07,"HECTAREA",7.507922612,-74.10356977
2013-01-27,"BOLÍVAR","SIMITI",67.38,"HECTAREA",7.851315534,-73.98371609
2013-01-27,"PUTUMAYO","ORITO",2.92,"HECTAREA",0.673756323,-76.94313923
2013-01-27,"PUTUMAYO","PUERTO CAICEDO",2.96,"HECTAREA",0.70416861,-76.49864415
2013-01-27,"PUTUMAYO","VILLAGARZON",232.11,"HECTAREA",0.911149515,-76.74495447
2013-01-28,"BOLÍVAR","CANTAGALLO",42.04,"HECTAREA",7.239229146,-74.10014043
2013-01-28,"BOLÍVAR","SAN PABLO",72.1,"HECTAREA",7.507922612,-74.10356977
2013-01-28,"PUTUMAYO","MOCOA",41.32,"HECTAREA",1.26070915,-76.66584349
2013-01-28,"PUTUMAYO","PUERTO CAICEDO",22.13,"HECTAREA",0.70416861,-76.49864415
2013-01-28,"PUTUMAYO","PUERTO GUZMAN",78.62,"HECTAREA",0.746432215,-75.88022979
2013-01-29,"ANTIOQUIA","VALDIVIA",50.76,"HECTAREA",7.265404213,-75.40094502
2013-01-29,"PUTUMAYO","PUERTO GUZMAN",109.23,"HECTAREA",0.746432215,-75.88022979
2013-02-01,"PUTUMAYO","MOCOA",29.8,"HECTAREA",1.26070915,-76.66584349
2013-02-01,"PUTUMAYO","PUERTO ASIS",68.99,"HECTAREA",0.433884539,-76.52158203
2013-02-01,"PUTUMAYO","PUERTO CAICEDO",66.52,"HECTAREA",0.70416861,-76.49864415
2013-02-01,"PUTUMAYO","VILLAGARZON",29.8,"HECTAREA",0.911149515,-76.74495447
2013-02-02,"PUTUMAYO","PUERTO CAICEDO",288.47,"HECTAREA",0.70416861,-76.49864415
2013-02-03,"PUTUMAYO","PUERTO CAICEDO",214.04,"HECTAREA",0.70416861,-76.49864415
2013-02-04,"PUTUMAYO","PUERTO GUZMAN",55.73,"HECTAREA",0.746432215,-75.88022979
2013-02-07,"CAUCA","LOPEZ",131.85,"HECTAREA",2.95819877,-77.24212158
2013-02-07,"VALLE DEL CAUCA","BUENAVENTURA",134.09,"HECTAREA",3.493340766,-77.11872832
2013-02-11,"CAUCA","LOPEZ",24.26,"HECTAREA",2.95819877,-77.24212158
2013-02-11,"NARIÑO","EL CHARCO",8.51,"HECTAREA",2.216382295,-77.99533234
2013-02-11,"NARIÑO","LA TOLA",8.52,"HECTAREA",2.56027333,-78.23506694
2013-02-11,"NARIÑO","MOSQUERA",83.19,"HECTAREA",2.442493698,-78.438827
2013-02-11,"VALLE DEL CAUCA","BUENAVENTURA",122.06,"HECTAREA",3.493340766,-77.11872832
2013-02-12,"CAQUETÁ","SOLANO",88.62,"HECTAREA",0.096131862,-72.32036402
2013-02-13,"CAUCA","LOPEZ",79.1,"HECTAREA",2.95819877,-77.24212158
2013-02-13,"NARIÑO","SANTA BARBARA",6.88,"HECTAREA",2.494420411,-77.98256461
2013-02-13,"VALLE DEL CAUCA","BUENAVENTURA",224.34,"HECTAREA",3.493340766,-77.11872832
2013-02-14,"NARIÑO","MOSQUERA",139.49,"HECTAREA",2.442493698,-78.438827
2013-02-15,"CAQUETÁ","CARTAGENA DEL CHAIRA",143.64,"HECTAREA",0.647693081,-74.27235499
2013-02-15,"CAQUETÁ","SOLITA",74.81,"HECTAREA",0.943939454,-75.64668544
2013-02-15,"CAQUETÁ","VALPARAISO",80,"HECTAREA",1.07534915,-75.73779004
2013-02-15,"CAUCA","LOPEZ",143.93,"HECTAREA",2.95819877,-77.24212158
2013-02-15,"NARIÑO","EL CHARCO",85.2,"HECTAREA",2.216382295,-77.99533234
2013-02-15,"NARIÑO","SANTA BARBARA",162.85,"HECTAREA",2.494420411,-77.98256461
2013-02-15,"VALLE DEL CAUCA","BUENAVENTURA",152.78,"HECTAREA",3.493340766,-77.11872832
2013-02-16,"NARIÑO","EL CHARCO",77.37,"HECTAREA",2.216382295,-77.99533234
2013-02-16,"NARIÑO","SANTA BARBARA",72.61,"HECTAREA",2.494420411,-77.98256461
2013-02-17,"CAQUETÁ","VALPARAISO",40.34,"HECTAREA",1.07534915,-75.73779004
2013-02-18,"CAUCA","LOPEZ",117.71,"HECTAREA",2.95819877,-77.24212158
2013-02-18,"NARIÑO","EL CHARCO",66.97,"HECTAREA",2.216382295,-77.99533234
2013-02-18,"NARIÑO","LA LLANADA",25.43,"HECTAREA",1.541847847,-77.61781608
2013-02-18,"NARIÑO","SANTA BARBARA",91.33,"HECTAREA",2.494420411,-77.98256461
2013-02-18,"PUTUMAYO","PUERTO GUZMAN",45.19,"HECTAREA",0.746432215,-75.88022979
2013-02-18,"PUTUMAYO","LEGUIZAMO",55.14,"HECTAREA",0.05947197,-75.06479327
2013-02-18,"VALLE DEL CAUCA","BUENAVENTURA",114.93,"HECTAREA",3.493340766,-77.11872832
2013-02-20,"CAUCA","LOPEZ",105.51,"HECTAREA",2.95819877,-77.24212158
2013-02-20,"CAUCA","TIMBIQUI",182.35,"HECTAREA",2.699475127,-77.49131577
2013-02-20,"NARIÑO","BARBACOAS",88.58,"HECTAREA",1.44563774,-78.15621072
2013-02-20,"NARIÑO","FRANCISCO PIZARRO",8.21,"HECTAREA",2.088531925,-78.59193099
2013-02-20,"NARIÑO","MOSQUERA",16.42,"HECTAREA",2.442493698,-78.438827
2013-02-20,"NARIÑO","ROBERTO PAYAN",132.84,"HECTAREA",1.897581156,-78.3811163
2013-02-20,"NARIÑO","SAN ANDRES DE TUMACO",164.92,"HECTAREA",1.574550638,-78.61540963
2013-02-20,"VALLE DEL CAUCA","BUENAVENTURA",27.5,"HECTAREA",3.493340766,-77.11872832
2013-02-21,"NARIÑO","FRANCISCO PIZARRO",7.01,"HECTAREA",2.088531925,-78.59193099
2013-02-21,"NARIÑO","MOSQUERA",30.24,"HECTAREA",2.442493698,-78.438827
2013-02-21,"NARIÑO","ROBERTO PAYAN",30.23,"HECTAREA",1.897581156,-78.3811163
2013-02-21,"NARIÑO","SAN ANDRES DE TUMACO",30.23,"HECTAREA",1.574550638,-78.61540963
2013-02-22,"CAUCA","GUAPI",52.24,"HECTAREA",2.41326696,-77.69047531
2013-02-22,"NARIÑO","MOSQUERA",153.83,"HECTAREA",2.442493698,-78.438827
2013-02-22,"NARIÑO","SANTA BARBARA",106.1,"HECTAREA",2.494420411,-77.98256461
2013-02-25,"NARIÑO","EL CHARCO",55.06,"HECTAREA",2.216382295,-77.99533234
2013-02-25,"NARIÑO","MAGUI",34.56,"HECTAREA",1.906858429,-78.04473644
2013-02-25,"NARIÑO","SANTA BARBARA",60.06,"HECTAREA",2.494420411,-77.98256461
2013-02-25,"PUTUMAYO","PUERTO ASIS",38.55,"HECTAREA",0.433884539,-76.52158203
2013-02-25,"PUTUMAYO","VALLE DEL GUAMUEZ",125.99,"HECTAREA",0.42012589,-76.77067026
2013-02-26,"NARIÑO","EL CHARCO",5.88,"HECTAREA",2.216382295,-77.99533234
2013-02-26,"NARIÑO","LA TOLA",5.88,"HECTAREA",2.56027333,-78.23506694
2013-02-26,"NARIÑO","MOSQUERA",79.79,"HECTAREA",2.442493698,-78.438827
2013-02-26,"PUTUMAYO","PUERTO GUZMAN",77.29,"HECTAREA",0.746432215,-75.88022979
2013-02-27,"CAUCA","LOPEZ",156.3,"HECTAREA",2.95819877,-77.24212158
2013-02-28,"NARIÑO","EL CHARCO",5.63,"HECTAREA",2.216382295,-77.99533234
2013-02-28,"NARIÑO","LA TOLA",19.47,"HECTAREA",2.56027333,-78.23506694
2013-02-28,"NARIÑO","MAGUI",2.43,"HECTAREA",1.906858429,-78.04473644
2013-02-28,"NARIÑO","MOSQUERA",67.47,"HECTAREA",2.442493698,-78.438827
2013-02-28,"NARIÑO","ROBERTO PAYAN",19.47,"HECTAREA",1.897581156,-78.3811163
2013-02-28,"NARIÑO","SANTA BARBARA",8.06,"HECTAREA",2.494420411,-77.98256461
2013-03-01,"NARIÑO","MAGUI",42.34,"HECTAREA",1.906858429,-78.04473644
2013-03-01,"NARIÑO","ROBERTO PAYAN",16.94,"HECTAREA",1.897581156,-78.3811163
2013-03-03,"GUAVIARE","SAN JOSE DEL GUAVIARE",63.44,"HECTAREA",2.484286091,-71.91916993
2013-03-04,"CHOCÓ","EL LITORAL DEL SAN JUAN",150.38,"HECTAREA",4.272940191,-76.98785828
2013-03-05,"META","MAPIRIPAN",59.46,"HECTAREA",3.117523361,-71.93805692
2013-03-06,"CAUCA","LOPEZ",155.62,"HECTAREA",2.95819877,-77.24212158
2013-03-06,"NARIÑO","BARBACOAS",100.5,"HECTAREA",1.44563774,-78.15621072
2013-03-07,"META","MAPIRIPAN",0.76,"HECTAREA",3.117523361,-71.93805692
2013-03-07,"NARIÑO","BARBACOAS",18.57,"HECTAREA",1.44563774,-78.15621072
2013-03-07,"NARIÑO","CUMBITARA",18.56,"HECTAREA",1.72559011,-77.59281637
2013-03-07,"NARIÑO","MAGUI",80.74,"HECTAREA",1.906858429,-78.04473644
2013-03-08,"META","MAPIRIPAN",37.06,"HECTAREA",3.117523361,-71.93805692
2013-03-09,"GUAVIARE","SAN JOSE DEL GUAVIARE",313.04,"HECTAREA",2.484286091,-71.91916993
2013-03-09,"META","MAPIRIPAN",60.01,"HECTAREA",3.117523361,-71.93805692
2013-03-10,"GUAVIARE","SAN JOSE DEL GUAVIARE",175.32,"HECTAREA",2.484286091,-71.91916993
2013-03-10,"NARIÑO","MAGUI",21.33,"HECTAREA",1.906858429,-78.04473644
2013-03-10,"NARIÑO","ROBERTO PAYAN",36.64,"HECTAREA",1.897581156,-78.3811163
2013-03-10,"NARIÑO","SAN ANDRES DE TUMACO",86.74,"HECTAREA",1.574550638,-78.61540963
2013-03-11,"GUAVIARE","EL RETORNO",27.43,"HECTAREA",2.143447362,-72.24364869
2013-03-11,"GUAVIARE","SAN JOSE DEL GUAVIARE",314.93,"HECTAREA",2.484286091,-71.91916993
2013-03-11,"NARIÑO","FRANCISCO PIZARRO",17.89,"HECTAREA",2.088531925,-78.59193099
2013-03-11,"NARIÑO","SAN ANDRES DE TUMACO",71.08,"HECTAREA",1.574550638,-78.61540963
2013-03-12,"GUAVIARE","EL RETORNO",6.18,"HECTAREA",2.143447362,-72.24364869
2013-03-13,"GUAVIARE","EL RETORNO",26.94,"HECTAREA",2.143447362,-72.24364869
2013-03-13,"GUAVIARE","SAN JOSE DEL GUAVIARE",367.95,"HECTAREA",2.484286091,-71.91916993
2013-03-15,"GUAVIARE","EL RETORNO",308.1,"HECTAREA",2.143447362,-72.24364869
2013-03-15,"GUAVIARE","SAN JOSE DEL GUAVIARE",136.78,"HECTAREA",2.484286091,-71.91916993
2013-03-18,"GUAVIARE","CALAMAR",41.39,"HECTAREA",1.613634284,-73.0342639
2013-03-18,"GUAVIARE","EL RETORNO",215.76,"HECTAREA",2.143447362,-72.24364869
2013-03-19,"NARIÑO","SAN ANDRES DE TUMACO",130.57,"HECTAREA",1.574550638,-78.61540963
2013-03-20,"GUAVIARE","EL RETORNO",243.05,"HECTAREA",2.143447362,-72.24364869
2013-03-20,"NARIÑO","SAN ANDRES DE TUMACO",126.75,"HECTAREA",1.574550638,-78.61540963
2013-03-21,"CAUCA","GUAPI",146.8,"HECTAREA",2.41326696,-77.69047531
2013-03-21,"GUAVIARE","CALAMAR",163.49,"HECTAREA",1.613634284,-73.0342639
2013-03-21,"GUAVIARE","EL RETORNO",58.16,"HECTAREA",2.143447362,-72.24364869
2013-03-22,"GUAVIARE","EL RETORNO",29.97,"HECTAREA",2.143447362,-72.24364869
2013-03-22,"GUAVIARE","SAN JOSE DEL GUAVIARE",67.98,"HECTAREA",2.484286091,-71.91916993
2013-03-22,"NARIÑO","LA LLANADA",33.45,"HECTAREA",1.541847847,-77.61781608
2013-03-22,"NARIÑO","SAMANIEGO",97.28,"HECTAREA",1.430555262,-77.69179559
2013-03-23,"CAUCA","GUAPI",131.61,"HECTAREA",2.41326696,-77.69047531
2013-03-23,"GUAVIARE","CALAMAR",149.34,"HECTAREA",1.613634284,-73.0342639
2013-03-23,"GUAVIARE","EL RETORNO",85.14,"HECTAREA",2.143447362,-72.24364869
2013-03-23,"NARIÑO","BARBACOAS",71.62,"HECTAREA",1.44563774,-78.15621072
2013-03-23,"NARIÑO","SAN ANDRES DE TUMACO",49.58,"HECTAREA",1.574550638,-78.61540963
2013-03-24,"GUAVIARE","CALAMAR",141.08,"HECTAREA",1.613634284,-73.0342639
2013-03-24,"GUAVIARE","MIRAFLORES",50.03,"HECTAREA",1.363974932,-72.01810951
2013-03-24,"NARIÑO","FRANCISCO PIZARRO",63.13,"HECTAREA",2.088531925,-78.59193099
2013-03-24,"NARIÑO","MOSQUERA",74.68,"HECTAREA",2.442493698,-78.438827
2013-03-25,"GUAVIARE","EL RETORNO",99.94,"HECTAREA",2.143447362,-72.24364869
2013-03-25,"GUAVIARE","SAN JOSE DEL GUAVIARE",49.96,"HECTAREA",2.484286091,-71.91916993
2013-03-25,"NARIÑO","SAMANIEGO",264.52,"HECTAREA",1.430555262,-77.69179559
2013-03-26,"META","MAPIRIPAN",108.27,"HECTAREA",3.117523361,-71.93805692
2013-03-26,"META","PUERTO GAITAN",14.05,"HECTAREA",4.005034467,-71.63157429
2013-03-27,"GUAVIARE","SAN JOSE DEL GUAVIARE",206.84,"HECTAREA",2.484286091,-71.91916993
2013-03-28,"NARIÑO","MOSQUERA",15.85,"HECTAREA",2.442493698,-78.438827
2013-03-29,"GUAVIARE","SAN JOSE DEL GUAVIARE",119.05,"HECTAREA",2.484286091,-71.91916993
2013-03-30,"CAUCA","GUAPI",55.98,"HECTAREA",2.41326696,-77.69047531
2013-03-30,"CAUCA","TIMBIQUI",46.51,"HECTAREA",2.699475127,-77.49131577
2013-03-30,"GUAVIARE","CALAMAR",31.66,"HECTAREA",1.613634284,-73.0342639
2013-03-30,"GUAVIARE","SAN JOSE DEL GUAVIARE",121.06,"HECTAREA",2.484286091,-71.91916993
2013-04-01,"GUAVIARE","CALAMAR",129.43,"HECTAREA",1.613634284,-73.0342639
2013-04-01,"GUAVIARE","EL RETORNO",71.62,"HECTAREA",2.143447362,-72.24364869
2013-04-01,"GUAVIARE","MIRAFLORES",9.95,"HECTAREA",1.363974932,-72.01810951
2013-04-02,"GUAVIARE","MIRAFLORES",225.87,"HECTAREA",1.363974932,-72.01810951
2013-04-02,"GUAVIARE","SAN JOSE DEL GUAVIARE",188.15,"HECTAREA",2.484286091,-71.91916993
2013-04-02,"META","MAPIRIPAN",18.44,"HECTAREA",3.117523361,-71.93805692
2013-04-03,"CAUCA","TIMBIQUI",182.74,"HECTAREA",2.699475127,-77.49131577
2013-04-03,"GUAVIARE","MIRAFLORES",239.34,"HECTAREA",1.363974932,-72.01810951
2013-04-04,"GUAVIARE","MIRAFLORES",303.77,"HECTAREA",1.363974932,-72.01810951
2013-04-05,"GUAVIARE","MIRAFLORES",459.01,"HECTAREA",1.363974932,-72.01810951
2013-04-07,"GUAVIARE","MIRAFLORES",220.5,"HECTAREA",1.363974932,-72.01810951
2013-04-07,"META","MAPIRIPAN",26.36,"HECTAREA",3.117523361,-71.93805692
2013-04-07,"META","PUERTO CONCORDIA",26.79,"HECTAREA",2.752260112,-72.7210941
2013-04-07,"META","PUERTO RICO",39.76,"HECTAREA",2.758083657,-73.13780171
2013-04-08,"NARIÑO","BARBACOAS",72.91,"HECTAREA",1.44563774,-78.15621072
2013-04-08,"NARIÑO","MAGUI",6.35,"HECTAREA",1.906858429,-78.04473644
2013-04-09,"GUAVIARE","MIRAFLORES",251.34,"HECTAREA",1.363974932,-72.01810951
2013-04-10,"GUAVIARE","MIRAFLORES",432.82,"HECTAREA",1.363974932,-72.01810951
2013-04-11,"GUAVIARE","CALAMAR",42.43,"HECTAREA",1.613634284,-73.0342639
2013-04-11,"GUAVIARE","MIRAFLORES",356.26,"HECTAREA",1.363974932,-72.01810951
2013-04-12,"META","MAPIRIPAN",31.65,"HECTAREA",3.117523361,-71.93805692
2013-04-12,"NARIÑO","EL CHARCO",11.84,"HECTAREA",2.216382295,-77.99533234
2013-04-12,"NARIÑO","LOS ANDES",35.2,"HECTAREA",1.672601269,-77.71054449
2013-04-12,"NARIÑO","MAGUI",35.2,"HECTAREA",1.906858429,-78.04473644
2013-04-12,"NARIÑO","SAN ANDRES DE TUMACO",16.72,"HECTAREA",1.574550638,-78.61540963
2013-04-12,"NARIÑO","SANTA BARBARA",6.64,"HECTAREA",2.494420411,-77.98256461
2013-04-13,"GUAVIARE","MIRAFLORES",251.61,"HECTAREA",1.363974932,-72.01810951
2013-04-15,"NARIÑO","BARBACOAS",94.23,"HECTAREA",1.44563774,-78.15621072
2013-04-15,"NARIÑO","MAGUI",23.23,"HECTAREA",1.906858429,-78.04473644
2013-04-15,"NARIÑO","ROBERTO PAYAN",54.58,"HECTAREA",1.897581156,-78.3811163
2013-04-15,"NARIÑO","SAN ANDRES DE TUMACO",134.94,"HECTAREA",1.574550638,-78.61540963
2013-04-16,"CAUCA","LOPEZ",27.93,"HECTAREA",2.95819877,-77.24212158
2013-04-16,"CAUCA","TIMBIQUI",96.58,"HECTAREA",2.699475127,-77.49131577
2013-04-21,"CHOCÓ","BAJO BAUDO",212.32,"HECTAREA",4.492865435,-77.08271352
2013-04-22,"CAQUETÁ","CARTAGENA DEL CHAIRA",49.29,"HECTAREA",0.647693081,-74.27235499
2013-04-22,"CAQUETÁ","PUERTO RICO",12.67,"HECTAREA",2.018940891,-75.07308627
2013-04-22,"CAQUETÁ","SAN VICENTE DEL CAGUAN",40.39,"HECTAREA",1.308465061,-74.19746971
2013-04-22,"CHOCÓ","ALTO BAUDO",156.12,"HECTAREA",5.636740989,-77.0842154
2013-04-22,"CHOCÓ","EL CANTON DEL SAN PABLO",84.54,"HECTAREA",5.359661967,-76.77255624
2013-04-22,"CHOCÓ","ISTMINA",242.91,"HECTAREA",4.586818665,-77.00090737
2013-04-22,"CHOCÓ","MEDIO SAN JUAN",41.82,"HECTAREA",4.621182739,-76.80861843
2013-04-22,"CHOCÓ","RIO QUITO",41.81,"HECTAREA",5.567533337,-76.81157084
2013-04-23,"CHOCÓ","ALTO BAUDO",77.57,"HECTAREA",5.636740989,-77.0842154
2013-04-23,"CHOCÓ","EL CANTON DEL SAN PABLO",90.82,"HECTAREA",5.359661967,-76.77255624
2013-04-23,"CHOCÓ","EL LITORAL DEL SAN JUAN",25.04,"HECTAREA",4.272940191,-76.98785828
2013-04-23,"CHOCÓ","ISTMINA",164.14,"HECTAREA",4.586818665,-77.00090737
2013-04-23,"CHOCÓ","MEDIO SAN JUAN",115.12,"HECTAREA",4.621182739,-76.80861843
2013-04-23,"CHOCÓ","RIO QUITO",25.03,"HECTAREA",5.567533337,-76.81157084
2013-04-23,"CHOCÓ","SIPI",83.31,"HECTAREA",4.594415157,-76.54194459
2013-04-23,"VALLE DEL CAUCA","BUENAVENTURA",109.32,"HECTAREA",3.493340766,-77.11872832
2013-04-24,"CHOCÓ","ISTMINA",174.17,"HECTAREA",4.586818665,-77.00090737
2013-04-24,"PUTUMAYO","PUERTO GUZMAN",22.57,"HECTAREA",0.746432215,-75.88022979
2013-04-25,"PUTUMAYO","VALLE DEL GUAMUEZ",98.3,"HECTAREA",0.42012589,-76.77067026
2013-04-26,"CAQUETÁ","SOLANO",13.6,"HECTAREA",0.096131862,-72.32036402
2013-04-26,"CHOCÓ","ALTO BAUDO",79.07,"HECTAREA",5.636740989,-77.0842154
2013-04-26,"CHOCÓ","EL CANTON DEL SAN PABLO",91.65,"HECTAREA",5.359661967,-76.77255624
2013-04-26,"CHOCÓ","EL LITORAL DEL SAN JUAN",26.09,"HECTAREA",4.272940191,-76.98785828
2013-04-26,"CHOCÓ","ISTMINA",52.18,"HECTAREA",4.586818665,-77.00090737
2013-04-26,"PUTUMAYO","PUERTO GUZMAN",53.55,"HECTAREA",0.746432215,-75.88022979
2013-04-27,"PUTUMAYO","ORITO",75.38,"HECTAREA",0.673756323,-76.94313923
2013-04-27,"PUTUMAYO","PUERTO ASIS",64.55,"HECTAREA",0.433884539,-76.52158203
2013-04-27,"PUTUMAYO","VALLE DEL GUAMUEZ",146.51,"HECTAREA",0.42012589,-76.77067026
2013-04-28,"CAUCA","PIAMONTE",48.6,"HECTAREA",1.054128816,-76.4443271
2013-04-28,"CHOCÓ","ISTMINA",323.65,"HECTAREA",4.586818665,-77.00090737
2013-04-28,"NARIÑO","IPIALES",85.21,"HECTAREA",0.497708465,-77.24047625
2013-04-28,"PUTUMAYO","ORITO",131.8,"HECTAREA",0.673756323,-76.94313923
2013-04-28,"PUTUMAYO","PUERTO ASIS",17.08,"HECTAREA",0.433884539,-76.52158203
2013-04-28,"PUTUMAYO","PUERTO CAICEDO",17.09,"HECTAREA",0.70416861,-76.49864415
2013-04-29,"PUTUMAYO","PUERTO GUZMAN",34.03,"HECTAREA",0.746432215,-75.88022979
2013-04-30,"CHOCÓ","BAJO BAUDO",68.15,"HECTAREA",4.492865435,-77.08271352
2013-04-30,"CHOCÓ","EL LITORAL DEL SAN JUAN",264.09,"HECTAREA",4.272940191,-76.98785828
2013-04-30,"CHOCÓ","ISTMINA",114.8,"HECTAREA",4.586818665,-77.00090737
2013-04-30,"CHOCÓ","NOVITA",12.65,"HECTAREA",4.853386627,-76.61823669
2013-04-30,"CHOCÓ","SIPI",79.43,"HECTAREA",4.594415157,-76.54194459
2013-04-30,"PUTUMAYO","ORITO",40.8,"HECTAREA",0.673756323,-76.94313923
2013-04-30,"PUTUMAYO","PUERTO ASIS",25.05,"HECTAREA",0.433884539,-76.52158203
2013-04-30,"PUTUMAYO","PUERTO CAICEDO",79.81,"HECTAREA",0.70416861,-76.49864415
2013-04-30,"PUTUMAYO","VALLE DEL GUAMUEZ",50.1,"HECTAREA",0.42012589,-76.77067026
2013-04-30,"VALLE DEL CAUCA","BOLIVAR",58.32,"HECTAREA",4.393118861,-76.34982039
2013-05-02,"CHOCÓ","ALTO BAUDO",44.23,"HECTAREA",5.636740989,-77.0842154
2013-05-02,"CHOCÓ","BAJO BAUDO",167.63,"HECTAREA",4.492865435,-77.08271352
2013-05-03,"CAQUETÁ","EL DONCELLO",32.27,"HECTAREA",1.713734697,-75.26878109
2013-05-03,"CAQUETÁ","PUERTO RICO",32.27,"HECTAREA",2.018940891,-75.07308627
2013-05-03,"CAQUETÁ","SOLANO",3.09,"HECTAREA",0.096131862,-72.32036402
2013-05-04,"CHOCÓ","EL LITORAL DEL SAN JUAN",78.3,"HECTAREA",4.272940191,-76.98785828
2013-05-04,"CHOCÓ","ISTMINA",267.37,"HECTAREA",4.586818665,-77.00090737
2013-05-05,"CHOCÓ","ISTMINA",230,"HECTAREA",4.586818665,-77.00090737
2013-05-05,"CHOCÓ","SIPI",7.88,"HECTAREA",4.594415157,-76.54194459
2013-05-05,"PUTUMAYO","PUERTO ASIS",171.16,"HECTAREA",0.433884539,-76.52158203
2013-05-06,"CAQUETÁ","ALBANIA",3.99,"HECTAREA",1.22786549,-75.88232651
2013-05-06,"CAQUETÁ","BELEN DE LOS ANDAQUIES",60.56,"HECTAREA",1.536174657,-75.90947504
2013-05-06,"CAQUETÁ","CURILLO",4,"HECTAREA",1.115379292,-75.97328452
2013-05-06,"CAQUETÁ","SAN JOSE DEL FRAGUA",44.52,"HECTAREA",1.304702314,-76.11000594
2013-05-06,"CHOCÓ","EL CANTON DEL SAN PABLO",87.09,"HECTAREA",5.359661967,-76.77255624
2013-05-06,"CHOCÓ","ISTMINA",125.38,"HECTAREA",4.586818665,-77.00090737
2013-05-06,"CHOCÓ","MEDIO SAN JUAN",44.85,"HECTAREA",4.621182739,-76.80861843
2013-05-07,"CUNDINAMARCA","UBALA",258.02,"HECTAREA",4.803805182,-73.47654604
2013-05-08,"PUTUMAYO","PUERTO ASIS",124.36,"HECTAREA",0.433884539,-76.52158203
2013-05-10,"CAQUETÁ","SOLANO",163.86,"HECTAREA",0.096131862,-72.32036402
2013-05-10,"CHOCÓ","EL LITORAL DEL SAN JUAN",114.88,"HECTAREA",4.272940191,-76.98785828
2013-05-10,"CHOCÓ","ISTMINA",326.83,"HECTAREA",4.586818665,-77.00090737
2013-05-11,"PUTUMAYO","ORITO",161.19,"HECTAREA",0.673756323,-76.94313923
2013-05-12,"CHOCÓ","ISTMINA",67.34,"HECTAREA",4.586818665,-77.00090737
2013-05-14,"CAQUETÁ","MILAN",117.16,"HECTAREA",1.146692554,-75.38664764
2013-05-14,"CAQUETÁ","PUERTO RICO",91.52,"HECTAREA",2.018940891,-75.07308627
2013-05-14,"PUTUMAYO","ORITO",174.86,"HECTAREA",0.673756323,-76.94313923
2013-05-14,"PUTUMAYO","VALLE DEL GUAMUEZ",60.41,"HECTAREA",0.42012589,-76.77067026
2013-05-16,"CHOCÓ","NOVITA",38.13,"HECTAREA",4.853386627,-76.61823669
2013-05-16,"CHOCÓ","SAN JOSE DEL PALMAR",107.56,"HECTAREA",4.958741345,-76.28002361
2013-05-16,"NARIÑO","IPIALES",31.79,"HECTAREA",0.497708465,-77.24047625
2013-05-16,"PUTUMAYO","ORITO",61.98,"HECTAREA",0.673756323,-76.94313923
2013-05-16,"PUTUMAYO","VALLE DEL GUAMUEZ",31.79,"HECTAREA",0.42012589,-76.77067026
2013-05-18,"CHOCÓ","BAJO BAUDO",28,"HECTAREA",4.492865435,-77.08271352
2013-05-18,"CHOCÓ","NOVITA",27,"HECTAREA",4.853386627,-76.61823669
2013-05-18,"CHOCÓ","SIPI",29,"HECTAREA",4.594415157,-76.54194459
2013-05-22,"CAQUETÁ","CARTAGENA DEL CHAIRA",27.41,"HECTAREA",0.647693081,-74.27235499
2013-05-22,"CAQUETÁ","SAN VICENTE DEL CAGUAN",75.13,"HECTAREA",1.308465061,-74.19746971
2013-05-22,"CAUCA","PIAMONTE",56.38,"HECTAREA",1.054128816,-76.4443271
2013-05-22,"NARIÑO","IPIALES",22.75,"HECTAREA",0.497708465,-77.24047625
2013-05-22,"PUTUMAYO","ORITO",19.79,"HECTAREA",0.673756323,-76.94313923
2013-05-22,"PUTUMAYO","SAN FRANCISCO",19.78,"HECTAREA",1.136071096,-76.84726661
2013-05-22,"PUTUMAYO","VILLAGARZON",123.17,"HECTAREA",0.911149515,-76.74495447
2013-05-23,"CHOCÓ","NOVITA",149.78,"HECTAREA",4.853386627,-76.61823669
2013-05-23,"PUTUMAYO","ORITO",38.23,"HECTAREA",0.673756323,-76.94313923
2013-05-23,"PUTUMAYO","PUERTO ASIS",38.24,"HECTAREA",0.433884539,-76.52158203
2013-05-23,"PUTUMAYO","PUERTO CAICEDO",71.05,"HECTAREA",0.70416861,-76.49864415
2013-05-24,"CAQUETÁ","CARTAGENA DEL CHAIRA",8.97,"HECTAREA",0.647693081,-74.27235499
2013-05-24,"VALLE DEL CAUCA","BUENAVENTURA",60.65,"HECTAREA",3.493340766,-77.11872832
2013-05-24,"VALLE DEL CAUCA","DAGUA",101,"HECTAREA",3.649822218,-76.72039347
2013-05-25,"PUTUMAYO","ORITO",35.88,"HECTAREA",0.673756323,-76.94313923
2013-05-25,"PUTUMAYO","VALLE DEL GUAMUEZ",35.89,"HECTAREA",0.42012589,-76.77067026
2013-05-25,"VALLE DEL CAUCA","BUENAVENTURA",151.83,"HECTAREA",3.493340766,-77.11872832
2013-05-27,"CAQUETÁ","EL PAUJIL",40.44,"HECTAREA",1.476630016,-75.20231825
2013-05-27,"CAQUETÁ","LA MONTAÑITA",40.45,"HECTAREA",1.302860442,-75.23572732
2013-05-27,"CAQUETÁ","PUERTO RICO",40.48,"HECTAREA",2.018940891,-75.07308627
2013-05-28,"PUTUMAYO","LEGUIZAMO",75.62,"HECTAREA",0.05947197,-75.06479327
2013-05-29,"VALLE DEL CAUCA","BUENAVENTURA",39.88,"HECTAREA",3.493340766,-77.11872832
2013-05-29,"VALLE DEL CAUCA","CALIMA",116.17,"HECTAREA",3.923271619,-76.64260484
2013-05-30,"CAQUETÁ","CARTAGENA DEL CHAIRA",15.46,"HECTAREA",0.647693081,-74.27235499
2013-05-30,"PUTUMAYO","ORITO",83.65,"HECTAREA",0.673756323,-76.94313923
2013-05-31,"PUTUMAYO","PUERTO ASIS",60.67,"HECTAREA",0.433884539,-76.52158203
2013-06-01,"CAQUETÁ","SOLANO",57.2,"HECTAREA",0.096131862,-72.32036402
2013-06-01,"CHOCÓ","QUIBDO",134.48,"HECTAREA",5.7543229,-76.65015147
2013-06-01,"PUTUMAYO","PUERTO ASIS",98.78,"HECTAREA",0.433884539,-76.52158203
2013-06-01,"PUTUMAYO","PUERTO CAICEDO",67.71,"HECTAREA",0.70416861,-76.49864415
2013-06-02,"CHOCÓ","NOVITA",205.3,"HECTAREA",4.853386627,-76.61823669
2013-06-02,"PUTUMAYO","PUERTO ASIS",298.27,"HECTAREA",0.433884539,-76.52158203
2013-06-04,"CHOCÓ","BAJO BAUDO",4.87,"HECTAREA",4.492865435,-77.08271352
2013-06-04,"CHOCÓ","ISTMINA",12,"HECTAREA",4.586818665,-77.00090737
2013-06-05,"CAQUETÁ","SOLANO",28.8,"HECTAREA",0.096131862,-72.32036402
2013-06-05,"PUTUMAYO","PUERTO GUZMAN",76.37,"HECTAREA",0.746432215,-75.88022979
2013-06-06,"CAQUETÁ","CARTAGENA DEL CHAIRA",29.54,"HECTAREA",0.647693081,-74.27235499
2013-06-06,"CHOCÓ","ISTMINA",155.64,"HECTAREA",4.586818665,-77.00090737
2013-06-06,"PUTUMAYO","PUERTO ASIS",78.91,"HECTAREA",0.433884539,-76.52158203
2013-06-07,"CHOCÓ","ISTMINA",235.51,"HECTAREA",4.586818665,-77.00090737
2013-06-10,"PUTUMAYO","PUERTO ASIS",18.47,"HECTAREA",0.433884539,-76.52158203
2013-06-12,"PUTUMAYO","PUERTO ASIS",23.22,"HECTAREA",0.433884539,-76.52158203
2013-06-12,"PUTUMAYO","PUERTO CAICEDO",44.03,"HECTAREA",0.70416861,-76.49864415
2013-06-13,"PUTUMAYO","ORITO",42.3,"HECTAREA",0.673756323,-76.94313923
2013-06-13,"PUTUMAYO","PUERTO ASIS",50.75,"HECTAREA",0.433884539,-76.52158203
2013-06-13,"PUTUMAYO","PUERTO GUZMAN",21.83,"HECTAREA",0.746432215,-75.88022979
2013-06-13,"PUTUMAYO","LEGUIZAMO",32.87,"HECTAREA",0.05947197,-75.06479327
2013-06-15,"PUTUMAYO","PUERTO ASIS",18.16,"HECTAREA",0.433884539,-76.52158203
2013-06-16,"PUTUMAYO","LEGUIZAMO",49.74,"HECTAREA",0.05947197,-75.06479327
2013-06-17,"CHOCÓ","BAJO BAUDO",21.87,"HECTAREA",4.492865435,-77.08271352
2013-06-17,"CHOCÓ","EL LITORAL DEL SAN JUAN",8.75,"HECTAREA",4.272940191,-76.98785828
2013-06-17,"CHOCÓ","NOVITA",13.12,"HECTAREA",4.853386627,-76.61823669
2013-06-17,"CHOCÓ","SAN JOSE DEL PALMAR",13.11,"HECTAREA",4.958741345,-76.28002361
2013-06-17,"PUTUMAYO","LEGUIZAMO",5.89,"HECTAREA",0.05947197,-75.06479327
2013-06-25,"PUTUMAYO","PUERTO ASIS",19.13,"HECTAREA",0.433884539,-76.52158203
2013-06-25,"PUTUMAYO","LEGUIZAMO",93.13,"HECTAREA",0.05947197,-75.06479327
2013-06-25,"PUTUMAYO","VALLE DEL GUAMUEZ",95.68,"HECTAREA",0.42012589,-76.77067026
2013-06-26,"CHOCÓ","BAJO BAUDO",37.14,"HECTAREA",4.492865435,-77.08271352
2013-06-26,"CHOCÓ","EL LITORAL DEL SAN JUAN",37.15,"HECTAREA",4.272940191,-76.98785828
2013-06-26,"CHOCÓ","ISTMINA",77.78,"HECTAREA",4.586818665,-77.00090737
2013-06-26,"PUTUMAYO","PUERTO ASIS",30.73,"HECTAREA",0.433884539,-76.52158203
2013-06-26,"PUTUMAYO","PUERTO GUZMAN",9.55,"HECTAREA",0.746432215,-75.88022979
2013-06-28,"CAQUETÁ","CARTAGENA DEL CHAIRA",79.62,"HECTAREA",0.647693081,-74.27235499
2013-06-28,"CAQUETÁ","SAN VICENTE DEL CAGUAN",77.1,"HECTAREA",1.308465061,-74.19746971
2013-06-28,"PUTUMAYO","ORITO",68.12,"HECTAREA",0.673756323,-76.94313923
2013-06-28,"PUTUMAYO","PUERTO CAICEDO",73.92,"HECTAREA",0.70416861,-76.49864415
2013-06-28,"PUTUMAYO","VILLAGARZON",201.7,"HECTAREA",0.911149515,-76.74495447
2013-06-29,"CHOCÓ","EL LITORAL DEL SAN JUAN",90.39,"HECTAREA",4.272940191,-76.98785828
2013-06-29,"PUTUMAYO","PUERTO CAICEDO",8.28,"HECTAREA",0.70416861,-76.49864415
2013-06-29,"PUTUMAYO","VALLE DEL GUAMUEZ",8.28,"HECTAREA",0.42012589,-76.77067026
2013-06-29,"PUTUMAYO","VILLAGARZON",14.71,"HECTAREA",0.911149515,-76.74495447
2013-07-01,"CHOCÓ","ISTMINA",59.21,"HECTAREA",4.586818665,-77.00090737
2013-07-03,"CÓRDOBA","MONTELIBANO",148.11,"HECTAREA",7.866432635,-75.87533926
2013-07-03,"CHOCÓ","EL LITORAL DEL SAN JUAN",77.22,"HECTAREA",4.272940191,-76.98785828
2013-07-05,"CHOCÓ","ISTMINA",68.32,"HECTAREA",4.586818665,-77.00090737
2013-07-05,"CHOCÓ","MEDIO SAN JUAN",22.77,"HECTAREA",4.621182739,-76.80861843
2013-07-06,"CÓRDOBA","MONTELIBANO",14.36,"HECTAREA",7.866432635,-75.87533926
2013-07-06,"CÓRDOBA","PUERTO LIBERTADOR",28.41,"HECTAREA",7.711515736,-75.77123224
2013-07-07,"ANTIOQUIA","EL BAGRE",14.58,"HECTAREA",7.704633351,-74.66427726
2013-07-07,"CHOCÓ","EL LITORAL DEL SAN JUAN",97.3,"HECTAREA",4.272940191,-76.98785828
2013-07-08,"ANTIOQUIA","ITUANGO",57.35,"HECTAREA",7.341549718,-75.67842277
2013-07-08,"ANTIOQUIA","TARAZA",56.92,"HECTAREA",7.488875998,-75.40189438
2013-07-13,"ANTIOQUIA","EL BAGRE",26.63,"HECTAREA",7.704633351,-74.66427726
2013-07-13,"ANTIOQUIA","NECHI",43.52,"HECTAREA",7.983477394,-74.65844186
2013-07-14,"NARIÑO","FRANCISCO PIZARRO",36.95,"HECTAREA",2.088531925,-78.59193099
2013-07-14,"NARIÑO","MAGUI",10.75,"HECTAREA",1.906858429,-78.04473644
2013-07-16,"CHOCÓ","RIOSUCIO",72.29,"HECTAREA",7.389887937,-77.24067483
2013-07-18,"NARIÑO","MOSQUERA",48.87,"HECTAREA",2.442493698,-78.438827
2013-07-19,"NARIÑO","MAGUI",46.12,"HECTAREA",1.906858429,-78.04473644
2013-07-20,"ANTIOQUIA","MUTATA",5.22,"HECTAREA",7.329557848,-76.4630657
2013-07-20,"ANTIOQUIA","VIGIA DEL FUERTE",2.62,"HECTAREA",6.453351334,-76.69504802
2013-07-20,"CHOCÓ","BOJAYA",2.61,"HECTAREA",6.474666885,-77.09933025
2013-07-20,"CHOCÓ","RIOSUCIO",15.66,"HECTAREA",7.389887937,-77.24067483
2013-07-22,"ANTIOQUIA","CHIGORODO",57.95,"HECTAREA",7.631665644,-76.63964213
2013-07-22,"CÓRDOBA","TIERRALTA",132.22,"HECTAREA",7.813896829,-76.16846678
2013-07-22,"CHOCÓ","RIOSUCIO",80.78,"HECTAREA",7.389887937,-77.24067483
2013-07-22,"NARIÑO","MAGUI",1.23,"HECTAREA",1.906858429,-78.04473644
2013-07-22,"NARIÑO","SAN ANDRES DE TUMACO",29.75,"HECTAREA",1.574550638,-78.61540963
2013-07-24,"NARIÑO","MOSQUERA",15,"HECTAREA",2.442493698,-78.438827
2013-07-26,"NARIÑO","ROBERTO PAYAN",166,"HECTAREA",1.897581156,-78.3811163
2013-07-27,"CHOCÓ","RIOSUCIO",113,"HECTAREA",7.389887937,-77.24067483
2013-07-28,"NARIÑO","MAGUI",81.45,"HECTAREA",1.906858429,-78.04473644
2013-07-29,"CHOCÓ","RIOSUCIO",118.56,"HECTAREA",7.389887937,-77.24067483
2013-07-29,"NARIÑO","MAGUI",189.23,"HECTAREA",1.906858429,-78.04473644
2013-07-29,"NARIÑO","ROBERTO PAYAN",1.69,"HECTAREA",1.897581156,-78.3811163
2013-07-30,"CHOCÓ","RIOSUCIO",170.71,"HECTAREA",7.389887937,-77.24067483
2013-08-01,"NARIÑO","FRANCISCO PIZARRO",49.35,"HECTAREA",2.088531925,-78.59193099
2013-08-01,"NARIÑO","ROBERTO PAYAN",49.36,"HECTAREA",1.897581156,-78.3811163
2013-08-01,"NARIÑO","SAN ANDRES DE TUMACO",49.37,"HECTAREA",1.574550638,-78.61540963
2013-08-02,"CHOCÓ","RIOSUCIO",60.46,"HECTAREA",7.389887937,-77.24067483
2013-08-02,"CHOCÓ","UNGUIA",56.91,"HECTAREA",8.117281079,-77.10372723
2013-08-03,"NARIÑO","ROBERTO PAYAN",60.13,"HECTAREA",1.897581156,-78.3811163
2013-08-03,"NARIÑO","SAN ANDRES DE TUMACO",22.44,"HECTAREA",1.574550638,-78.61540963
2013-08-04,"CHOCÓ","RIOSUCIO",145.52,"HECTAREA",7.389887937,-77.24067483
2013-08-04,"NARIÑO","MAGUI",34.16,"HECTAREA",1.906858429,-78.04473644
2013-08-04,"NARIÑO","ROBERTO PAYAN",101.18,"HECTAREA",1.897581156,-78.3811163
2013-08-05,"CHOCÓ","UNGUIA",125.46,"HECTAREA",8.117281079,-77.10372723
2013-08-07,"NARIÑO","SAN ANDRES DE TUMACO",128.9,"HECTAREA",1.574550638,-78.61540963
2013-08-08,"NARIÑO","FRANCISCO PIZARRO",53.74,"HECTAREA",2.088531925,-78.59193099
2013-08-08,"NARIÑO","MOSQUERA",74.07,"HECTAREA",2.442493698,-78.438827
2013-08-09,"CHOCÓ","RIOSUCIO",3.13,"HECTAREA",7.389887937,-77.24067483
2013-08-09,"CHOCÓ","UNGUIA",10.03,"HECTAREA",8.117281079,-77.10372723
2013-08-11,"CHOCÓ","ACANDI",26.39,"HECTAREA",8.383938499,-77.26560256
2013-08-12,"ANTIOQUIA","MURINDO",17.88,"HECTAREA",6.828773855,-76.70861349
2013-08-12,"ANTIOQUIA","TURBO",115.25,"HECTAREA",8.173851745,-76.5740377
2013-08-12,"CHOCÓ","RIOSUCIO",35.75,"HECTAREA",7.389887937,-77.24067483
2013-08-13,"ANTIOQUIA","MURINDO",26.24,"HECTAREA",6.828773855,-76.70861349
2013-08-13,"ANTIOQUIA","VIGIA DEL FUERTE",25.83,"HECTAREA",6.453351334,-76.69504802
2013-08-16,"NARIÑO","MAGUI",13.43,"HECTAREA",1.906858429,-78.04473644
2013-08-17,"CAQUETÁ","SAN VICENTE DEL CAGUAN",68.45,"HECTAREA",1.308465061,-74.19746971
2013-08-18,"ANTIOQUIA","SAN CARLOS",50.92,"HECTAREA",6.193789659,-74.90732769
2013-08-18,"CAQUETÁ","CARTAGENA DEL CHAIRA",113.43,"HECTAREA",0.647693081,-74.27235499
2013-08-18,"CÓRDOBA","TIERRALTA",211.87,"HECTAREA",7.813896829,-76.16846678
2013-08-18,"NARIÑO","MAGUI",106.9,"HECTAREA",1.906858429,-78.04473644
2013-08-19,"CAQUETÁ","SOLANO",169.64,"HECTAREA",0.096131862,-72.32036402
2013-08-19,"NARIÑO","BARBACOAS",49.09,"HECTAREA",1.44563774,-78.15621072
2013-08-19,"NARIÑO","LA TOLA",24.32,"HECTAREA",2.56027333,-78.23506694
2013-08-19,"NARIÑO","MAGUI",117.27,"HECTAREA",1.906858429,-78.04473644
2013-08-19,"NARIÑO","ROBERTO PAYAN",42.81,"HECTAREA",1.897581156,-78.3811163
2013-08-19,"PUTUMAYO","PUERTO GUZMAN",53.6,"HECTAREA",0.746432215,-75.88022979
2013-08-20,"NARIÑO","MAGUI",106.21,"HECTAREA",1.906858429,-78.04473644
2013-08-23,"ANTIOQUIA","VIGIA DEL FUERTE",0.53,"HECTAREA",6.453351334,-76.69504802
2013-08-23,"CAQUETÁ","CARTAGENA DEL CHAIRA",24.42,"HECTAREA",0.647693081,-74.27235499
2013-08-23,"CHOCÓ","BOJAYA",2.37,"HECTAREA",6.474666885,-77.09933025
2013-08-23,"CHOCÓ","QUIBDO",0.65,"HECTAREA",5.7543229,-76.65015147
2013-08-23,"PUTUMAYO","PUERTO GUZMAN",21.14,"HECTAREA",0.746432215,-75.88022979
2013-08-24,"CAQUETÁ","MILAN",76.26,"HECTAREA",1.146692554,-75.38664764
2013-08-24,"CAQUETÁ","SOLANO",81.13,"HECTAREA",0.096131862,-72.32036402
2013-08-24,"CAQUETÁ","SOLITA",23.45,"HECTAREA",0.943939454,-75.64668544
2013-08-24,"CAQUETÁ","VALPARAISO",26.41,"HECTAREA",1.07534915,-75.73779004
2013-08-28,"CHOCÓ","CARMEN DEL DARIEN",55.89,"HECTAREA",7.033646541,-76.97423016
2013-08-29,"CAQUETÁ","SOLITA",102.42,"HECTAREA",0.943939454,-75.64668544
2013-08-29,"NARIÑO","ROBERTO PAYAN",61.62,"HECTAREA",1.897581156,-78.3811163
2013-08-29,"NARIÑO","SAN ANDRES DE TUMACO",64.58,"HECTAREA",1.574550638,-78.61540963
2013-08-29,"PUTUMAYO","PUERTO GUZMAN",34.45,"HECTAREA",0.746432215,-75.88022979
2013-08-30,"CAQUETÁ","SOLANO",115.44,"HECTAREA",0.096131862,-72.32036402
2013-08-30,"CAQUETÁ","VALPARAISO",37.98,"HECTAREA",1.07534915,-75.73779004
2013-08-30,"PUTUMAYO","PUERTO GUZMAN",22.03,"HECTAREA",0.746432215,-75.88022979
2013-08-30,"PUTUMAYO","LEGUIZAMO",10.34,"HECTAREA",0.05947197,-75.06479327
2013-08-31,"NARIÑO","BARBACOAS",39.34,"HECTAREA",1.44563774,-78.15621072
2013-08-31,"NARIÑO","EL CHARCO",27.52,"HECTAREA",2.216382295,-77.99533234
2013-08-31,"NARIÑO","MAGUI",11.82,"HECTAREA",1.906858429,-78.04473644
2013-09-01,"CAQUETÁ","CARTAGENA DEL CHAIRA",116.12,"HECTAREA",0.647693081,-74.27235499
2013-09-02,"CAQUETÁ","CARTAGENA DEL CHAIRA",55.51,"HECTAREA",0.647693081,-74.27235499
2013-09-03,"CAQUETÁ","SOLANO",62.68,"HECTAREA",0.096131862,-72.32036402
2013-09-03,"NARIÑO","MOSQUERA",77.06,"HECTAREA",2.442493698,-78.438827
2013-09-03,"NARIÑO","ROBERTO PAYAN",128.79,"HECTAREA",1.897581156,-78.3811163
2013-09-03,"PUTUMAYO","PUERTO GUZMAN",12.82,"HECTAREA",0.746432215,-75.88022979
2013-09-03,"PUTUMAYO","LEGUIZAMO",73.96,"HECTAREA",0.05947197,-75.06479327
2013-09-04,"NARIÑO","MOSQUERA",38.94,"HECTAREA",2.442493698,-78.438827
2013-09-04,"NARIÑO","ROBERTO PAYAN",32.1,"HECTAREA",1.897581156,-78.3811163
2013-09-04,"NARIÑO","SAN ANDRES DE TUMACO",13.65,"HECTAREA",1.574550638,-78.61540963
2013-09-05,"CAQUETÁ","CARTAGENA DEL CHAIRA",68.15,"HECTAREA",0.647693081,-74.27235499
2013-09-06,"CAQUETÁ","CARTAGENA DEL CHAIRA",27.99,"HECTAREA",0.647693081,-74.27235499
2013-09-06,"CAQUETÁ","SAN VICENTE DEL CAGUAN",14,"HECTAREA",1.308465061,-74.19746971
2013-09-06,"NARIÑO","SAN ANDRES DE TUMACO",125.44,"HECTAREA",1.574550638,-78.61540963
2013-09-07,"CAQUETÁ","CARTAGENA DEL CHAIRA",144.45,"HECTAREA",0.647693081,-74.27235499
2013-09-07,"CAUCA","GUAPI",15.59,"HECTAREA",2.41326696,-77.69047531
2013-09-07,"CAUCA","TIMBIQUI",38.75,"HECTAREA",2.699475127,-77.49131577
2013-09-08,"CAQUETÁ","EL DONCELLO",66.85,"HECTAREA",1.713734697,-75.26878109
2013-09-08,"CAQUETÁ","EL PAUJIL",48.35,"HECTAREA",1.476630016,-75.20231825
2013-09-08,"CAQUETÁ","PUERTO RICO",52.45,"HECTAREA",2.018940891,-75.07308627
2013-09-09,"CAQUETÁ","MILAN",32.14,"HECTAREA",1.146692554,-75.38664764
2013-09-09,"CAQUETÁ","VALPARAISO",24.92,"HECTAREA",1.07534915,-75.73779004
2013-09-10,"CAQUETÁ","MILAN",105.06,"HECTAREA",1.146692554,-75.38664764
2013-09-12,"CAQUETÁ","MILAN",132.31,"HECTAREA",1.146692554,-75.38664764
2013-09-12,"NARIÑO","MOSQUERA",153.49,"HECTAREA",2.442493698,-78.438827
2013-09-13,"CAQUETÁ","CARTAGENA DEL CHAIRA",138.74,"HECTAREA",0.647693081,-74.27235499
2013-09-13,"CAQUETÁ","SOLANO",26.34,"HECTAREA",0.096131862,-72.32036402
2013-09-13,"PUTUMAYO","PUERTO GUZMAN",72.29,"HECTAREA",0.746432215,-75.88022979
2013-09-15,"CAQUETÁ","ALBANIA",7.81,"HECTAREA",1.22786549,-75.88232651
2013-09-16,"CAUCA","PIAMONTE",134.16,"HECTAREA",1.054128816,-76.4443271
2013-09-16,"NARIÑO","MOSQUERA",17.96,"HECTAREA",2.442493698,-78.438827
2013-09-16,"PUTUMAYO","MOCOA",29.65,"HECTAREA",1.26070915,-76.66584349
2013-09-16,"PUTUMAYO","PUERTO GUZMAN",221.17,"HECTAREA",0.746432215,-75.88022979
2013-09-19,"NARIÑO","ROBERTO PAYAN",72.04,"HECTAREA",1.897581156,-78.3811163
2013-09-19,"NARIÑO","SAN ANDRES DE TUMACO",76.26,"HECTAREA",1.574550638,-78.61540963
2013-09-20,"CAQUETÁ","CARTAGENA DEL CHAIRA",37.41,"HECTAREA",0.647693081,-74.27235499
2013-09-20,"CAQUETÁ","EL DONCELLO",14.7,"HECTAREA",1.713734697,-75.26878109
2013-09-20,"CAQUETÁ","PUERTO RICO",37.42,"HECTAREA",2.018940891,-75.07308627
2013-09-21,"PUTUMAYO","PUERTO CAICEDO",275.58,"HECTAREA",0.70416861,-76.49864415
2013-09-21,"PUTUMAYO","PUERTO GUZMAN",39.61,"HECTAREA",0.746432215,-75.88022979
2013-09-22,"NARIÑO","BARBACOAS",26.25,"HECTAREA",1.44563774,-78.15621072
2013-09-22,"NARIÑO","MAGUI",47.18,"HECTAREA",1.906858429,-78.04473644
2013-09-22,"NARIÑO","ROBERTO PAYAN",38.07,"HECTAREA",1.897581156,-78.3811163
2013-09-22,"NARIÑO","SAN ANDRES DE TUMACO",40.99,"HECTAREA",1.574550638,-78.61540963
2013-09-22,"PUTUMAYO","PUERTO ASIS",78.4,"HECTAREA",0.433884539,-76.52158203
2013-09-22,"PUTUMAYO","PUERTO CAICEDO",399.16,"HECTAREA",0.70416861,-76.49864415
2013-09-23,"PUTUMAYO","ORITO",39.49,"HECTAREA",0.673756323,-76.94313923
2013-09-23,"PUTUMAYO","PUERTO ASIS",74.92,"HECTAREA",0.433884539,-76.52158203
2013-09-23,"PUTUMAYO","PUERTO CAICEDO",39.48,"HECTAREA",0.70416861,-76.49864415
2013-09-24,"VALLE DEL CAUCA","BUENAVENTURA",203.93,"HECTAREA",3.493340766,-77.11872832
2013-09-26,"CAQUETÁ","EL PAUJIL",9.14,"HECTAREA",1.476630016,-75.20231825
2013-09-26,"CAQUETÁ","LA MONTAÑITA",25.01,"HECTAREA",1.302860442,-75.23572732
2013-09-26,"NARIÑO","LA TOLA",18.87,"HECTAREA",2.56027333,-78.23506694
2013-09-26,"NARIÑO","MOSQUERA",162.92,"HECTAREA",2.442493698,-78.438827
2013-09-27,"CAQUETÁ","LA MONTAÑITA",153.37,"HECTAREA",1.302860442,-75.23572732
2013-09-27,"NARIÑO","SAN ANDRES DE TUMACO",132.8,"HECTAREA",1.574550638,-78.61540963
2013-09-29,"CAUCA","LOPEZ",50.91,"HECTAREA",2.95819877,-77.24212158
2013-09-29,"VALLE DEL CAUCA","BUENAVENTURA",28.86,"HECTAREA",3.493340766,-77.11872832
2013-09-30,"CAUCA","LOPEZ",90.05,"HECTAREA",2.95819877,-77.24212158
2013-09-30,"CAUCA","TIMBIQUI",131.3,"HECTAREA",2.699475127,-77.49131577
2013-10-01,"CAUCA","LOPEZ",59.39,"HECTAREA",2.95819877,-77.24212158
2013-10-01,"VALLE DEL CAUCA","BUENAVENTURA",81.33,"HECTAREA",3.493340766,-77.11872832
2013-10-02,"CAUCA","LOPEZ",232.8,"HECTAREA",2.95819877,-77.24212158
2013-10-02,"NARIÑO","EL CHARCO",13.57,"HECTAREA",2.216382295,-77.99533234
2013-10-02,"NARIÑO","MAGUI",16.89,"HECTAREA",1.906858429,-78.04473644
2013-10-02,"NARIÑO","ROBERTO PAYAN",16.88,"HECTAREA",1.897581156,-78.3811163
2013-10-02,"NARIÑO","SAN ANDRES DE TUMACO",44.03,"HECTAREA",1.574550638,-78.61540963
2013-10-03,"NARIÑO","MOSQUERA",134.94,"HECTAREA",2.442493698,-78.438827
2013-10-04,"CAUCA","LOPEZ",148.06,"HECTAREA",2.95819877,-77.24212158
2013-10-04,"VALLE DEL CAUCA","BUENAVENTURA",74.03,"HECTAREA",3.493340766,-77.11872832
2013-10-05,"CAUCA","TIMBIQUI",276.06,"HECTAREA",2.699475127,-77.49131577
2013-10-06,"NARIÑO","BARBACOAS",32,"HECTAREA",1.44563774,-78.15621072
2013-10-06,"NARIÑO","MAGUI",62.6,"HECTAREA",1.906858429,-78.04473644
2013-10-07,"CAUCA","GUAPI",32.16,"HECTAREA",2.41326696,-77.69047531
2013-10-07,"CAUCA","TIMBIQUI",100.57,"HECTAREA",2.699475127,-77.49131577
2013-10-07,"NARIÑO","BARBACOAS",48.32,"HECTAREA",1.44563774,-78.15621072
2013-10-07,"NARIÑO","EL CHARCO",60.42,"HECTAREA",2.216382295,-77.99533234
2013-10-07,"NARIÑO","SAN ANDRES DE TUMACO",96.64,"HECTAREA",1.574550638,-78.61540963
2013-10-07,"NARIÑO","SANTA BARBARA",32.15,"HECTAREA",2.494420411,-77.98256461
2013-10-09,"PUTUMAYO","PUERTO GUZMAN",71.59,"HECTAREA",0.746432215,-75.88022979
2013-10-09,"PUTUMAYO","VILLAGARZON",62.65,"HECTAREA",0.911149515,-76.74495447
2013-10-11,"NARIÑO","BARBACOAS",21.14,"HECTAREA",1.44563774,-78.15621072
2013-10-11,"NARIÑO","IPIALES",73.31,"HECTAREA",0.497708465,-77.24047625
2013-10-11,"NARIÑO","MAGUI",36.78,"HECTAREA",1.906858429,-78.04473644
2013-10-11,"NARIÑO","ROBERTO PAYAN",21.14,"HECTAREA",1.897581156,-78.3811163
2013-10-11,"PUTUMAYO","ORITO",145.9,"HECTAREA",0.673756323,-76.94313923
2013-10-11,"PUTUMAYO","VILLAGARZON",73.3,"HECTAREA",0.911149515,-76.74495447
2013-10-12,"NARIÑO","IPIALES",64.89,"HECTAREA",0.497708465,-77.24047625
2013-10-12,"PUTUMAYO","ORITO",129.78,"HECTAREA",0.673756323,-76.94313923
2013-10-12,"PUTUMAYO","VALLE DEL GUAMUEZ",64.89,"HECTAREA",0.42012589,-76.77067026
2013-10-13,"NARIÑO","BARBACOAS",14.24,"HECTAREA",1.44563774,-78.15621072
2013-10-13,"NARIÑO","MAGUI",92.08,"HECTAREA",1.906858429,-78.04473644
2013-10-13,"NARIÑO","ROBERTO PAYAN",70.08,"HECTAREA",1.897581156,-78.3811163
2013-10-14,"PUTUMAYO","ORITO",84.53,"HECTAREA",0.673756323,-76.94313923
2013-10-14,"VALLE DEL CAUCA","BUENAVENTURA",211.11,"HECTAREA",3.493340766,-77.11872832
2013-10-15,"PUTUMAYO","ORITO",294.85,"HECTAREA",0.673756323,-76.94313923
2013-10-16,"VALLE DEL CAUCA","BUENAVENTURA",144.2,"HECTAREA",3.493340766,-77.11872832
2013-10-18,"VALLE DEL CAUCA","BUENAVENTURA",112.6,"HECTAREA",3.493340766,-77.11872832
2013-10-19,"CAQUETÁ","CURILLO",63.14,"HECTAREA",1.115379292,-75.97328452
2014-02-15,"NARIÑO","FRANCISCO PIZARRO",2.08,"HECTAREA",2.088531925,-78.59193099
2014-02-19,"NARIÑO","MOSQUERA",37.99,"HECTAREA",2.442493698,-78.438827
2014-02-20,"NARIÑO","EL CHARCO",63.36,"HECTAREA",2.216382295,-77.99533234
2014-02-20,"NARIÑO","MOSQUERA",12.57,"HECTAREA",2.442493698,-78.438827
2014-02-21,"NARIÑO","LA TOLA",31.01,"HECTAREA",2.56027333,-78.23506694
2014-02-21,"NARIÑO","MAGUI",22.64,"HECTAREA",1.906858429,-78.04473644
2014-02-21,"NARIÑO","ROBERTO PAYAN",42.32,"HECTAREA",1.897581156,-78.3811163
2014-02-22,"NARIÑO","MAGUI",60.53,"HECTAREA",1.906858429,-78.04473644
2014-02-22,"NARIÑO","ROBERTO PAYAN",140.22,"HECTAREA",1.897581156,-78.3811163
2014-02-26,"NARIÑO","MOSQUERA",129.2,"HECTAREA",2.442493698,-78.438827
2014-02-28,"NARIÑO","MAGUI",64.1,"HECTAREA",1.906858429,-78.04473644
2014-02-28,"NARIÑO","MOSQUERA",64.1,"HECTAREA",2.442493698,-78.438827
2014-03-01,"NARIÑO","EL CHARCO",36.23,"HECTAREA",2.216382295,-77.99533234
2014-03-01,"NARIÑO","MAGUI",36.24,"HECTAREA",1.906858429,-78.04473644
2014-03-01,"NARIÑO","MOSQUERA",73.02,"HECTAREA",2.442493698,-78.438827
2014-03-02,"NARIÑO","EL CHARCO",71.53,"HECTAREA",2.216382295,-77.99533234
2014-03-06,"NARIÑO","MOSQUERA",85.34,"HECTAREA",2.442493698,-78.438827
2014-03-06,"NARIÑO","OLAYA HERRERA",75.92,"HECTAREA",2.287856547,-78.31219024
2014-03-08,"CAUCA","GUAPI",18.79,"HECTAREA",2.41326696,-77.69047531
2014-03-08,"NARIÑO","EL CHARCO",91.19,"HECTAREA",2.216382295,-77.99533234
2014-03-08,"NARIÑO","MOSQUERA",35.96,"HECTAREA",2.442493698,-78.438827
2014-03-08,"NARIÑO","SAN ANDRES DE TUMACO",35.96,"HECTAREA",1.574550638,-78.61540963
2014-03-08,"NARIÑO","SANTA BARBARA",18.78,"HECTAREA",2.494420411,-77.98256461
2014-03-10,"NARIÑO","BARBACOAS",30.47,"HECTAREA",1.44563774,-78.15621072
2014-03-10,"NARIÑO","MAGUI",300.16,"HECTAREA",1.906858429,-78.04473644
2014-03-11,"NARIÑO","EL CHARCO",79.03,"HECTAREA",2.216382295,-77.99533234
2014-03-13,"NARIÑO","MAGUI",151.09,"HECTAREA",1.906858429,-78.04473644
2014-03-14,"NARIÑO","MAGUI",149.5,"HECTAREA",1.906858429,-78.04473644
2014-03-14,"NARIÑO","ROBERTO PAYAN",68.91,"HECTAREA",1.897581156,-78.3811163
2014-03-16,"NARIÑO","ROBERTO PAYAN",74.97,"HECTAREA",1.897581156,-78.3811163
2014-03-16,"NARIÑO","SAN ANDRES DE TUMACO",61.65,"HECTAREA",1.574550638,-78.61540963
2014-03-18,"NARIÑO","MAGUI",83.62,"HECTAREA",1.906858429,-78.04473644
2014-03-18,"NARIÑO","ROBERTO PAYAN",29.43,"HECTAREA",1.897581156,-78.3811163
2014-03-20,"NARIÑO","EL CHARCO",35.45,"HECTAREA",2.216382295,-77.99533234
2014-03-20,"NARIÑO","MAGUI",80.91,"HECTAREA",1.906858429,-78.04473644
2014-03-21,"NARIÑO","EL CHARCO",3.19,"HECTAREA",2.216382295,-77.99533234
2014-03-21,"NARIÑO","FRANCISCO PIZARRO",14.3,"HECTAREA",2.088531925,-78.59193099
2014-03-21,"NARIÑO","MAGUI",28.83,"HECTAREA",1.906858429,-78.04473644
2014-03-22,"NARIÑO","BARBACOAS",127.63,"HECTAREA",1.44563774,-78.15621072
2014-03-22,"NARIÑO","EL CHARCO",32.97,"HECTAREA",2.216382295,-77.99533234
2014-03-22,"NARIÑO","MAGUI",35.56,"HECTAREA",1.906858429,-78.04473644
2014-03-22,"NARIÑO","MOSQUERA",68.52,"HECTAREA",2.442493698,-78.438827
2014-03-25,"NARIÑO","BARBACOAS",136.68,"HECTAREA",1.44563774,-78.15621072
2014-03-25,"NARIÑO","EL CHARCO",85.97,"HECTAREA",2.216382295,-77.99533234
2014-03-25,"NARIÑO","MAGUI",60.75,"HECTAREA",1.906858429,-78.04473644
2014-03-25,"NARIÑO","SAN ANDRES DE TUMACO",84.79,"HECTAREA",1.574550638,-78.61540963
2014-03-26,"NARIÑO","EL CHARCO",39.79,"HECTAREA",2.216382295,-77.99533234
2014-03-26,"NARIÑO","SAN ANDRES DE TUMACO",19.89,"HECTAREA",1.574550638,-78.61540963
2014-03-27,"NARIÑO","BARBACOAS",132.58,"HECTAREA",1.44563774,-78.15621072
2014-03-27,"NARIÑO","MAGUI",37.29,"HECTAREA",1.906858429,-78.04473644
2014-03-27,"NARIÑO","ROBERTO PAYAN",74.19,"HECTAREA",1.897581156,-78.3811163
2014-03-27,"NARIÑO","SAN ANDRES DE TUMACO",36.32,"HECTAREA",1.574550638,-78.61540963
2014-03-28,"NARIÑO","EL CHARCO",39.91,"HECTAREA",2.216382295,-77.99533234
2014-03-31,"NARIÑO","EL CHARCO",147.44,"HECTAREA",2.216382295,-77.99533234
2014-03-31,"NARIÑO","ROBERTO PAYAN",134.49,"HECTAREA",1.897581156,-78.3811163
2014-04-01,"NARIÑO","MOSQUERA",135.37,"HECTAREA",2.442493698,-78.438827
2014-04-01,"NARIÑO","ROBERTO PAYAN",58.06,"HECTAREA",1.897581156,-78.3811163
2014-04-01,"NARIÑO","SAN ANDRES DE TUMACO",79.27,"HECTAREA",1.574550638,-78.61540963
2014-04-07,"NARIÑO","MAGUI",80.89,"HECTAREA",1.906858429,-78.04473644
2014-04-09,"NARIÑO","ROBERTO PAYAN",119.02,"HECTAREA",1.897581156,-78.3811163
2014-04-09,"NARIÑO","SAN ANDRES DE TUMACO",23.73,"HECTAREA",1.574550638,-78.61540963
2014-04-10,"META","MAPIRIPAN",40.48,"HECTAREA",3.117523361,-71.93805692
2014-04-10,"NARIÑO","CONSACA",93.59,"HECTAREA",1.209066732,-77.44063921
2014-04-10,"NARIÑO","EL CHARCO",23.55,"HECTAREA",2.216382295,-77.99533234
2014-04-10,"NARIÑO","SANTA BARBARA",23.25,"HECTAREA",2.494420411,-77.98256461
2014-04-11,"META","MAPIRIPAN",61.03,"HECTAREA",3.117523361,-71.93805692
2014-04-12,"GUAVIARE","SAN JOSE DEL GUAVIARE",72.39,"HECTAREA",2.484286091,-71.91916993
2014-04-12,"META","MAPIRIPAN",7.91,"HECTAREA",3.117523361,-71.93805692
2014-04-12,"META","SAN MARTIN",3.96,"HECTAREA",3.515860962,-72.65672742
2014-04-13,"CAUCA","GUAPI",36.96,"HECTAREA",2.41326696,-77.69047531
2014-04-13,"GUAVIARE","SAN JOSE DEL GUAVIARE",115.2,"HECTAREA",2.484286091,-71.91916993
2014-04-13,"NARIÑO","ROBERTO PAYAN",72.08,"HECTAREA",1.897581156,-78.3811163
2014-04-13,"NARIÑO","SAN ANDRES DE TUMACO",35.11,"HECTAREA",1.574550638,-78.61540963
2014-04-14,"GUAVIARE","SAN JOSE DEL GUAVIARE",149.73,"HECTAREA",2.484286091,-71.91916993
2014-04-15,"NARIÑO","SAN ANDRES DE TUMACO",195.94,"HECTAREA",1.574550638,-78.61540963
2014-04-16,"NARIÑO","LOS ANDES",33.27,"HECTAREA",1.672601269,-77.71054449
2014-04-16,"NARIÑO","SAN ANDRES DE TUMACO",16.64,"HECTAREA",1.574550638,-78.61540963
2014-04-18,"NARIÑO","ROBERTO PAYAN",34.46,"HECTAREA",1.897581156,-78.3811163
2014-04-18,"NARIÑO","SAN ANDRES DE TUMACO",382.13,"HECTAREA",1.574550638,-78.61540963
2014-04-19,"GUAVIARE","EL RETORNO",20.28,"HECTAREA",2.143447362,-72.24364869
2014-04-19,"NARIÑO","SANTA BARBARA",53.85,"HECTAREA",2.494420411,-77.98256461
2014-04-20,"GUAVIARE","EL RETORNO",10.76,"HECTAREA",2.143447362,-72.24364869
2014-04-20,"GUAVIARE","SAN JOSE DEL GUAVIARE",10.77,"HECTAREA",2.484286091,-71.91916993
2014-04-20,"NARIÑO","SANTA BARBARA",62.13,"HECTAREA",2.494420411,-77.98256461
2014-04-21,"GUAVIARE","MIRAFLORES",228.75,"HECTAREA",1.363974932,-72.01810951
2014-04-22,"GUAVIARE","EL RETORNO",16.52,"HECTAREA",2.143447362,-72.24364869
2014-04-22,"META","PUERTO CONCORDIA",10.8,"HECTAREA",2.752260112,-72.7210941
2014-04-22,"NARIÑO","BARBACOAS",78.75,"HECTAREA",1.44563774,-78.15621072
2014-04-22,"NARIÑO","ROBERTO PAYAN",77.55,"HECTAREA",1.897581156,-78.3811163
2014-04-22,"NARIÑO","SAN ANDRES DE TUMACO",159.04,"HECTAREA",1.574550638,-78.61540963
2014-04-23,"GUAVIARE","CALAMAR",76.24,"HECTAREA",1.613634284,-73.0342639
2014-04-24,"GUAVIARE","SAN JOSE DEL GUAVIARE",107.37,"HECTAREA",2.484286091,-71.91916993
2014-04-24,"NARIÑO","LA TOLA",74.25,"HECTAREA",2.56027333,-78.23506694
2014-04-24,"NARIÑO","ROBERTO PAYAN",143.15,"HECTAREA",1.897581156,-78.3811163
2014-04-25,"GUAVIARE","CALAMAR",160.65,"HECTAREA",1.613634284,-73.0342639
2014-04-25,"GUAVIARE","MIRAFLORES",48.01,"HECTAREA",1.363974932,-72.01810951
2014-04-26,"CAUCA","TIMBIQUI",216.86,"HECTAREA",2.699475127,-77.49131577
2014-04-26,"GUAVIARE","MIRAFLORES",150.16,"HECTAREA",1.363974932,-72.01810951
2014-04-26,"NARIÑO","SANTA BARBARA",13.2,"HECTAREA",2.494420411,-77.98256461
2014-04-27,"GUAVIARE","CALAMAR",75.01,"HECTAREA",1.613634284,-73.0342639
2014-04-27,"GUAVIARE","MIRAFLORES",304.93,"HECTAREA",1.363974932,-72.01810951
2014-04-27,"NARIÑO","BARBACOAS",83.43,"HECTAREA",1.44563774,-78.15621072
2014-04-27,"NARIÑO","CONSACA",76.12,"HECTAREA",1.209066732,-77.44063921
2014-04-27,"NARIÑO","SAN ANDRES DE TUMACO",41.93,"HECTAREA",1.574550638,-78.61540963
2014-04-28,"GUAVIARE","CALAMAR",24.71,"HECTAREA",1.613634284,-73.0342639
2014-04-28,"GUAVIARE","EL RETORNO",87.89,"HECTAREA",2.143447362,-72.24364869
2014-04-28,"GUAVIARE","MIRAFLORES",11.33,"HECTAREA",1.363974932,-72.01810951
2014-04-28,"NARIÑO","ROBERTO PAYAN",21.08,"HECTAREA",1.897581156,-78.3811163
2014-04-29,"GUAVIARE","CALAMAR",75.42,"HECTAREA",1.613634284,-73.0342639
2014-04-29,"GUAVIARE","MIRAFLORES",156.41,"HECTAREA",1.363974932,-72.01810951
2014-04-29,"NARIÑO","LA TOLA",34.89,"HECTAREA",2.56027333,-78.23506694
2014-04-29,"NARIÑO","MOSQUERA",102.62,"HECTAREA",2.442493698,-78.438827
2014-04-29,"NARIÑO","ROBERTO PAYAN",146.71,"HECTAREA",1.897581156,-78.3811163
2014-04-30,"NARIÑO","BARBACOAS",113.78,"HECTAREA",1.44563774,-78.15621072
2014-04-30,"NARIÑO","ROBERTO PAYAN",73.43,"HECTAREA",1.897581156,-78.3811163
2014-04-30,"NARIÑO","SAMANIEGO",39.62,"HECTAREA",1.430555262,-77.69179559
2014-04-30,"NARIÑO","SAN ANDRES DE TUMACO",66.72,"HECTAREA",1.574550638,-78.61540963
2014-05-01,"GUAVIARE","EL RETORNO",224.12,"HECTAREA",2.143447362,-72.24364869
2014-05-01,"GUAVIARE","MIRAFLORES",73.45,"HECTAREA",1.363974932,-72.01810951
2014-05-02,"CAUCA","GUAPI",12.2,"HECTAREA",2.41326696,-77.69047531
2014-05-02,"GUAVIARE","SAN JOSE DEL GUAVIARE",66.56,"HECTAREA",2.484286091,-71.91916993
2014-05-02,"NARIÑO","FRANCISCO PIZARRO",33.93,"HECTAREA",2.088531925,-78.59193099
2014-05-02,"NARIÑO","ROBERTO PAYAN",33.92,"HECTAREA",1.897581156,-78.3811163
2014-05-04,"NARIÑO","ROBERTO PAYAN",158.06,"HECTAREA",1.897581156,-78.3811163
2014-05-04,"NARIÑO","SAN ANDRES DE TUMACO",137.63,"HECTAREA",1.574550638,-78.61540963
2014-05-05,"CAUCA","GUAPI",122.36,"HECTAREA",2.41326696,-77.69047531
2014-05-06,"META","MAPIRIPAN",47.46,"HECTAREA",3.117523361,-71.93805692
2014-05-06,"NARIÑO","EL CHARCO",23.3,"HECTAREA",2.216382295,-77.99533234
2014-05-06,"NARIÑO","SANTA BARBARA",46.6,"HECTAREA",2.494420411,-77.98256461
2014-05-07,"GUAVIARE","CALAMAR",67.07,"HECTAREA",1.613634284,-73.0342639
2014-05-11,"NARIÑO","ROBERTO PAYAN",241.66,"HECTAREA",1.897581156,-78.3811163
2014-05-11,"NARIÑO","SAN ANDRES DE TUMACO",12.18,"HECTAREA",1.574550638,-78.61540963
2014-05-12,"GUAVIARE","SAN JOSE DEL GUAVIARE",141.17,"HECTAREA",2.484286091,-71.91916993
2014-05-12,"NARIÑO","EL CHARCO",71.5,"HECTAREA",2.216382295,-77.99533234
2014-05-12,"NARIÑO","LA TOLA",34.59,"HECTAREA",2.56027333,-78.23506694
2014-05-12,"NARIÑO","MOSQUERA",171.15,"HECTAREA",2.442493698,-78.438827
2014-05-13,"CAUCA","GUAPI",133.52,"HECTAREA",2.41326696,-77.69047531
2014-05-13,"CAUCA","TIMBIQUI",119.05,"HECTAREA",2.699475127,-77.49131577
2014-05-14,"GUAVIARE","SAN JOSE DEL GUAVIARE",65.64,"HECTAREA",2.484286091,-71.91916993
2014-05-14,"META","PUERTO CONCORDIA",27.53,"HECTAREA",2.752260112,-72.7210941
2014-05-14,"META","PUERTO RICO",27.54,"HECTAREA",2.758083657,-73.13780171
2014-05-15,"CAUCA","EL TAMBO",20.25,"HECTAREA",2.534488312,-77.00511207
2014-05-15,"CAUCA","GUAPI",102.01,"HECTAREA",2.41326696,-77.69047531
2014-05-16,"CAUCA","GUAPI",131.58,"HECTAREA",2.41326696,-77.69047531
2014-05-16,"CAUCA","TIMBIQUI",86.5,"HECTAREA",2.699475127,-77.49131577
2014-05-16,"META","MAPIRIPAN",13.03,"HECTAREA",3.117523361,-71.93805692
2014-05-16,"NARIÑO","SANTA BARBARA",67.92,"HECTAREA",2.494420411,-77.98256461
2014-05-17,"CAUCA","GUAPI",36.07,"HECTAREA",2.41326696,-77.69047531
2014-05-17,"CAUCA","TIMBIQUI",249.42,"HECTAREA",2.699475127,-77.49131577
2014-05-17,"GUAVIARE","SAN JOSE DEL GUAVIARE",69.68,"HECTAREA",2.484286091,-71.91916993
2014-05-17,"META","LA MACARENA",9.85,"HECTAREA",2.161863917,-74.09488076
2014-05-18,"CAUCA","LOPEZ",138.78,"HECTAREA",2.95819877,-77.24212158
2014-05-18,"CAUCA","TIMBIQUI",203.48,"HECTAREA",2.699475127,-77.49131577
2014-05-18,"GUAVIARE","SAN JOSE DEL GUAVIARE",127.21,"HECTAREA",2.484286091,-71.91916993
2014-05-18,"META","MAPIRIPAN",24.78,"HECTAREA",3.117523361,-71.93805692
2014-05-19,"GUAVIARE","MIRAFLORES",320.8,"HECTAREA",1.363974932,-72.01810951
2014-05-19,"NARIÑO","SAN ANDRES DE TUMACO",7.73,"HECTAREA",1.574550638,-78.61540963
2014-05-20,"GUAVIARE","MIRAFLORES",323.96,"HECTAREA",1.363974932,-72.01810951
2014-05-20,"NARIÑO","EL CHARCO",128.27,"HECTAREA",2.216382295,-77.99533234
2014-05-20,"NARIÑO","SAN ANDRES DE TUMACO",188.46,"HECTAREA",1.574550638,-78.61540963
2014-05-21,"CAUCA","EL TAMBO",73.28,"HECTAREA",2.534488312,-77.00511207
2014-05-21,"CAUCA","LOPEZ",286.11,"HECTAREA",2.95819877,-77.24212158
2014-05-21,"CAUCA","TIMBIQUI",72.2,"HECTAREA",2.699475127,-77.49131577
2014-05-22,"GUAVIARE","CALAMAR",195.07,"HECTAREA",1.613634284,-73.0342639
2014-05-22,"GUAVIARE","EL RETORNO",117.88,"HECTAREA",2.143447362,-72.24364869
2014-05-23,"GUAVIARE","CALAMAR",9.46,"HECTAREA",1.613634284,-73.0342639
2014-05-23,"GUAVIARE","MIRAFLORES",149.49,"HECTAREA",1.363974932,-72.01810951
2014-05-23,"NARIÑO","MOSQUERA",108.69,"HECTAREA",2.442493698,-78.438827
2014-05-24,"GUAVIARE","MIRAFLORES",122.73,"HECTAREA",1.363974932,-72.01810951
2014-05-24,"NARIÑO","OLAYA HERRERA",145.55,"HECTAREA",2.287856547,-78.31219024
2014-05-25,"GUAVIARE","CALAMAR",183.63,"HECTAREA",1.613634284,-73.0342639
2014-05-25,"GUAVIARE","EL RETORNO",90.39,"HECTAREA",2.143447362,-72.24364869
2014-05-25,"GUAVIARE","MIRAFLORES",115.36,"HECTAREA",1.363974932,-72.01810951
2014-05-30,"CHOCÓ","ALTO BAUDO",400.49,"HECTAREA",5.636740989,-77.0842154
2014-05-30,"CHOCÓ","BAJO BAUDO",36.78,"HECTAREA",4.492865435,-77.08271352
2014-05-31,"GUAVIARE","CALAMAR",51.15,"HECTAREA",1.613634284,-73.0342639
2014-05-31,"GUAVIARE","MIRAFLORES",167.83,"HECTAREA",1.363974932,-72.01810951
2014-06-03,"CHOCÓ","ALTO BAUDO",141.94,"HECTAREA",5.636740989,-77.0842154
2014-06-03,"CHOCÓ","MEDIO BAUDO",1.8,"HECTAREA",5.110392243,-76.99593075
2014-06-03,"META","PUERTO LLERAS",34.1,"HECTAREA",3.193092925,-73.23671436
2014-06-03,"META","PUERTO RICO",29.96,"HECTAREA",2.758083657,-73.13780171
2014-06-03,"META","SAN JUAN DE ARAMA",26.21,"HECTAREA",3.289851171,-73.81635243
2014-06-05,"CHOCÓ","ALTO BAUDO",182.57,"HECTAREA",5.636740989,-77.0842154
2014-06-05,"CHOCÓ","BAJO BAUDO",181.23,"HECTAREA",4.492865435,-77.08271352
2014-06-07,"CHOCÓ","MEDIO SAN JUAN",64.76,"HECTAREA",4.621182739,-76.80861843
2014-06-07,"CHOCÓ","NOVITA",142.42,"HECTAREA",4.853386627,-76.61823669
2014-06-08,"CHOCÓ","ALTO BAUDO",21.31,"HECTAREA",5.636740989,-77.0842154
2014-06-08,"CHOCÓ","QUIBDO",29.08,"HECTAREA",5.7543229,-76.65015147
2014-06-08,"CHOCÓ","RIO QUITO",14.55,"HECTAREA",5.567533337,-76.81157084
2014-06-08,"CHOCÓ","TADO",31.75,"HECTAREA",5.26610158,-76.33109547
2014-06-08,"GUAVIARE","MIRAFLORES",203.49,"HECTAREA",1.363974932,-72.01810951
2014-06-09,"CHOCÓ","ISTMINA",330.15,"HECTAREA",4.586818665,-77.00090737
2014-06-09,"CHOCÓ","MEDIO SAN JUAN",37.05,"HECTAREA",4.621182739,-76.80861843
2014-06-09,"CHOCÓ","NOVITA",60.55,"HECTAREA",4.853386627,-76.61823669
2014-06-09,"GUAVIARE","CALAMAR",75.06,"HECTAREA",1.613634284,-73.0342639
2014-06-09,"GUAVIARE","SAN JOSE DEL GUAVIARE",100.99,"HECTAREA",2.484286091,-71.91916993
2014-06-10,"CHOCÓ","ISTMINA",75.78,"HECTAREA",4.586818665,-77.00090737
2014-06-10,"CHOCÓ","MEDIO ATRATO",54.7,"HECTAREA",6.033880098,-76.6734697
2014-06-12,"GUAVIARE","SAN JOSE DEL GUAVIARE",21.05,"HECTAREA",2.484286091,-71.91916993
2014-06-12,"META","PUERTO RICO",41.52,"HECTAREA",2.758083657,-73.13780171
2014-06-12,"META","VISTAHERMOSA",103.16,"HECTAREA",2.811616698,-73.66652234
2014-06-13,"CHOCÓ","ALTO BAUDO",133.15,"HECTAREA",5.636740989,-77.0842154
2014-06-13,"META","MAPIRIPAN",111.41,"HECTAREA",3.117523361,-71.93805692
2014-06-15,"CHOCÓ","EL LITORAL DEL SAN JUAN",25.95,"HECTAREA",4.272940191,-76.98785828
2014-06-15,"CHOCÓ","ISTMINA",78.94,"HECTAREA",4.586818665,-77.00090737
2014-06-15,"CHOCÓ","NOVITA",39.17,"HECTAREA",4.853386627,-76.61823669
2014-06-16,"CHOCÓ","ALTO BAUDO",270.65,"HECTAREA",5.636740989,-77.0842154
2014-06-16,"CHOCÓ","EL CANTON DEL SAN PABLO",32.05,"HECTAREA",5.359661967,-76.77255624
2014-06-16,"CHOCÓ","ISTMINA",32.05,"HECTAREA",4.586818665,-77.00090737
2014-06-16,"CHOCÓ","RIO QUITO",64.1,"HECTAREA",5.567533337,-76.81157084
2014-06-19,"CHOCÓ","EL CANTON DEL SAN PABLO",116.45,"HECTAREA",5.359661967,-76.77255624
2014-06-19,"CHOCÓ","RIO QUITO",16.4,"HECTAREA",5.567533337,-76.81157084
2014-06-20,"CHOCÓ","ALTO BAUDO",132.36,"HECTAREA",5.636740989,-77.0842154
2014-06-20,"CHOCÓ","BAJO BAUDO",103.24,"HECTAREA",4.492865435,-77.08271352
2014-06-21,"CHOCÓ","EL LITORAL DEL SAN JUAN",66.87,"HECTAREA",4.272940191,-76.98785828
2014-06-21,"CHOCÓ","ISTMINA",132.25,"HECTAREA",4.586818665,-77.00090737
2014-06-22,"CHOCÓ","ISTMINA",22.32,"HECTAREA",4.586818665,-77.00090737
2014-06-22,"CHOCÓ","MEDIO BAUDO",208.77,"HECTAREA",5.110392243,-76.99593075
2014-06-23,"CHOCÓ","ISTMINA",93.04,"HECTAREA",4.586818665,-77.00090737
2014-06-26,"CAQUETÁ","BELEN DE LOS ANDAQUIES",113.54,"HECTAREA",1.536174657,-75.90947504
2014-06-26,"CAQUETÁ","FLORENCIA",21.37,"HECTAREA",1.749138704,-75.55823906
2014-06-26,"CAQUETÁ","SOLITA",31.32,"HECTAREA",0.943939454,-75.64668544
2014-06-26,"PUTUMAYO","PUERTO GUZMAN",47.33,"HECTAREA",0.746432215,-75.88022979
2014-06-27,"CAQUETÁ","SOLANO",6.59,"HECTAREA",0.096131862,-72.32036402
2014-06-27,"PUTUMAYO","PUERTO GUZMAN",20.33,"HECTAREA",0.746432215,-75.88022979
2014-06-27,"PUTUMAYO","LEGUIZAMO",3.59,"HECTAREA",0.05947197,-75.06479327
2014-06-28,"CAQUETÁ","LA MONTAÑITA",42.52,"HECTAREA",1.302860442,-75.23572732
2014-06-28,"CAQUETÁ","MILAN",90.22,"HECTAREA",1.146692554,-75.38664764
2014-06-28,"CAQUETÁ","SOLANO",72.47,"HECTAREA",0.096131862,-72.32036402
2014-06-28,"CAQUETÁ","SOLITA",24.13,"HECTAREA",0.943939454,-75.64668544
2014-06-28,"CAQUETÁ","VALPARAISO",48.31,"HECTAREA",1.07534915,-75.73779004
2014-06-28,"CHOCÓ","EL LITORAL DEL SAN JUAN",45.41,"HECTAREA",4.272940191,-76.98785828
2014-06-28,"CHOCÓ","MEDIO BAUDO",66.1,"HECTAREA",5.110392243,-76.99593075
2014-06-28,"VALLE DEL CAUCA","BUENAVENTURA",80.25,"HECTAREA",3.493340766,-77.11872832
2014-06-29,"CAQUETÁ","EL PAUJIL",60.27,"HECTAREA",1.476630016,-75.20231825
2014-06-29,"CAQUETÁ","LA MONTAÑITA",62.75,"HECTAREA",1.302860442,-75.23572732
2014-06-29,"PUTUMAYO","LEGUIZAMO",75.11,"HECTAREA",0.05947197,-75.06479327
2014-07-01,"CHOCÓ","ISTMINA",198.76,"HECTAREA",4.586818665,-77.00090737
2014-07-01,"CHOCÓ","MEDIO BAUDO",46.63,"HECTAREA",5.110392243,-76.99593075
2014-07-01,"CHOCÓ","MEDIO SAN JUAN",33.39,"HECTAREA",4.621182739,-76.80861843
2014-07-01,"CHOCÓ","NOVITA",92.15,"HECTAREA",4.853386627,-76.61823669
2014-07-01,"CHOCÓ","SIPI",43.99,"HECTAREA",4.594415157,-76.54194459
2014-07-02,"CHOCÓ","BAJO BAUDO",42.4,"HECTAREA",4.492865435,-77.08271352
2014-07-02,"CHOCÓ","ISTMINA",17.6,"HECTAREA",4.586818665,-77.00090737
2014-07-04,"CAQUETÁ","ALBANIA",12.13,"HECTAREA",1.22786549,-75.88232651
2014-07-04,"CAQUETÁ","BELEN DE LOS ANDAQUIES",6.4,"HECTAREA",1.536174657,-75.90947504
2014-07-04,"VALLE DEL CAUCA","BUENAVENTURA",90.21,"HECTAREA",3.493340766,-77.11872832
2014-07-05,"CAQUETÁ","CARTAGENA DEL CHAIRA",11,"HECTAREA",0.647693081,-74.27235499
2014-07-05,"CAQUETÁ","PUERTO RICO",16.55,"HECTAREA",2.018940891,-75.07308627
2014-07-05,"CAQUETÁ","SAN VICENTE DEL CAGUAN",53.82,"HECTAREA",1.308465061,-74.19746971
2014-07-09,"CAQUETÁ","CURILLO",15.74,"HECTAREA",1.115379292,-75.97328452
2014-07-09,"CAQUETÁ","VALPARAISO",2.58,"HECTAREA",1.07534915,-75.73779004
2014-07-09,"PUTUMAYO","PUERTO GUZMAN",53.28,"HECTAREA",0.746432215,-75.88022979
2014-07-12,"CAQUETÁ","EL DONCELLO",50.73,"HECTAREA",1.713734697,-75.26878109
2014-07-12,"CAQUETÁ","EL PAUJIL",12.9,"HECTAREA",1.476630016,-75.20231825
2014-07-12,"CAQUETÁ","PUERTO RICO",37.84,"HECTAREA",2.018940891,-75.07308627
2014-07-12,"CAQUETÁ","VALPARAISO",8.89,"HECTAREA",1.07534915,-75.73779004
2014-07-12,"VALLE DEL CAUCA","BUENAVENTURA",160.37,"HECTAREA",3.493340766,-77.11872832
2014-07-13,"CAQUETÁ","SOLANO",62.53,"HECTAREA",0.096131862,-72.32036402
2014-07-13,"PUTUMAYO","PUERTO GUZMAN",72.11,"HECTAREA",0.746432215,-75.88022979
2014-07-15,"CAQUETÁ","MILAN",119.8,"HECTAREA",1.146692554,-75.38664764
2014-07-15,"CAQUETÁ","VALPARAISO",15.98,"HECTAREA",1.07534915,-75.73779004
2014-07-15,"VALLE DEL CAUCA","BUENAVENTURA",28.04,"HECTAREA",3.493340766,-77.11872832
2014-07-15,"VALLE DEL CAUCA","CALIMA",66.07,"HECTAREA",3.923271619,-76.64260484
2014-07-17,"CAQUETÁ","CURILLO",9.08,"HECTAREA",1.115379292,-75.97328452
2014-07-17,"CAQUETÁ","SOLITA",18.31,"HECTAREA",0.943939454,-75.64668544
2014-07-17,"PUTUMAYO","PUERTO GUZMAN",9.22,"HECTAREA",0.746432215,-75.88022979
2014-07-18,"CAQUETÁ","CARTAGENA DEL CHAIRA",49.48,"HECTAREA",0.647693081,-74.27235499
2014-07-18,"CAQUETÁ","SAN VICENTE DEL CAGUAN",38.17,"HECTAREA",1.308465061,-74.19746971
2014-07-19,"CAQUETÁ","CARTAGENA DEL CHAIRA",8.28,"HECTAREA",0.647693081,-74.27235499
2014-07-19,"CAQUETÁ","SOLANO",81.34,"HECTAREA",0.096131862,-72.32036402
2014-07-19,"CAUCA","LOPEZ",118.5,"HECTAREA",2.95819877,-77.24212158
2014-07-19,"CHOCÓ","MEDIO SAN JUAN",189.35,"HECTAREA",4.621182739,-76.80861843
2014-07-19,"PUTUMAYO","PUERTO GUZMAN",8.28,"HECTAREA",0.746432215,-75.88022979
2014-07-20,"CHOCÓ","MEDIO SAN JUAN",359.95,"HECTAREA",4.621182739,-76.80861843
2014-07-21,"CAQUETÁ","ALBANIA",23.88,"HECTAREA",1.22786549,-75.88232651
2014-07-21,"CAQUETÁ","CARTAGENA DEL CHAIRA",33.34,"HECTAREA",0.647693081,-74.27235499
2014-07-21,"CAQUETÁ","CURILLO",54.12,"HECTAREA",1.115379292,-75.97328452
2014-07-21,"CAQUETÁ","EL DONCELLO",15.02,"HECTAREA",1.713734697,-75.26878109
2014-07-21,"CAQUETÁ","EL PAUJIL",46.7,"HECTAREA",1.476630016,-75.20231825
2014-07-21,"CAQUETÁ","PUERTO RICO",46.7,"HECTAREA",2.018940891,-75.07308627
2014-07-21,"CAQUETÁ","SAN JOSE DEL FRAGUA",23.88,"HECTAREA",1.304702314,-76.11000594
2014-07-21,"PUTUMAYO","PUERTO GUZMAN",30.25,"HECTAREA",0.746432215,-75.88022979
2014-07-22,"CAQUETÁ","LA MONTAÑITA",72.17,"HECTAREA",1.302860442,-75.23572732
2014-07-22,"CAQUETÁ","MILAN",39.85,"HECTAREA",1.146692554,-75.38664764
2014-07-23,"CAQUETÁ","CARTAGENA DEL CHAIRA",65.51,"HECTAREA",0.647693081,-74.27235499
2014-07-23,"CAQUETÁ","SOLANO",41.3,"HECTAREA",0.096131862,-72.32036402
2014-07-23,"CHOCÓ","MEDIO SAN JUAN",529.4,"HECTAREA",4.621182739,-76.80861843
2014-07-24,"CAQUETÁ","CARTAGENA DEL CHAIRA",67.69,"HECTAREA",0.647693081,-74.27235499
2014-07-24,"CAQUETÁ","EL PAUJIL",35.55,"HECTAREA",1.476630016,-75.20231825
2014-07-24,"CAQUETÁ","LA MONTAÑITA",101.08,"HECTAREA",1.302860442,-75.23572732
2014-07-25,"CHOCÓ","ISTMINA",271.48,"HECTAREA",4.586818665,-77.00090737
2014-07-25,"CHOCÓ","MEDIO SAN JUAN",266.87,"HECTAREA",4.621182739,-76.80861843
2014-07-26,"CAQUETÁ","FLORENCIA",8.63,"HECTAREA",1.749138704,-75.55823906
2014-07-26,"CAQUETÁ","SAN VICENTE DEL CAGUAN",73.72,"HECTAREA",1.308465061,-74.19746971
2014-07-27,"CHOCÓ","ISTMINA",70.58,"HECTAREA",4.586818665,-77.00090737
2014-07-27,"CHOCÓ","MEDIO SAN JUAN",102.57,"HECTAREA",4.621182739,-76.80861843
2014-07-27,"CHOCÓ","NOVITA",124.64,"HECTAREA",4.853386627,-76.61823669
2014-07-27,"CHOCÓ","SAN JOSE DEL PALMAR",28.04,"HECTAREA",4.958741345,-76.28002361
2014-07-27,"CHOCÓ","SIPI",61.94,"HECTAREA",4.594415157,-76.54194459
2014-07-27,"VALLE DEL CAUCA","BOLIVAR",11.31,"HECTAREA",4.393118861,-76.34982039
2014-07-27,"VALLE DEL CAUCA","EL DOVIO",11.3,"HECTAREA",4.539979729,-76.28762701
2014-07-28,"CHOCÓ","EL LITORAL DEL SAN JUAN",42.17,"HECTAREA",4.272940191,-76.98785828
2014-07-28,"VALLE DEL CAUCA","BUENAVENTURA",51.39,"HECTAREA",3.493340766,-77.11872832
2014-07-28,"VALLE DEL CAUCA","DAGUA",12.14,"HECTAREA",3.649822218,-76.72039347
2014-07-29,"CAQUETÁ","CARTAGENA DEL CHAIRA",122.98,"HECTAREA",0.647693081,-74.27235499
2014-07-31,"CAQUETÁ","CARTAGENA DEL CHAIRA",80.27,"HECTAREA",0.647693081,-74.27235499
2014-08-01,"CAQUETÁ","CARTAGENA DEL CHAIRA",175.29,"HECTAREA",0.647693081,-74.27235499
2014-08-01,"CAQUETÁ","MILAN",200.28,"HECTAREA",1.146692554,-75.38664764
2014-08-01,"CAQUETÁ","PUERTO RICO",20.67,"HECTAREA",2.018940891,-75.07308627
2014-08-01,"CAQUETÁ","SOLANO",67.74,"HECTAREA",0.096131862,-72.32036402
2014-08-03,"CAQUETÁ","SAN JOSE DEL FRAGUA",271.36,"HECTAREA",1.304702314,-76.11000594
2014-08-04,"ANTIOQUIA","EL BAGRE",51.89,"HECTAREA",7.704633351,-74.66427726
2014-08-04,"ANTIOQUIA","NECHI",52.27,"HECTAREA",7.983477394,-74.65844186
2014-08-04,"BOLÍVAR","SAN JACINTO DEL CAUCA",14.1,"HECTAREA",8.212463202,-74.75082
2014-08-04,"CAQUETÁ","CURILLO",65.03,"HECTAREA",1.115379292,-75.97328452
2014-08-04,"CAQUETÁ","SAN JOSE DEL FRAGUA",210.1,"HECTAREA",1.304702314,-76.11000594
2014-08-05,"ANTIOQUIA","EL BAGRE",22.27,"HECTAREA",7.704633351,-74.66427726
2014-08-05,"ANTIOQUIA","NECHI",76.83,"HECTAREA",7.983477394,-74.65844186
2014-08-05,"BOLÍVAR","SAN JACINTO DEL CAUCA",16.13,"HECTAREA",8.212463202,-74.75082
2014-08-06,"ANTIOQUIA","ANORI",28.99,"HECTAREA",7.193110778,-75.10848954
2014-08-06,"ANTIOQUIA","EL BAGRE",17.17,"HECTAREA",7.704633351,-74.66427726
2014-08-06,"ANTIOQUIA","ZARAGOZA",28.99,"HECTAREA",7.474004006,-74.85848326
2014-08-07,"ANTIOQUIA","TARAZA",108.4,"HECTAREA",7.488875998,-75.40189438
2014-08-07,"CÓRDOBA","PUERTO LIBERTADOR",2.32,"HECTAREA",7.711515736,-75.77123224
2014-08-07,"CÓRDOBA","SAN JOSE DE URE",8.14,"HECTAREA",7.753054395,-75.5672474
2014-08-07,"PUTUMAYO","PUERTO GUZMAN",2.98,"HECTAREA",0.746432215,-75.88022979
2014-08-07,"PUTUMAYO","LEGUIZAMO",21.82,"HECTAREA",0.05947197,-75.06479327
2014-08-08,"ANTIOQUIA","EL BAGRE",78.44,"HECTAREA",7.704633351,-74.66427726
2014-08-08,"ANTIOQUIA","NECHI",28.2,"HECTAREA",7.983477394,-74.65844186
2014-08-09,"ANTIOQUIA","CACERES",27.2,"HECTAREA",7.665155105,-75.22369744
2014-08-09,"ANTIOQUIA","EL BAGRE",16.02,"HECTAREA",7.704633351,-74.66427726
2014-08-09,"ANTIOQUIA","ZARAGOZA",27.2,"HECTAREA",7.474004006,-74.85848326
2014-08-09,"CAQUETÁ","LA MONTAÑITA",142.6,"HECTAREA",1.302860442,-75.23572732
2014-08-09,"CÓRDOBA","MONTELIBANO",80.09,"HECTAREA",7.866432635,-75.87533926
2014-08-09,"CÓRDOBA","PLANETA RICA",11.09,"HECTAREA",8.181108488,-75.68923803
2014-08-09,"CÓRDOBA","PUERTO LIBERTADOR",22.17,"HECTAREA",7.711515736,-75.77123224
2014-08-09,"PUTUMAYO","PUERTO GUZMAN",295.48,"HECTAREA",0.746432215,-75.88022979
2014-08-10,"ANTIOQUIA","ANORI",29.01,"HECTAREA",7.193110778,-75.10848954
2014-08-10,"ANTIOQUIA","CACERES",85.27,"HECTAREA",7.665155105,-75.22369744
2014-08-10,"CAQUETÁ","LA MONTAÑITA",144.71,"HECTAREA",1.302860442,-75.23572732
2014-08-11,"ANTIOQUIA","CACERES",83.39,"HECTAREA",7.665155105,-75.22369744
2014-08-11,"ANTIOQUIA","TARAZA",26.93,"HECTAREA",7.488875998,-75.40189438
2014-08-11,"CAUCA","PIAMONTE",26.08,"HECTAREA",1.054128816,-76.4443271
2014-08-11,"PUTUMAYO","PUERTO GUZMAN",189.42,"HECTAREA",0.746432215,-75.88022979
2014-08-12,"ANTIOQUIA","CACERES",113.94,"HECTAREA",7.665155105,-75.22369744
2014-08-14,"ANTIOQUIA","ANORI",52.7,"HECTAREA",7.193110778,-75.10848954
2014-08-14,"ANTIOQUIA","CACERES",62.22,"HECTAREA",7.665155105,-75.22369744
2014-08-14,"ANTIOQUIA","EL BAGRE",50.88,"HECTAREA",7.704633351,-74.66427726
2014-08-14,"ANTIOQUIA","TARAZA",55.56,"HECTAREA",7.488875998,-75.40189438
2014-08-16,"ANTIOQUIA","ANORI",27.67,"HECTAREA",7.193110778,-75.10848954
2014-08-16,"ANTIOQUIA","CACERES",79.98,"HECTAREA",7.665155105,-75.22369744
2014-08-18,"CAUCA","PIAMONTE",128.11,"HECTAREA",1.054128816,-76.4443271
2014-08-19,"CAUCA","PIAMONTE",55.3,"HECTAREA",1.054128816,-76.4443271
2014-08-19,"PUTUMAYO","MOCOA",20.86,"HECTAREA",1.26070915,-76.66584349
2014-08-19,"PUTUMAYO","PUERTO ASIS",10.89,"HECTAREA",0.433884539,-76.52158203
2014-08-19,"PUTUMAYO","PUERTO GUZMAN",103.74,"HECTAREA",0.746432215,-75.88022979
2014-08-19,"PUTUMAYO","LEGUIZAMO",5.26,"HECTAREA",0.05947197,-75.06479327
2014-08-20,"PUTUMAYO","MOCOA",23.3,"HECTAREA",1.26070915,-76.66584349
2014-08-20,"PUTUMAYO","ORITO",136.09,"HECTAREA",0.673756323,-76.94313923
2014-08-20,"PUTUMAYO","PUERTO GUZMAN",22.37,"HECTAREA",0.746432215,-75.88022979
2014-08-20,"PUTUMAYO","VILLAGARZON",91.34,"HECTAREA",0.911149515,-76.74495447
2014-08-21,"NARIÑO","IPIALES",69.49,"HECTAREA",0.497708465,-77.24047625
2014-08-21,"PUTUMAYO","ORITO",202.04,"HECTAREA",0.673756323,-76.94313923
2014-08-21,"PUTUMAYO","VILLAGARZON",113.17,"HECTAREA",0.911149515,-76.74495447
2014-08-22,"ANTIOQUIA","APARTADO",3.99,"HECTAREA",7.86047815,-76.58236264
2014-08-22,"CÓRDOBA","MONTELIBANO",2.56,"HECTAREA",7.866432635,-75.87533926
2014-08-22,"CÓRDOBA","PUERTO LIBERTADOR",1.99,"HECTAREA",7.711515736,-75.77123224
2014-08-22,"CÓRDOBA","TIERRALTA",19.12,"HECTAREA",7.813896829,-76.16846678
2014-08-22,"CÓRDOBA","VALENCIA",8.87,"HECTAREA",8.219904128,-76.2213286
2014-08-22,"NARIÑO","IPIALES",54.76,"HECTAREA",0.497708465,-77.24047625
2014-08-22,"PUTUMAYO","ORITO",190.55,"HECTAREA",0.673756323,-76.94313923
2014-08-22,"PUTUMAYO","PUERTO ASIS",15.38,"HECTAREA",0.433884539,-76.52158203
2014-08-22,"PUTUMAYO","PUERTO CAICEDO",15.37,"HECTAREA",0.70416861,-76.49864415
2014-08-22,"PUTUMAYO","VALLE DEL GUAMUEZ",91.36,"HECTAREA",0.42012589,-76.77067026
2014-08-23,"ANTIOQUIA","EL BAGRE",98.54,"HECTAREA",7.704633351,-74.66427726
2014-08-23,"ANTIOQUIA","ZARAGOZA",9.39,"HECTAREA",7.474004006,-74.85848326
2014-08-23,"PUTUMAYO","PUERTO CAICEDO",101.07,"HECTAREA",0.70416861,-76.49864415
2014-08-23,"PUTUMAYO","PUERTO GUZMAN",34.89,"HECTAREA",0.746432215,-75.88022979
2014-08-24,"PUTUMAYO","PUERTO ASIS",139.97,"HECTAREA",0.433884539,-76.52158203
2014-08-25,"ANTIOQUIA","EL BAGRE",59.89,"HECTAREA",7.704633351,-74.66427726
2014-08-25,"ANTIOQUIA","SEGOVIA",111.13,"HECTAREA",7.26692339,-74.62163926
2014-08-25,"ANTIOQUIA","TARAZA",170.17,"HECTAREA",7.488875998,-75.40189438
2014-08-25,"PUTUMAYO","PUERTO ASIS",140.95,"HECTAREA",0.433884539,-76.52158203
2014-08-26,"CAQUETÁ","CARTAGENA DEL CHAIRA",7.9,"HECTAREA",0.647693081,-74.27235499
2014-08-26,"CAQUETÁ","LA MONTAÑITA",7.91,"HECTAREA",1.302860442,-75.23572732
2014-08-27,"PUTUMAYO","PUERTO CAICEDO",95.08,"HECTAREA",0.70416861,-76.49864415
2014-08-28,"ANTIOQUIA","CACERES",94.37,"HECTAREA",7.665155105,-75.22369744
2014-08-28,"ANTIOQUIA","VALDIVIA",52.44,"HECTAREA",7.265404213,-75.40094502
2014-08-29,"PUTUMAYO","PUERTO CAICEDO",53.18,"HECTAREA",0.70416861,-76.49864415
2014-08-29,"PUTUMAYO","VILLAGARZON",53.17,"HECTAREA",0.911149515,-76.74495447
2014-08-30,"CAQUETÁ","SAN VICENTE DEL CAGUAN",78.91,"HECTAREA",1.308465061,-74.19746971
2014-08-31,"CAQUETÁ","PUERTO RICO",44.3,"HECTAREA",2.018940891,-75.07308627
2014-09-01,"BOLÍVAR","MONTECRISTO",181.38,"HECTAREA",8.01710024,-74.46342911
2014-09-01,"CAQUETÁ","BELEN DE LOS ANDAQUIES",31.57,"HECTAREA",1.536174657,-75.90947504
2014-09-01,"CAQUETÁ","CURILLO",31.56,"HECTAREA",1.115379292,-75.97328452
2014-09-01,"CAQUETÁ","PUERTO RICO",69.5,"HECTAREA",2.018940891,-75.07308627
2014-09-01,"CAQUETÁ","SAN JOSE DEL FRAGUA",63.55,"HECTAREA",1.304702314,-76.11000594
2014-09-02,"ANTIOQUIA","SEGOVIA",66.02,"HECTAREA",7.26692339,-74.62163926
2014-09-03,"ANTIOQUIA","NECHI",36.06,"HECTAREA",7.983477394,-74.65844186
2014-09-03,"BOLÍVAR","MONTECRISTO",72.11,"HECTAREA",8.01710024,-74.46342911
2014-09-03,"BOLÍVAR","SAN JACINTO",36.05,"HECTAREA",9.835362011,-75.10609201
2014-09-03,"CAQUETÁ","CURILLO",59.33,"HECTAREA",1.115379292,-75.97328452
2014-09-03,"CAQUETÁ","SAN JOSE DEL FRAGUA",29.94,"HECTAREA",1.304702314,-76.11000594
2014-09-03,"PUTUMAYO","PUERTO GUZMAN",29.94,"HECTAREA",0.746432215,-75.88022979
2014-09-04,"BOLÍVAR","SANTA ROSA DEL SUR",53.04,"HECTAREA",7.772519173,-74.26272843
2014-09-05,"BOLÍVAR","MONTECRISTO",12.82,"HECTAREA",8.01710024,-74.46342911
2014-09-05,"BOLÍVAR","SANTA ROSA DEL SUR",25.64,"HECTAREA",7.772519173,-74.26272843
2014-09-06,"CAQUETÁ","CARTAGENA DEL CHAIRA",83.32,"HECTAREA",0.647693081,-74.27235499
2014-09-06,"CAQUETÁ","EL PAUJIL",37.37,"HECTAREA",1.476630016,-75.20231825
2014-09-06,"CAQUETÁ","LA MONTAÑITA",37.37,"HECTAREA",1.302860442,-75.23572732
2014-09-07,"ANTIOQUIA","AMALFI",19.19,"HECTAREA",6.977788843,-74.9812393
2014-09-07,"ANTIOQUIA","REMEDIOS",91.3,"HECTAREA",6.997267375,-74.55865652
2014-09-07,"ANTIOQUIA","ZARAGOZA",19.19,"HECTAREA",7.474004006,-74.85848326
2014-09-07,"CAQUETÁ","SAN VICENTE DEL CAGUAN",86.09,"HECTAREA",1.308465061,-74.19746971
2014-09-08,"CAQUETÁ","CARTAGENA DEL CHAIRA",31.07,"HECTAREA",0.647693081,-74.27235499
2014-09-08,"CAQUETÁ","SOLANO",36.03,"HECTAREA",0.096131862,-72.32036402
2014-09-09,"CAQUETÁ","EL PAUJIL",145.13,"HECTAREA",1.476630016,-75.20231825
2014-09-09,"CAQUETÁ","SAN VICENTE DEL CAGUAN",130.35,"HECTAREA",1.308465061,-74.19746971
2014-09-10,"CAQUETÁ","CARTAGENA DEL CHAIRA",71.08,"HECTAREA",0.647693081,-74.27235499
2014-09-10,"CAQUETÁ","EL DONCELLO",71.39,"HECTAREA",1.713734697,-75.26878109
2014-09-11,"CAQUETÁ","CARTAGENA DEL CHAIRA",70.73,"HECTAREA",0.647693081,-74.27235499
2014-09-11,"CAQUETÁ","EL DONCELLO",74.09,"HECTAREA",1.713734697,-75.26878109
2014-09-12,"CAQUETÁ","EL PAUJIL",212.45,"HECTAREA",1.476630016,-75.20231825
2014-09-16,"NARIÑO","MAGUI",221.31,"HECTAREA",1.906858429,-78.04473644
2014-09-16,"NARIÑO","ROBERTO PAYAN",67.36,"HECTAREA",1.897581156,-78.3811163
2014-09-16,"NARIÑO","SAN ANDRES DE TUMACO",59.83,"HECTAREA",1.574550638,-78.61540963
2014-09-17,"META","LA MACARENA",442.32,"HECTAREA",2.161863917,-74.09488076
2014-09-17,"NARIÑO","BARBACOAS",42.11,"HECTAREA",1.44563774,-78.15621072
2014-09-17,"NARIÑO","MAGUI",8.36,"HECTAREA",1.906858429,-78.04473644
2014-09-17,"NARIÑO","ROBERTO PAYAN",25.4,"HECTAREA",1.897581156,-78.3811163
2014-09-19,"META","LA MACARENA",186.89,"HECTAREA",2.161863917,-74.09488076
2014-09-20,"META","LA MACARENA",64.66,"HECTAREA",2.161863917,-74.09488076
2014-09-23,"NARIÑO","BARBACOAS",89.96,"HECTAREA",1.44563774,-78.15621072
2014-09-23,"NARIÑO","LA TOLA",1.6,"HECTAREA",2.56027333,-78.23506694
2014-09-23,"NARIÑO","MOSQUERA",20.25,"HECTAREA",2.442493698,-78.438827
2014-09-23,"NARIÑO","OLAYA HERRERA",67.45,"HECTAREA",2.287856547,-78.31219024
2014-09-23,"NARIÑO","ROBERTO PAYAN",46.62,"HECTAREA",1.897581156,-78.3811163
2014-09-23,"NARIÑO","SAN ANDRES DE TUMACO",40.49,"HECTAREA",1.574550638,-78.61540963
2014-09-24,"NARIÑO","EL CHARCO",93.5,"HECTAREA",2.216382295,-77.99533234
2014-09-24,"NARIÑO","MAGUI",96.07,"HECTAREA",1.906858429,-78.04473644
2014-09-24,"PUTUMAYO","PUERTO ASIS",17.56,"HECTAREA",0.433884539,-76.52158203
2014-09-24,"PUTUMAYO","VALLE DEL GUAMUEZ",34.63,"HECTAREA",0.42012589,-76.77067026
2014-09-25,"META","LA MACARENA",123.63,"HECTAREA",2.161863917,-74.09488076
2014-09-26,"CAQUETÁ","CARTAGENA DEL CHAIRA",14.64,"HECTAREA",0.647693081,-74.27235499
2014-09-26,"CAQUETÁ","SAN VICENTE DEL CAGUAN",14.66,"HECTAREA",1.308465061,-74.19746971
2014-09-26,"META","LA MACARENA",32.31,"HECTAREA",2.161863917,-74.09488076
2014-09-28,"NARIÑO","FRANCISCO PIZARRO",26.32,"HECTAREA",2.088531925,-78.59193099
2014-09-28,"NARIÑO","MAGUI",20.33,"HECTAREA",1.906858429,-78.04473644
2014-09-28,"NARIÑO","MOSQUERA",3.02,"HECTAREA",2.442493698,-78.438827
2014-09-28,"NARIÑO","ROBERTO PAYAN",74.72,"HECTAREA",1.897581156,-78.3811163
2014-09-30,"PUTUMAYO","PUERTO ASIS",82.76,"HECTAREA",0.433884539,-76.52158203
2014-09-30,"PUTUMAYO","PUERTO CAICEDO",15.53,"HECTAREA",0.70416861,-76.49864415
2014-10-01,"CAUCA","PIAMONTE",64.45,"HECTAREA",1.054128816,-76.4443271
2014-10-01,"NARIÑO","FRANCISCO PIZARRO",28.45,"HECTAREA",2.088531925,-78.59193099
2014-10-01,"NARIÑO","MOSQUERA",21.68,"HECTAREA",2.442493698,-78.438827
2014-10-01,"NARIÑO","OLAYA HERRERA",50.13,"HECTAREA",2.287856547,-78.31219024
2014-10-01,"NARIÑO","ROBERTO PAYAN",21.68,"HECTAREA",1.897581156,-78.3811163
2014-10-02,"NARIÑO","EL CHARCO",26.88,"HECTAREA",2.216382295,-77.99533234
2014-10-02,"NARIÑO","MAGUI",64.4,"HECTAREA",1.906858429,-78.04473644
2014-10-02,"NARIÑO","SANDONA",26.88,"HECTAREA",1.288105409,-77.45670068
2014-10-04,"NARIÑO","EL CHARCO",70.51,"HECTAREA",2.216382295,-77.99533234
2014-10-04,"NARIÑO","LA TOLA",36.06,"HECTAREA",2.56027333,-78.23506694
2014-10-04,"NARIÑO","OLAYA HERRERA",114.29,"HECTAREA",2.287856547,-78.31219024
2014-10-04,"PUTUMAYO","PUERTO ASIS",143.23,"HECTAREA",0.433884539,-76.52158203
2014-10-04,"PUTUMAYO","PUERTO CAICEDO",135.02,"HECTAREA",0.70416861,-76.49864415
2014-10-06,"NARIÑO","EL PEÑOL",38.67,"HECTAREA",1.512283967,-77.43050934
2014-10-06,"NARIÑO","LINARES",38.66,"HECTAREA",1.395173084,-77.52093774
2014-10-07,"NARIÑO","FRANCISCO PIZARRO",21.18,"HECTAREA",2.088531925,-78.59193099
2014-10-07,"NARIÑO","MAGUI",141.71,"HECTAREA",1.906858429,-78.04473644
2014-10-07,"NARIÑO","SAN ANDRES DE TUMACO",181.52,"HECTAREA",1.574550638,-78.61540963
2014-10-08,"PUTUMAYO","PUERTO ASIS",103.55,"HECTAREA",0.433884539,-76.52158203
2014-10-08,"PUTUMAYO","PUERTO CAICEDO",30.1,"HECTAREA",0.70416861,-76.49864415
2014-10-09,"CAQUETÁ","CURILLO",61.41,"HECTAREA",1.115379292,-75.97328452
2014-10-09,"CAUCA","PIAMONTE",71.88,"HECTAREA",1.054128816,-76.4443271
2014-10-09,"NARIÑO","SAN ANDRES DE TUMACO",162.14,"HECTAREA",1.574550638,-78.61540963
2014-10-10,"NARIÑO","SAN ANDRES DE TUMACO",163.53,"HECTAREA",1.574550638,-78.61540963
2014-10-10,"PUTUMAYO","ORITO",53.57,"HECTAREA",0.673756323,-76.94313923
2014-10-10,"PUTUMAYO","VALLE DEL GUAMUEZ",136.27,"HECTAREA",0.42012589,-76.77067026
2014-10-10,"PUTUMAYO","VILLAGARZON",39.88,"HECTAREA",0.911149515,-76.74495447
2014-10-12,"NARIÑO","ROBERTO PAYAN",63.1,"HECTAREA",1.897581156,-78.3811163
2014-10-12,"NARIÑO","SAN ANDRES DE TUMACO",124.14,"HECTAREA",1.574550638,-78.61540963
2014-10-12,"PUTUMAYO","ORITO",73.14,"HECTAREA",0.673756323,-76.94313923
2014-10-12,"PUTUMAYO","PUERTO ASIS",66.82,"HECTAREA",0.433884539,-76.52158203
2014-10-13,"CAQUETÁ","CURILLO",31.25,"HECTAREA",1.115379292,-75.97328452
2014-10-13,"CAQUETÁ","SAN JOSE DEL FRAGUA",64.25,"HECTAREA",1.304702314,-76.11000594
2014-10-13,"CAUCA","PIAMONTE",33.1,"HECTAREA",1.054128816,-76.4443271
2014-10-13,"NARIÑO","FRANCISCO PIZARRO",31.52,"HECTAREA",2.088531925,-78.59193099
2014-10-13,"NARIÑO","MOSQUERA",170.51,"HECTAREA",2.442493698,-78.438827
2014-10-14,"PUTUMAYO","ORITO",84.25,"HECTAREA",0.673756323,-76.94313923
2014-10-17,"CAQUETÁ","SAN JOSE DEL FRAGUA",241.13,"HECTAREA",1.304702314,-76.11000594
2014-10-17,"NARIÑO","ROBERTO PAYAN",98.01,"HECTAREA",1.897581156,-78.3811163
2014-10-17,"NARIÑO","SAN ANDRES DE TUMACO",68.64,"HECTAREA",1.574550638,-78.61540963
2014-10-17,"PUTUMAYO","PUERTO ASIS",194.64,"HECTAREA",0.433884539,-76.52158203
2014-10-17,"PUTUMAYO","VALLE DEL GUAMUEZ",24,"HECTAREA",0.42012589,-76.77067026
2014-10-18,"NARIÑO","EL PEÑOL",24.48,"HECTAREA",1.512283967,-77.43050934
2014-10-18,"NARIÑO","MOSQUERA",7.46,"HECTAREA",2.442493698,-78.438827
2014-10-18,"NARIÑO","OLAYA HERRERA",144.01,"HECTAREA",2.287856547,-78.31219024
2014-10-18,"NARIÑO","ROBERTO PAYAN",38.17,"HECTAREA",1.897581156,-78.3811163
2014-10-18,"PUTUMAYO","ORITO",68.58,"HECTAREA",0.673756323,-76.94313923
2014-10-18,"PUTUMAYO","PUERTO CAICEDO",140.54,"HECTAREA",0.70416861,-76.49864415
2014-10-19,"NARIÑO","EL CHARCO",162.18,"HECTAREA",2.216382295,-77.99533234
2014-10-19,"NARIÑO","ROBERTO PAYAN",178.22,"HECTAREA",1.897581156,-78.3811163
2014-10-19,"PUTUMAYO","ORITO",111.25,"HECTAREA",0.673756323,-76.94313923
2014-10-19,"PUTUMAYO","PUERTO ASIS",70.72,"HECTAREA",0.433884539,-76.52158203
2014-10-19,"PUTUMAYO","PUERTO CAICEDO",103.69,"HECTAREA",0.70416861,-76.49864415
2014-10-21,"NARIÑO","ROBERTO PAYAN",192.97,"HECTAREA",1.897581156,-78.3811163
2014-10-21,"PUTUMAYO","ORITO",140.5,"HECTAREA",0.673756323,-76.94313923
2014-10-21,"PUTUMAYO","PUERTO ASIS",252.81,"HECTAREA",0.433884539,-76.52158203
2014-10-21,"PUTUMAYO","PUERTO CAICEDO",27.95,"HECTAREA",0.70416861,-76.49864415
2014-10-21,"PUTUMAYO","VILLAGARZON",27.96,"HECTAREA",0.911149515,-76.74495447
2014-10-22,"PUTUMAYO","ORITO",20.17,"HECTAREA",0.673756323,-76.94313923
2014-10-22,"PUTUMAYO","PUERTO ASIS",16.47,"HECTAREA",0.433884539,-76.52158203
2014-10-22,"PUTUMAYO","PUERTO CAICEDO",19.99,"HECTAREA",0.70416861,-76.49864415
2014-10-22,"PUTUMAYO","VALLE DEL GUAMUEZ",36.46,"HECTAREA",0.42012589,-76.77067026
2014-10-23,"NARIÑO","ROBERTO PAYAN",117.82,"HECTAREA",1.897581156,-78.3811163
2014-10-23,"NARIÑO","SAN ANDRES DE TUMACO",34.59,"HECTAREA",1.574550638,-78.61540963
2014-10-23,"PUTUMAYO","PUERTO ASIS",84.68,"HECTAREA",0.433884539,-76.52158203
2014-10-24,"PUTUMAYO","VALLE DEL GUAMUEZ",349.81,"HECTAREA",0.42012589,-76.77067026
2014-10-25,"NARIÑO","SAN ANDRES DE TUMACO",434.06,"HECTAREA",1.574550638,-78.61540963
2014-10-25,"PUTUMAYO","VALLE DEL GUAMUEZ",458.27,"HECTAREA",0.42012589,-76.77067026
2014-10-26,"NARIÑO","FRANCISCO PIZARRO",54.21,"HECTAREA",2.088531925,-78.59193099
2014-10-26,"NARIÑO","MAGUI",92.99,"HECTAREA",1.906858429,-78.04473644
2014-10-26,"NARIÑO","ROBERTO PAYAN",88.33,"HECTAREA",1.897581156,-78.3811163
2014-10-26,"NARIÑO","SAN ANDRES DE TUMACO",235.39,"HECTAREA",1.574550638,-78.61540963
2014-10-27,"NARIÑO","SAN ANDRES DE TUMACO",54.2,"HECTAREA",1.574550638,-78.61540963
2014-10-27,"PUTUMAYO","VALLE DEL GUAMUEZ",449.16,"HECTAREA",0.42012589,-76.77067026
2014-10-29,"NARIÑO","BARBACOAS",85.64,"HECTAREA",1.44563774,-78.15621072
2014-10-29,"NARIÑO","MAGUI",37.22,"HECTAREA",1.906858429,-78.04473644
2014-10-29,"NARIÑO","ROBERTO PAYAN",24.21,"HECTAREA",1.897581156,-78.3811163
2014-10-29,"PUTUMAYO","PUERTO ASIS",164.01,"HECTAREA",0.433884539,-76.52158203
2014-10-29,"PUTUMAYO","VALLE DEL GUAMUEZ",537,"HECTAREA",0.42012589,-76.77067026
2014-10-30,"NARIÑO","SAN ANDRES DE TUMACO",315.07,"HECTAREA",1.574550638,-78.61540963
2014-10-30,"PUTUMAYO","VALLE DEL GUAMUEZ",907.4,"HECTAREA",0.42012589,-76.77067026
2014-10-31,"NARIÑO","EL CHARCO",13.91,"HECTAREA",2.216382295,-77.99533234
2014-10-31,"NARIÑO","MAGUI",11.03,"HECTAREA",1.906858429,-78.04473644
2014-10-31,"NARIÑO","SAN ANDRES DE TUMACO",171.36,"HECTAREA",1.574550638,-78.61540963
2014-10-31,"NARIÑO","SANTA BARBARA",16.78,"HECTAREA",2.494420411,-77.98256461
2014-10-31,"PUTUMAYO","PUERTO ASIS",693.78,"HECTAREA",0.433884539,-76.52158203
2014-11-01,"NARIÑO","LA TOLA",7.28,"HECTAREA",2.56027333,-78.23506694
2014-11-01,"NARIÑO","OLAYA HERRERA",183.21,"HECTAREA",2.287856547,-78.31219024
2014-11-01,"NARIÑO","SAN ANDRES DE TUMACO",174.04,"HECTAREA",1.574550638,-78.61540963
2014-11-01,"PUTUMAYO","SAN MIGUEL",254.61,"HECTAREA",0.272449048,-76.84510459
2014-11-01,"PUTUMAYO","VALLE DEL GUAMUEZ",72.74,"HECTAREA",0.42012589,-76.77067026
2014-11-03,"NARIÑO","SAN ANDRES DE TUMACO",39.3,"HECTAREA",1.574550638,-78.61540963
2014-11-04,"PUTUMAYO","PUERTO ASIS",155.44,"HECTAREA",0.433884539,-76.52158203
2014-11-04,"PUTUMAYO","LEGUIZAMO",120.91,"HECTAREA",0.05947197,-75.06479327
2014-11-04,"PUTUMAYO","VALLE DEL GUAMUEZ",311.77,"HECTAREA",0.42012589,-76.77067026
2014-11-05,"NARIÑO","SAN ANDRES DE TUMACO",60.3,"HECTAREA",1.574550638,-78.61540963
2014-11-06,"NARIÑO","ROBERTO PAYAN",85.44,"HECTAREA",1.897581156,-78.3811163
2014-11-06,"NARIÑO","SAN ANDRES DE TUMACO",21.96,"HECTAREA",1.574550638,-78.61540963
2014-11-06,"PUTUMAYO","PUERTO CAICEDO",80.38,"HECTAREA",0.70416861,-76.49864415
2014-11-06,"PUTUMAYO","VALLE DEL GUAMUEZ",80.39,"HECTAREA",0.42012589,-76.77067026
2014-11-07,"NARIÑO","SAN ANDRES DE TUMACO",67.53,"HECTAREA",1.574550638,-78.61540963
2014-11-08,"NARIÑO","SAN ANDRES DE TUMACO",56.34,"HECTAREA",1.574550638,-78.61540963
2014-11-08,"PUTUMAYO","VALLE DEL GUAMUEZ",182.57,"HECTAREA",0.42012589,-76.77067026
2014-11-09,"PUTUMAYO","PUERTO ASIS",90.7,"HECTAREA",0.433884539,-76.52158203
2014-11-09,"PUTUMAYO","VALLE DEL GUAMUEZ",366.63,"HECTAREA",0.42012589,-76.77067026
2014-11-10,"PUTUMAYO","PUERTO ASIS",266.77,"HECTAREA",0.433884539,-76.52158203
2014-11-11,"PUTUMAYO","PUERTO CAICEDO",124.76,"HECTAREA",0.70416861,-76.49864415
2014-11-14,"NARIÑO","BARBACOAS",123.91,"HECTAREA",1.44563774,-78.15621072
2014-11-14,"NARIÑO","LA LLANADA",4.22,"HECTAREA",1.541847847,-77.61781608
2014-11-14,"NARIÑO","SAN ANDRES DE TUMACO",40.11,"HECTAREA",1.574550638,-78.61540963
2014-11-14,"PUTUMAYO","PUERTO ASIS",271.22,"HECTAREA",0.433884539,-76.52158203
2014-11-20,"NARIÑO","MOSQUERA",116.51,"HECTAREA",2.442493698,-78.438827
2014-11-20,"NARIÑO","ROBERTO PAYAN",63.25,"HECTAREA",1.897581156,-78.3811163
2014-11-20,"NARIÑO","SAN ANDRES DE TUMACO",17.63,"HECTAREA",1.574550638,-78.61540963
2014-11-21,"NARIÑO","LOS ANDES",45.65,"HECTAREA",1.672601269,-77.71054449
2014-11-21,"PUTUMAYO","VALLE DEL GUAMUEZ",92.92,"HECTAREA",0.42012589,-76.77067026
2014-11-22,"PUTUMAYO","ORITO",57.91,"HECTAREA",0.673756323,-76.94313923
2014-11-22,"PUTUMAYO","PUERTO ASIS",87.38,"HECTAREA",0.433884539,-76.52158203
2014-11-23,"NARIÑO","SAN ANDRES DE TUMACO",57.36,"HECTAREA",1.574550638,-78.61540963
2014-11-26,"CAUCA","GUAPI",258.93,"HECTAREA",2.41326696,-77.69047531
2014-11-26,"NARIÑO","LA LLANADA",35.93,"HECTAREA",1.541847847,-77.61781608
2014-11-26,"NARIÑO","LOS ANDES",84.52,"HECTAREA",1.672601269,-77.71054449
2014-11-26,"NARIÑO","SAMANIEGO",48.6,"HECTAREA",1.430555262,-77.69179559
2014-11-26,"NARIÑO","SANTA BARBARA",35.55,"HECTAREA",2.494420411,-77.98256461
2014-11-27,"CAUCA","TIMBIQUI",144.7,"HECTAREA",2.699475127,-77.49131577
2014-11-27,"NARIÑO","EL CHARCO",76.38,"HECTAREA",2.216382295,-77.99533234
2014-11-27,"NARIÑO","SANTA BARBARA",76.38,"HECTAREA",2.494420411,-77.98256461
2014-11-28,"GUAVIARE","EL RETORNO",16.57,"HECTAREA",2.143447362,-72.24364869
2014-11-30,"GUAVIARE","CALAMAR",114.63,"HECTAREA",1.613634284,-73.0342639
2014-11-30,"GUAVIARE","EL RETORNO",23.71,"HECTAREA",2.143447362,-72.24364869
2014-12-01,"GUAVIARE","EL RETORNO",125.51,"HECTAREA",2.143447362,-72.24364869
2014-12-02,"CAUCA","GUAPI",21.18,"HECTAREA",2.41326696,-77.69047531
2014-12-02,"GUAVIARE","CALAMAR",29.61,"HECTAREA",1.613634284,-73.0342639
2014-12-02,"GUAVIARE","EL RETORNO",92.17,"HECTAREA",2.143447362,-72.24364869
2014-12-02,"GUAVIARE","SAN JOSE DEL GUAVIARE",16.5,"HECTAREA",2.484286091,-71.91916993
2014-12-02,"NARIÑO","EL CHARCO",21.17,"HECTAREA",2.216382295,-77.99533234
2014-12-02,"NARIÑO","SANDONA",38.3,"HECTAREA",1.288105409,-77.45670068
2014-12-03,"GUAVIARE","CALAMAR",32.82,"HECTAREA",1.613634284,-73.0342639
2014-12-03,"GUAVIARE","EL RETORNO",70.54,"HECTAREA",2.143447362,-72.24364869
2014-12-03,"GUAVIARE","SAN JOSE DEL GUAVIARE",105.91,"HECTAREA",2.484286091,-71.91916993
2014-12-06,"GUAVIARE","EL RETORNO",23.68,"HECTAREA",2.143447362,-72.24364869
2014-12-06,"GUAVIARE","SAN JOSE DEL GUAVIARE",117.22,"HECTAREA",2.484286091,-71.91916993
2014-12-07,"CHOCÓ","BAJO BAUDO",25.35,"HECTAREA",4.492865435,-77.08271352
2014-12-07,"CHOCÓ","MEDIO BAUDO",9.01,"HECTAREA",5.110392243,-76.99593075
2014-12-07,"GUAVIARE","EL RETORNO",142.62,"HECTAREA",2.143447362,-72.24364869
2014-12-08,"CHOCÓ","ISTMINA",14.07,"HECTAREA",4.586818665,-77.00090737
2014-12-08,"CHOCÓ","MEDIO BAUDO",97.81,"HECTAREA",5.110392243,-76.99593075
2014-12-08,"CHOCÓ","NOVITA",29.14,"HECTAREA",4.853386627,-76.61823669
2014-12-08,"CHOCÓ","SIPI",14.57,"HECTAREA",4.594415157,-76.54194459
2014-12-08,"GUAVIARE","SAN JOSE DEL GUAVIARE",146.54,"HECTAREA",2.484286091,-71.91916993
2014-12-09,"GUAVIARE","SAN JOSE DEL GUAVIARE",138.6,"HECTAREA",2.484286091,-71.91916993
2014-12-10,"CHOCÓ","EL CANTON DEL SAN PABLO",27.13,"HECTAREA",5.359661967,-76.77255624
2014-12-10,"CHOCÓ","ISTMINA",27.13,"HECTAREA",4.586818665,-77.00090737
2014-12-10,"CHOCÓ","MEDIO BAUDO",27.13,"HECTAREA",5.110392243,-76.99593075
2014-12-11,"CHOCÓ","ALTO BAUDO",6.59,"HECTAREA",5.636740989,-77.0842154
2014-12-11,"CHOCÓ","BAJO BAUDO",6.59,"HECTAREA",4.492865435,-77.08271352
2014-12-11,"CHOCÓ","MEDIO ATRATO",23,"HECTAREA",6.033880098,-76.6734697
2014-12-11,"CHOCÓ","MEDIO BAUDO",32.81,"HECTAREA",5.110392243,-76.99593075
2014-12-11,"CHOCÓ","NOVITA",57.62,"HECTAREA",4.853386627,-76.61823669
2014-12-11,"CHOCÓ","SIPI",63.7,"HECTAREA",4.594415157,-76.54194459
2014-12-11,"GUAVIARE","SAN JOSE DEL GUAVIARE",110.98,"HECTAREA",2.484286091,-71.91916993
2014-12-12,"CHOCÓ","ALTO BAUDO",110.62,"HECTAREA",5.636740989,-77.0842154
2014-12-12,"GUAVIARE","SAN JOSE DEL GUAVIARE",143.14,"HECTAREA",2.484286091,-71.91916993
2014-12-13,"GUAVIARE","SAN JOSE DEL GUAVIARE",115.36,"HECTAREA",2.484286091,-71.91916993
2014-12-14,"CHOCÓ","ISTMINA",39.41,"HECTAREA",4.586818665,-77.00090737
2014-12-14,"CHOCÓ","SIPI",19.71,"HECTAREA",4.594415157,-76.54194459
2014-12-14,"META","PUERTO RICO",139.24,"HECTAREA",2.758083657,-73.13780171
2014-12-15,"GUAVIARE","SAN JOSE DEL GUAVIARE",71.63,"HECTAREA",2.484286091,-71.91916993
2014-12-16,"GUAVIARE","CALAMAR",143.86,"HECTAREA",1.613634284,-73.0342639
2014-12-16,"GUAVIARE","MIRAFLORES",142.32,"HECTAREA",1.363974932,-72.01810951
2014-12-18,"GUAVIARE","SAN JOSE DEL GUAVIARE",97,"HECTAREA",2.484286091,-71.91916993
2014-12-19,"CHOCÓ","MEDIO ATRATO",40.04,"HECTAREA",6.033880098,-76.6734697
2014-12-19,"CHOCÓ","MEDIO BAUDO",45.39,"HECTAREA",5.110392243,-76.99593075
2014-12-19,"CHOCÓ","MEDIO SAN JUAN",40.03,"HECTAREA",4.621182739,-76.80861843
2014-12-19,"GUAVIARE","CALAMAR",126.28,"HECTAREA",1.613634284,-73.0342639
2014-12-19,"GUAVIARE","MIRAFLORES",35.18,"HECTAREA",1.363974932,-72.01810951
2014-12-20,"GUAVIARE","SAN JOSE DEL GUAVIARE",179.18,"HECTAREA",2.484286091,-71.91916993
2014-12-21,"CHOCÓ","ISTMINA",127.4,"HECTAREA",4.586818665,-77.00090737
2014-12-21,"GUAVIARE","CALAMAR",127,"HECTAREA",1.613634284,-73.0342639
2014-12-21,"GUAVIARE","MIRAFLORES",14.91,"HECTAREA",1.363974932,-72.01810951
2014-12-22,"CHOCÓ","EL CANTON DEL SAN PABLO",32.88,"HECTAREA",5.359661967,-76.77255624
2014-12-22,"CHOCÓ","MEDIO BAUDO",32.89,"HECTAREA",5.110392243,-76.99593075
2014-12-22,"GUAVIARE","MIRAFLORES",360.92,"HECTAREA",1.363974932,-72.01810951
2014-12-23,"GUAVIARE","EL RETORNO",7,"HECTAREA",2.143447362,-72.24364869
2014-12-23,"GUAVIARE","SAN JOSE DEL GUAVIARE",60.75,"HECTAREA",2.484286091,-71.91916993
2014-12-23,"META","MAPIRIPAN",12.49,"HECTAREA",3.117523361,-71.93805692
2014-12-23,"META","PUERTO CONCORDIA",8.99,"HECTAREA",2.752260112,-72.7210941
2014-12-23,"META","PUERTO RICO",24.12,"HECTAREA",2.758083657,-73.13780171
2014-12-24,"META","MAPIRIPAN",113.09,"HECTAREA",3.117523361,-71.93805692
2014-12-26,"CHOCÓ","MEDIO ATRATO",79.24,"HECTAREA",6.033880098,-76.6734697
2014-12-26,"CHOCÓ","MEDIO SAN JUAN",56.51,"HECTAREA",4.621182739,-76.80861843
2014-12-26,"GUAVIARE","EL RETORNO",107.51,"HECTAREA",2.143447362,-72.24364869
2014-12-26,"GUAVIARE","MIRAFLORES",79.16,"HECTAREA",1.363974932,-72.01810951
2014-12-26,"GUAVIARE","SAN JOSE DEL GUAVIARE",43.09,"HECTAREA",2.484286091,-71.91916993
2014-12-26,"META","MAPIRIPAN",52.11,"HECTAREA",3.117523361,-71.93805692
2014-12-28,"CHOCÓ","MEDIO SAN JUAN",109.64,"HECTAREA",4.621182739,-76.80861843
2014-12-29,"CHOCÓ","MEDIO ATRATO",63.15,"HECTAREA",6.033880098,-76.6734697
2014-12-29,"CHOCÓ","MEDIO SAN JUAN",63.14,"HECTAREA",4.621182739,-76.80861843
2014-12-30,"GUAVIARE","MIRAFLORES",221.2,"HECTAREA",1.363974932,-72.01810951
2014-12-31,"CHOCÓ","BAJO BAUDO",144.51,"HECTAREA",4.492865435,-77.08271352
2014-12-31,"GUAVIARE","MIRAFLORES",116.16,"HECTAREA",1.363974932,-72.01810951
2015-01-01,"CHOCÓ","MEDIO SAN JUAN",97.09,"HECTAREA",4.621182739,-76.80861843
2015-01-01,"GUAVIARE","MIRAFLORES",370.26,"HECTAREA",1.363974932,-72.01810951
2015-01-02,"CHOCÓ","MEDIO SAN JUAN",139.32,"HECTAREA",4.621182739,-76.80861843
2015-01-02,"GUAVIARE","MIRAFLORES",129.25,"HECTAREA",1.363974932,-72.01810951
2015-01-03,"CHOCÓ","MEDIO SAN JUAN",154.05,"HECTAREA",4.621182739,-76.80861843
2015-01-03,"GUAVIARE","MIRAFLORES",215.99,"HECTAREA",1.363974932,-72.01810951
2015-01-04,"GUAVIARE","MIRAFLORES",187.2,"HECTAREA",1.363974932,-72.01810951
2015-01-05,"GUAVIARE","EL RETORNO",41.84,"HECTAREA",2.143447362,-72.24364869
2015-01-05,"GUAVIARE","SAN JOSE DEL GUAVIARE",73.24,"HECTAREA",2.484286091,-71.91916993
2015-01-06,"CHOCÓ","ISTMINA",158.68,"HECTAREA",4.586818665,-77.00090737
2015-01-06,"GUAVIARE","SAN JOSE DEL GUAVIARE",116.49,"HECTAREA",2.484286091,-71.91916993
2015-01-06,"META","MAPIRIPAN",14.38,"HECTAREA",3.117523361,-71.93805692
2015-01-07,"CHOCÓ","ALTO BAUDO",91.16,"HECTAREA",5.636740989,-77.0842154
2015-01-07,"CHOCÓ","MEDIO SAN JUAN",65.28,"HECTAREA",4.621182739,-76.80861843
2015-01-08,"META","PUERTO RICO",133.97,"HECTAREA",2.758083657,-73.13780171
2015-01-09,"META","VISTAHERMOSA",137.43,"HECTAREA",2.811616698,-73.66652234
2015-01-10,"GUAVIARE","MIRAFLORES",154.5,"HECTAREA",1.363974932,-72.01810951
2015-01-12,"CHOCÓ","NOVITA",48.3,"HECTAREA",4.853386627,-76.61823669
2015-01-12,"META","PUERTO RICO",104.2,"HECTAREA",2.758083657,-73.13780171
2015-01-12,"META","VISTAHERMOSA",26.06,"HECTAREA",2.811616698,-73.66652234
2015-01-13,"META","VISTAHERMOSA",306.66,"HECTAREA",2.811616698,-73.66652234
2015-01-14,"META","VISTAHERMOSA",213.33,"HECTAREA",2.811616698,-73.66652234
2015-01-15,"CHOCÓ","ISTMINA",92.46,"HECTAREA",4.586818665,-77.00090737
2015-01-15,"CHOCÓ","MEDIO SAN JUAN",15.19,"HECTAREA",4.621182739,-76.80861843
2015-01-15,"CHOCÓ","NOVITA",7.59,"HECTAREA",4.853386627,-76.61823669
2015-01-15,"META","PUERTO RICO",61.75,"HECTAREA",2.758083657,-73.13780171
2015-01-15,"META","VISTAHERMOSA",62.92,"HECTAREA",2.811616698,-73.66652234
2015-01-18,"CHOCÓ","ALTO BAUDO",6.23,"HECTAREA",5.636740989,-77.0842154
2015-01-18,"CHOCÓ","MEDIO ATRATO",16.43,"HECTAREA",6.033880098,-76.6734697
2015-01-18,"CHOCÓ","QUIBDO",20.4,"HECTAREA",5.7543229,-76.65015147
2015-01-18,"CHOCÓ","SIPI",1.79,"HECTAREA",4.594415157,-76.54194459
2015-01-19,"CHOCÓ","ISTMINA",110.19,"HECTAREA",4.586818665,-77.00090737
2015-01-19,"META","PUERTO LLERAS",9.58,"HECTAREA",3.193092925,-73.23671436
2015-01-19,"META","VISTAHERMOSA",28.75,"HECTAREA",2.811616698,-73.66652234
2015-01-21,"GUAVIARE","EL RETORNO",77.55,"HECTAREA",2.143447362,-72.24364869
2015-01-21,"VALLE DEL CAUCA","YOTOCO",119.28,"HECTAREA",3.904130354,-76.39080435
2015-01-21,"VICHADA","CUMARIBO",42.36,"HECTAREA",4.262454746,-69.52140484
2015-01-22,"CHOCÓ","QUIBDO",2.45,"HECTAREA",5.7543229,-76.65015147
2015-01-22,"CHOCÓ","RIOSUCIO",2.44,"HECTAREA",7.389887937,-77.24067483
2015-01-23,"VALLE DEL CAUCA","DAGUA",48.96,"HECTAREA",3.649822218,-76.72039347
2015-01-23,"VALLE DEL CAUCA","YOTOCO",21.23,"HECTAREA",3.904130354,-76.39080435
2015-01-27,"CAQUETÁ","CARTAGENA DEL CHAIRA",28.06,"HECTAREA",0.647693081,-74.27235499
2015-01-27,"CAQUETÁ","SAN VICENTE DEL CAGUAN",110.96,"HECTAREA",1.308465061,-74.19746971
2015-01-28,"CHOCÓ","BAJO BAUDO",13.62,"HECTAREA",4.492865435,-77.08271352
2015-01-28,"CHOCÓ","ISTMINA",13.63,"HECTAREA",4.586818665,-77.00090737
2015-01-28,"CHOCÓ","NOVITA",20.43,"HECTAREA",4.853386627,-76.61823669
2015-01-30,"CAQUETÁ","SOLANO",12.09,"HECTAREA",0.096131862,-72.32036402
2015-01-30,"CAQUETÁ","VALPARAISO",12.09,"HECTAREA",1.07534915,-75.73779004
2015-01-31,"CHOCÓ","ISTMINA",53.46,"HECTAREA",4.586818665,-77.00090737
2015-01-31,"CHOCÓ","RIO IRO",42.71,"HECTAREA",5.190995015,-76.41996151
2015-01-31,"CHOCÓ","TADO",8.9,"HECTAREA",5.26610158,-76.33109547
2015-01-31,"CHOCÓ","UNION PANAMERICANA",33.82,"HECTAREA",5.281599258,-76.61962746
2015-02-01,"CAQUETÁ","CARTAGENA DEL CHAIRA",84.12,"HECTAREA",0.647693081,-74.27235499
2015-02-01,"CHOCÓ","EL LITORAL DEL SAN JUAN",60.42,"HECTAREA",4.272940191,-76.98785828
2015-02-01,"CHOCÓ","ISTMINA",106.18,"HECTAREA",4.586818665,-77.00090737
2015-02-03,"CAQUETÁ","SOLANO",96.9,"HECTAREA",0.096131862,-72.32036402
2015-02-05,"CAQUETÁ","ALBANIA",13.96,"HECTAREA",1.22786549,-75.88232651
2015-02-05,"CAQUETÁ","CARTAGENA DEL CHAIRA",26.28,"HECTAREA",0.647693081,-74.27235499
2015-02-05,"CAQUETÁ","CURILLO",62.12,"HECTAREA",1.115379292,-75.97328452
2015-02-05,"CAQUETÁ","MILAN",35.7,"HECTAREA",1.146692554,-75.38664764
2015-02-05,"CAQUETÁ","SOLANO",35.71,"HECTAREA",0.096131862,-72.32036402
2015-02-05,"CAQUETÁ","SOLITA",36.02,"HECTAREA",0.943939454,-75.64668544
2015-02-08,"CAQUETÁ","CARTAGENA DEL CHAIRA",86.63,"HECTAREA",0.647693081,-74.27235499
2015-02-09,"CAQUETÁ","CARTAGENA DEL CHAIRA",10.92,"HECTAREA",0.647693081,-74.27235499
2015-02-09,"CAQUETÁ","CURILLO",109.9,"HECTAREA",1.115379292,-75.97328452
2015-02-09,"CAQUETÁ","EL DONCELLO",42.88,"HECTAREA",1.713734697,-75.26878109
2015-02-09,"CAQUETÁ","PUERTO RICO",42.85,"HECTAREA",2.018940891,-75.07308627
2015-02-09,"CAQUETÁ","SAN JOSE DEL FRAGUA",28.59,"HECTAREA",1.304702314,-76.11000594
2015-02-09,"CAUCA","PIAMONTE",28.59,"HECTAREA",1.054128816,-76.4443271
2015-02-10,"CAQUETÁ","CARTAGENA DEL CHAIRA",145.02,"HECTAREA",0.647693081,-74.27235499
2015-02-10,"CAQUETÁ","CURILLO",200.93,"HECTAREA",1.115379292,-75.97328452
2015-02-10,"CAQUETÁ","LA MONTAÑITA",142.28,"HECTAREA",1.302860442,-75.23572732
2015-02-10,"CAQUETÁ","MILAN",59.5,"HECTAREA",1.146692554,-75.38664764
2015-02-10,"CAUCA","LOPEZ",140.45,"HECTAREA",2.95819877,-77.24212158
2015-02-10,"VALLE DEL CAUCA","BUENAVENTURA",22.73,"HECTAREA",3.493340766,-77.11872832
2015-02-11,"CAQUETÁ","EL PAUJIL",140.94,"HECTAREA",1.476630016,-75.20231825
2015-02-11,"CAQUETÁ","LA MONTAÑITA",73.57,"HECTAREA",1.302860442,-75.23572732
2015-02-11,"CAUCA","PIAMONTE",194.08,"HECTAREA",1.054128816,-76.4443271
2015-02-13,"CAQUETÁ","BELEN DE LOS ANDAQUIES",135.55,"HECTAREA",1.536174657,-75.90947504
2015-02-16,"ANTIOQUIA","TARAZA",45.14,"HECTAREA",7.488875998,-75.40189438
2015-02-16,"CAQUETÁ","SOLITA",5.56,"HECTAREA",0.943939454,-75.64668544
2015-02-16,"CÓRDOBA","MONTELIBANO",29.94,"HECTAREA",7.866432635,-75.87533926
2015-02-16,"CÓRDOBA","PUERTO LIBERTADOR",25.55,"HECTAREA",7.711515736,-75.77123224
2015-02-16,"CÓRDOBA","SAN JOSE DE URE",66.06,"HECTAREA",7.753054395,-75.5672474
2015-02-16,"CÓRDOBA","TIERRALTA",55.88,"HECTAREA",7.813896829,-76.16846678
2015-02-17,"ANTIOQUIA","CACERES",196.52,"HECTAREA",7.665155105,-75.22369744
2015-02-17,"ANTIOQUIA","NECHI",9.2,"HECTAREA",7.983477394,-74.65844186
2015-02-18,"ANTIOQUIA","SAN PEDRO DE URABA",15.74,"HECTAREA",8.37915695,-76.31664233
2015-02-18,"ANTIOQUIA","TURBO",67.51,"HECTAREA",8.173851745,-76.5740377
2015-02-18,"CÓRDOBA","TIERRALTA",41.63,"HECTAREA",7.813896829,-76.16846678
2015-02-19,"ANTIOQUIA","EL BAGRE",36.5,"HECTAREA",7.704633351,-74.66427726
2015-02-19,"ANTIOQUIA","ZARAGOZA",108.99,"HECTAREA",7.474004006,-74.85848326
2015-02-19,"CAQUETÁ","EL PAUJIL",88.1,"HECTAREA",1.476630016,-75.20231825
2015-02-19,"CAQUETÁ","LA MONTAÑITA",125.62,"HECTAREA",1.302860442,-75.23572732
2015-02-19,"CAQUETÁ","MILAN",51.2,"HECTAREA",1.146692554,-75.38664764
2015-02-20,"ANTIOQUIA","ANORI",33.76,"HECTAREA",7.193110778,-75.10848954
2015-02-20,"ANTIOQUIA","CACERES",46.33,"HECTAREA",7.665155105,-75.22369744
2015-02-20,"ANTIOQUIA","EL BAGRE",102.84,"HECTAREA",7.704633351,-74.66427726
2015-02-20,"ANTIOQUIA","ZARAGOZA",23.61,"HECTAREA",7.474004006,-74.85848326
2015-02-20,"CAQUETÁ","EL PAUJIL",34.05,"HECTAREA",1.476630016,-75.20231825
2015-02-20,"CAQUETÁ","LA MONTAÑITA",236.27,"HECTAREA",1.302860442,-75.23572732
2015-02-20,"CAQUETÁ","MILAN",32.87,"HECTAREA",1.146692554,-75.38664764
2015-02-20,"CÓRDOBA","MONTELIBANO",163.69,"HECTAREA",7.866432635,-75.87533926
2015-02-20,"CÓRDOBA","PUERTO LIBERTADOR",28.85,"HECTAREA",7.711515736,-75.77123224
2015-02-21,"CAQUETÁ","EL DONCELLO",45.2,"HECTAREA",1.713734697,-75.26878109
2015-02-21,"CAQUETÁ","LA MONTAÑITA",209.1,"HECTAREA",1.302860442,-75.23572732
2015-02-22,"ANTIOQUIA","EL BAGRE",134.6,"HECTAREA",7.704633351,-74.66427726
2015-02-22,"CAQUETÁ","PUERTO RICO",62,"HECTAREA",2.018940891,-75.07308627
2015-02-23,"ANTIOQUIA","EL BAGRE",67.63,"HECTAREA",7.704633351,-74.66427726
2015-02-23,"ANTIOQUIA","REMEDIOS",22.67,"HECTAREA",6.997267375,-74.55865652
2015-02-23,"ANTIOQUIA","SEGOVIA",22.46,"HECTAREA",7.26692339,-74.62163926
2015-02-23,"CAQUETÁ","LA MONTAÑITA",57.42,"HECTAREA",1.302860442,-75.23572732
2015-02-23,"CÓRDOBA","MONTELIBANO",30.91,"HECTAREA",7.866432635,-75.87533926
2015-02-23,"CÓRDOBA","PUERTO LIBERTADOR",54.48,"HECTAREA",7.711515736,-75.77123224
2015-02-24,"ANTIOQUIA","APARTADO",20.36,"HECTAREA",7.86047815,-76.58236264
2015-02-24,"ANTIOQUIA","TURBO",131.33,"HECTAREA",8.173851745,-76.5740377
2015-02-24,"CÓRDOBA","TIERRALTA",10.18,"HECTAREA",7.813896829,-76.16846678
2015-02-24,"CÓRDOBA","VALENCIA",10.18,"HECTAREA",8.219904128,-76.2213286
2015-02-26,"ANTIOQUIA","CACERES",161.62,"HECTAREA",7.665155105,-75.22369744
2015-02-26,"ANTIOQUIA","TARAZA",20.95,"HECTAREA",7.488875998,-75.40189438
2015-02-26,"CAQUETÁ","EL PAUJIL",113.73,"HECTAREA",1.476630016,-75.20231825
2015-02-27,"ANTIOQUIA","SEGOVIA",78.81,"HECTAREA",7.26692339,-74.62163926
2015-03-01,"ANTIOQUIA","SEGOVIA",70.82,"HECTAREA",7.26692339,-74.62163926
2015-03-01,"ANTIOQUIA","TARAZA",129.74,"HECTAREA",7.488875998,-75.40189438
2015-03-02,"ANTIOQUIA","TARAZA",99.71,"HECTAREA",7.488875998,-75.40189438
2015-03-02,"CÓRDOBA","SAN JOSE DE URE",33.89,"HECTAREA",7.753054395,-75.5672474
2015-03-02,"META","LA MACARENA",267.31,"HECTAREA",2.161863917,-74.09488076
2015-03-03,"ANTIOQUIA","AMALFI",18.96,"HECTAREA",6.977788843,-74.9812393
2015-03-03,"ANTIOQUIA","REMEDIOS",64.31,"HECTAREA",6.997267375,-74.55865652
2015-03-03,"META","LA MACARENA",191.7,"HECTAREA",2.161863917,-74.09488076
2015-03-04,"ANTIOQUIA","TARAZA",129.02,"HECTAREA",7.488875998,-75.40189438
2015-03-04,"CAQUETÁ","SAN VICENTE DEL CAGUAN",80.71,"HECTAREA",1.308465061,-74.19746971
2015-03-04,"META","LA MACARENA",137.93,"HECTAREA",2.161863917,-74.09488076
2015-03-05,"CAQUETÁ","SAN VICENTE DEL CAGUAN",36.95,"HECTAREA",1.308465061,-74.19746971
2015-03-05,"META","LA MACARENA",153.03,"HECTAREA",2.161863917,-74.09488076
2015-03-08,"ANTIOQUIA","ITUANGO",27.04,"HECTAREA",7.341549718,-75.67842277
2015-03-08,"ANTIOQUIA","TARAZA",56.83,"HECTAREA",7.488875998,-75.40189438
2015-03-08,"ANTIOQUIA","VALDIVIA",29.8,"HECTAREA",7.265404213,-75.40094502
2015-03-12,"CAQUETÁ","CARTAGENA DEL CHAIRA",67.08,"HECTAREA",0.647693081,-74.27235499
2015-03-12,"CAQUETÁ","EL PAUJIL",26.22,"HECTAREA",1.476630016,-75.20231825
2015-03-15,"CAQUETÁ","SOLANO",105.74,"HECTAREA",0.096131862,-72.32036402
2015-03-16,"ANTIOQUIA","AMALFI",41.12,"HECTAREA",6.977788843,-74.9812393
2015-03-16,"ANTIOQUIA","ANGOSTURA",52.35,"HECTAREA",6.861498764,-75.358316
2015-03-16,"ANTIOQUIA","SEGOVIA",5.54,"HECTAREA",7.26692339,-74.62163926
2015-03-16,"CAQUETÁ","EL PAUJIL",70.88,"HECTAREA",1.476630016,-75.20231825
2015-03-17,"CAQUETÁ","SOLANO",159.51,"HECTAREA",0.096131862,-72.32036402
2015-03-19,"BOLÍVAR","ACHI",59.25,"HECTAREA",8.622943262,-74.47805945
2015-03-19,"BOLÍVAR","MONTECRISTO",20.39,"HECTAREA",8.01710024,-74.46342911
2015-03-19,"BOLÍVAR","SAN JACINTO DEL CAUCA",20.39,"HECTAREA",8.212463202,-74.75082
2015-03-19,"BOLÍVAR","TIQUISIO",20.39,"HECTAREA",8.492345176,-74.29676139
2015-03-19,"CAQUETÁ","PUERTO RICO",92.03,"HECTAREA",2.018940891,-75.07308627
2015-03-19,"CAQUETÁ","SOLANO",78.9,"HECTAREA",0.096131862,-72.32036402
2015-03-21,"CAQUETÁ","CARTAGENA DEL CHAIRA",33.7,"HECTAREA",0.647693081,-74.27235499
2015-03-21,"CAQUETÁ","EL PAUJIL",169.16,"HECTAREA",1.476630016,-75.20231825
2015-03-21,"CAQUETÁ","PUERTO RICO",47.28,"HECTAREA",2.018940891,-75.07308627
2015-03-21,"CAQUETÁ","SAN VICENTE DEL CAGUAN",75.85,"HECTAREA",1.308465061,-74.19746971
2015-03-22,"BOLÍVAR","ACHI",7.98,"HECTAREA",8.622943262,-74.47805945
2015-03-22,"BOLÍVAR","TIQUISIO",50.48,"HECTAREA",8.492345176,-74.29676139
2015-03-22,"CAQUETÁ","LA MONTAÑITA",0.28,"HECTAREA",1.302860442,-75.23572732
2015-03-23,"BOLÍVAR","NOROSI",9.24,"HECTAREA",8.50613476,-74.11588912
2015-03-23,"BOLÍVAR","RIO VIEJO",32.5,"HECTAREA",8.559982465,-73.90298668
2015-03-23,"BOLÍVAR","TIQUISIO",75.93,"HECTAREA",8.492345176,-74.29676139
2015-03-24,"META","LA MACARENA",139.61,"HECTAREA",2.161863917,-74.09488076
2015-03-25,"ANTIOQUIA","ANORI",30.1,"HECTAREA",7.193110778,-75.10848954
2015-03-25,"ANTIOQUIA","CACERES",84.61,"HECTAREA",7.665155105,-75.22369744
2015-03-25,"ANTIOQUIA","TARAZA",59.88,"HECTAREA",7.488875998,-75.40189438
2015-03-25,"ANTIOQUIA","VALDIVIA",55.48,"HECTAREA",7.265404213,-75.40094502
2015-03-26,"META","LA MACARENA",167.46,"HECTAREA",2.161863917,-74.09488076
2015-03-27,"CAQUETÁ","CARTAGENA DEL CHAIRA",1.84,"HECTAREA",0.647693081,-74.27235499
2015-03-28,"ANTIOQUIA","CACERES",115.37,"HECTAREA",7.665155105,-75.22369744
2015-03-30,"ANTIOQUIA","CACERES",26.16,"HECTAREA",7.665155105,-75.22369744
2015-03-30,"ANTIOQUIA","TARAZA",80.96,"HECTAREA",7.488875998,-75.40189438
2015-03-30,"CAUCA","PIAMONTE",127.22,"HECTAREA",1.054128816,-76.4443271
2015-03-31,"BOLÍVAR","MONTECRISTO",142.47,"HECTAREA",8.01710024,-74.46342911
2015-03-31,"BOLÍVAR","SAN PABLO",111.9,"HECTAREA",7.507922612,-74.10356977
2015-03-31,"BOLÍVAR","SANTA ROSA DEL SUR",16.15,"HECTAREA",7.772519173,-74.26272843
2015-03-31,"CAQUETÁ","MILAN",124.66,"HECTAREA",1.146692554,-75.38664764
2015-04-01,"ANTIOQUIA","ANORI",26.77,"HECTAREA",7.193110778,-75.10848954
2015-04-01,"ANTIOQUIA","CAICEDO",77.39,"HECTAREA",6.423463639,-75.99351498
2015-04-04,"BOLÍVAR","MONTECRISTO",79.22,"HECTAREA",8.01710024,-74.46342911
2015-04-04,"BOLÍVAR","SAN JACINTO",28.62,"HECTAREA",9.835362011,-75.10609201
2015-04-05,"ANTIOQUIA","TARAZA",97.95,"HECTAREA",7.488875998,-75.40189438
2015-04-05,"CAQUETÁ","SAN JOSE DEL FRAGUA",369.99,"HECTAREA",1.304702314,-76.11000594
2015-04-06,"ANTIOQUIA","TARAZA",50.27,"HECTAREA",7.488875998,-75.40189438
2015-04-06,"ANTIOQUIA","VALDIVIA",56.43,"HECTAREA",7.265404213,-75.40094502
2015-04-07,"BOLÍVAR","SIMITI",135.46,"HECTAREA",7.851315534,-73.98371609
2015-04-09,"ANTIOQUIA","EL BAGRE",9.99,"HECTAREA",7.704633351,-74.66427726
2015-04-09,"BOLÍVAR","MONTECRISTO",4.67,"HECTAREA",8.01710024,-74.46342911
2015-04-09,"BOLÍVAR","SAN PABLO",99.4,"HECTAREA",7.507922612,-74.10356977
2015-04-09,"BOLÍVAR","SANTA ROSA DEL SUR",23.9,"HECTAREA",7.772519173,-74.26272843
2015-04-09,"CAUCA","PIAMONTE",431.95,"HECTAREA",1.054128816,-76.4443271
2015-04-10,"BOLÍVAR","SANTA ROSA DEL SUR",85.84,"HECTAREA",7.772519173,-74.26272843
2015-04-11,"BOLÍVAR","SANTA ROSA DEL SUR",42.12,"HECTAREA",7.772519173,-74.26272843
2015-04-11,"BOLÍVAR","SIMITI",6.4,"HECTAREA",7.851315534,-73.98371609
2015-04-13,"BOLÍVAR","CANTAGALLO",136.65,"HECTAREA",7.239229146,-74.10014043
2015-04-14,"ANTIOQUIA","EL BAGRE",59.64,"HECTAREA",7.704633351,-74.66427726
2015-04-14,"ANTIOQUIA","NECHI",49.9,"HECTAREA",7.983477394,-74.65844186
2015-04-15,"CAQUETÁ","SAN VICENTE DEL CAGUAN",93.76,"HECTAREA",1.308465061,-74.19746971
2015-04-15,"META","LA MACARENA",116.25,"HECTAREA",2.161863917,-74.09488076
2015-04-17,"ANTIOQUIA","TARAZA",99.31,"HECTAREA",7.488875998,-75.40189438
2015-04-18,"ANTIOQUIA","ITUANGO",49.13,"HECTAREA",7.341549718,-75.67842277
2015-04-18,"ANTIOQUIA","TARAZA",58.95,"HECTAREA",7.488875998,-75.40189438
2015-04-18,"META","LA MACARENA",175.21,"HECTAREA",2.161863917,-74.09488076
2015-04-20,"ANTIOQUIA","ANORI",66.4,"HECTAREA",7.193110778,-75.10848954
2015-04-20,"BOLÍVAR","SANTA ROSA DEL SUR",8.72,"HECTAREA",7.772519173,-74.26272843
2015-04-20,"BOLÍVAR","SIMITI",2.76,"HECTAREA",7.851315534,-73.98371609
2015-04-27,"ANTIOQUIA","APARTADO",6.2,"HECTAREA",7.86047815,-76.58236264
2015-04-27,"CAQUETÁ","CARTAGENA DEL CHAIRA",15.07,"HECTAREA",0.647693081,-74.27235499
2015-04-27,"CAQUETÁ","PUERTO RICO",16.37,"HECTAREA",2.018940891,-75.07308627
2015-04-27,"CÓRDOBA","TIERRALTA",30.08,"HECTAREA",7.813896829,-76.16846678
2015-04-27,"CÓRDOBA","VALENCIA",17.69,"HECTAREA",8.219904128,-76.2213286
2015-04-28,"ANTIOQUIA","ITUANGO",20.41,"HECTAREA",7.341549718,-75.67842277
2015-04-28,"CAQUETÁ","CARTAGENA DEL CHAIRA",117.47,"HECTAREA",0.647693081,-74.27235499
2015-04-28,"CAQUETÁ","FLORENCIA",18.23,"HECTAREA",1.749138704,-75.55823906
2015-04-28,"CAQUETÁ","LA MONTAÑITA",45.91,"HECTAREA",1.302860442,-75.23572732
2015-04-28,"CAQUETÁ","MILAN",35.74,"HECTAREA",1.146692554,-75.38664764
2015-04-28,"CAQUETÁ","PUERTO RICO",20.43,"HECTAREA",2.018940891,-75.07308627
2015-04-29,"CAQUETÁ","CARTAGENA DEL CHAIRA",114.99,"HECTAREA",0.647693081,-74.27235499
2015-04-29,"CAQUETÁ","LA MONTAÑITA",58.23,"HECTAREA",1.302860442,-75.23572732
2015-05-01,"CAQUETÁ","CARTAGENA DEL CHAIRA",69.42,"HECTAREA",0.647693081,-74.27235499
2015-05-01,"CAQUETÁ","LA MONTAÑITA",12.28,"HECTAREA",1.302860442,-75.23572732
2015-05-02,"CAQUETÁ","BELEN DE LOS ANDAQUIES",16.3,"HECTAREA",1.536174657,-75.90947504
2015-05-02,"CAQUETÁ","CURILLO",6.79,"HECTAREA",1.115379292,-75.97328452
2015-05-02,"CAQUETÁ","LA MONTAÑITA",30.02,"HECTAREA",1.302860442,-75.23572732
2015-05-02,"CAQUETÁ","SAN JOSE DEL FRAGUA",46.69,"HECTAREA",1.304702314,-76.11000594
2015-05-02,"CAUCA","PIAMONTE",16.56,"HECTAREA",1.054128816,-76.4443271
2015-05-03,"META","LA MACARENA",59.17,"HECTAREA",2.161863917,-74.09488076
2015-05-05,"CAQUETÁ","CARTAGENA DEL CHAIRA",7.43,"HECTAREA",0.647693081,-74.27235499
2015-05-05,"CAQUETÁ","SAN VICENTE DEL CAGUAN",49.02,"HECTAREA",1.308465061,-74.19746971
2015-05-05,"CAQUETÁ","SOLANO",26.34,"HECTAREA",0.096131862,-72.32036402
2015-05-06,"CAQUETÁ","MILAN",12.59,"HECTAREA",1.146692554,-75.38664764
2015-05-06,"CAQUETÁ","SOLITA",7.98,"HECTAREA",0.943939454,-75.64668544
2015-05-06,"CAQUETÁ","VALPARAISO",4.62,"HECTAREA",1.07534915,-75.73779004
2015-05-07,"PUTUMAYO","PUERTO GUZMAN",56.58,"HECTAREA",0.746432215,-75.88022979
2015-05-10,"NARIÑO","MAGUI",112.12,"HECTAREA",1.906858429,-78.04473644
2015-05-11,"PUTUMAYO","PUERTO CAICEDO",13.44,"HECTAREA",0.70416861,-76.49864415
2015-05-11,"PUTUMAYO","PUERTO GUZMAN",101.55,"HECTAREA",0.746432215,-75.88022979
2015-05-12,"NARIÑO","EL CHARCO",18.45,"HECTAREA",2.216382295,-77.99533234
2015-05-12,"NARIÑO","EL ROSARIO",39.4,"HECTAREA",1.887689437,-77.48319589
2015-05-12,"NARIÑO","MAGUI",39.39,"HECTAREA",1.906858429,-78.04473644
2015-05-12,"NARIÑO","SAN ANDRES DE TUMACO",20.94,"HECTAREA",1.574550638,-78.61540963
2015-05-12,"PUTUMAYO","ORITO",14.72,"HECTAREA",0.673756323,-76.94313923
2015-05-12,"PUTUMAYO","PUERTO CAICEDO",30.38,"HECTAREA",0.70416861,-76.49864415
2015-05-12,"PUTUMAYO","VILLAGARZON",52.74,"HECTAREA",0.911149515,-76.74495447
2015-05-13,"NARIÑO","MAGUI",87.54,"HECTAREA",1.906858429,-78.04473644
2015-05-13,"NARIÑO","ROBERTO PAYAN",91.22,"HECTAREA",1.897581156,-78.3811163
2015-05-14,"NARIÑO","BARBACOAS",57.43,"HECTAREA",1.44563774,-78.15621072
2015-05-14,"NARIÑO","MAGUI",29.79,"HECTAREA",1.906858429,-78.04473644
2015-05-14,"NARIÑO","ROBERTO PAYAN",85.67,"HECTAREA",1.897581156,-78.3811163
2015-05-19,"NARIÑO","ROBERTO PAYAN",107.11,"HECTAREA",1.897581156,-78.3811163
2015-05-19,"NARIÑO","SAN ANDRES DE TUMACO",54.14,"HECTAREA",1.574550638,-78.61540963
2015-05-19,"PUTUMAYO","PUERTO ASIS",224.98,"HECTAREA",0.433884539,-76.52158203
2015-05-19,"PUTUMAYO","PUERTO CAICEDO",198.6,"HECTAREA",0.70416861,-76.49864415
2015-05-21,"NARIÑO","FRANCISCO PIZARRO",31.44,"HECTAREA",2.088531925,-78.59193099
2015-05-21,"NARIÑO","MAGUI",14.9,"HECTAREA",1.906858429,-78.04473644
2015-05-21,"NARIÑO","ROBERTO PAYAN",64.34,"HECTAREA",1.897581156,-78.3811163
2015-05-21,"NARIÑO","SAN ANDRES DE TUMACO",75.84,"HECTAREA",1.574550638,-78.61540963
2015-05-22,"NARIÑO","EL CHARCO",98.2,"HECTAREA",2.216382295,-77.99533234
2015-05-22,"NARIÑO","FRANCISCO PIZARRO",12.26,"HECTAREA",2.088531925,-78.59193099
2015-05-22,"NARIÑO","MOSQUERA",28.66,"HECTAREA",2.442493698,-78.438827
2015-05-22,"NARIÑO","ROBERTO PAYAN",5.32,"HECTAREA",1.897581156,-78.3811163
2015-05-22,"NARIÑO","SAN ANDRES DE TUMACO",21.39,"HECTAREA",1.574550638,-78.61540963
2015-05-22,"NARIÑO","SANTA BARBARA",56.78,"HECTAREA",2.494420411,-77.98256461
2015-05-23,"NARIÑO","EL CHARCO",34.67,"HECTAREA",2.216382295,-77.99533234
2015-05-23,"NARIÑO","LA TOLA",18.54,"HECTAREA",2.56027333,-78.23506694
2015-05-23,"NARIÑO","MOSQUERA",104.58,"HECTAREA",2.442493698,-78.438827
2015-05-24,"PUTUMAYO","PUERTO CAICEDO",26.04,"HECTAREA",0.70416861,-76.49864415
2015-05-24,"PUTUMAYO","PUERTO GUZMAN",37.09,"HECTAREA",0.746432215,-75.88022979
2015-05-24,"PUTUMAYO","VILLAGARZON",123.26,"HECTAREA",0.911149515,-76.74495447
2015-05-25,"NARIÑO","EL CHARCO",206.07,"HECTAREA",2.216382295,-77.99533234
2015-05-25,"NARIÑO","OLAYA HERRERA",8.44,"HECTAREA",2.287856547,-78.31219024
2015-05-25,"NARIÑO","SANTA BARBARA",33.82,"HECTAREA",2.494420411,-77.98256461
2015-05-26,"NARIÑO","MAGUI",93.16,"HECTAREA",1.906858429,-78.04473644
2015-05-28,"NARIÑO","EL CHARCO",67.29,"HECTAREA",2.216382295,-77.99533234
2015-05-28,"NARIÑO","MAGUI",70.87,"HECTAREA",1.906858429,-78.04473644
2015-05-28,"NARIÑO","ROBERTO PAYAN",35.12,"HECTAREA",1.897581156,-78.3811163
2015-05-28,"NARIÑO","SAN ANDRES DE TUMACO",70.21,"HECTAREA",1.574550638,-78.61540963
2015-05-29,"CAUCA","GUAPI",5.47,"HECTAREA",2.41326696,-77.69047531
2015-05-29,"NARIÑO","SAN ANDRES DE TUMACO",56.46,"HECTAREA",1.574550638,-78.61540963
2015-05-29,"NARIÑO","SANTA BARBARA",52.86,"HECTAREA",2.494420411,-77.98256461
2015-05-30,"NARIÑO","LOS ANDES",21.8,"HECTAREA",1.672601269,-77.71054449
2015-05-30,"NARIÑO","MAGUI",66.82,"HECTAREA",1.906858429,-78.04473644
2015-05-30,"PUTUMAYO","ORITO",82.33,"HECTAREA",0.673756323,-76.94313923
2015-05-30,"PUTUMAYO","PUERTO CAICEDO",63.68,"HECTAREA",0.70416861,-76.49864415
2015-05-30,"PUTUMAYO","VILLAGARZON",74.66,"HECTAREA",0.911149515,-76.74495447
2015-06-01,"NARIÑO","EL CHARCO",33.23,"HECTAREA",2.216382295,-77.99533234
2015-06-01,"NARIÑO","LA TOLA",99.99,"HECTAREA",2.56027333,-78.23506694
2015-06-01,"NARIÑO","OLAYA HERRERA",65.48,"HECTAREA",2.287856547,-78.31219024
2015-06-01,"NARIÑO","SAN ANDRES DE TUMACO",136.7,"HECTAREA",1.574550638,-78.61540963
2015-06-01,"PUTUMAYO","ORITO",223.69,"HECTAREA",0.673756323,-76.94313923
2015-06-02,"NARIÑO","SAN ANDRES DE TUMACO",177.61,"HECTAREA",1.574550638,-78.61540963
2015-06-02,"PUTUMAYO","ORITO",141.7,"HECTAREA",0.673756323,-76.94313923
2015-06-02,"PUTUMAYO","PUERTO ASIS",21.82,"HECTAREA",0.433884539,-76.52158203
2015-06-06,"NARIÑO","OLAYA HERRERA",20.14,"HECTAREA",2.287856547,-78.31219024
2015-06-06,"NARIÑO","ROBERTO PAYAN",69.48,"HECTAREA",1.897581156,-78.3811163
2015-06-06,"NARIÑO","SAN ANDRES DE TUMACO",56.62,"HECTAREA",1.574550638,-78.61540963
2015-06-06,"PUTUMAYO","ORITO",19.17,"HECTAREA",0.673756323,-76.94313923
2015-06-07,"PUTUMAYO","PUERTO ASIS",47.17,"HECTAREA",0.433884539,-76.52158203
2015-06-07,"PUTUMAYO","PUERTO CAICEDO",178.09,"HECTAREA",0.70416861,-76.49864415
2015-06-09,"PUTUMAYO","PUERTO CAICEDO",35.38,"HECTAREA",0.70416861,-76.49864415
2015-06-09,"PUTUMAYO","PUERTO GUZMAN",87.5,"HECTAREA",0.746432215,-75.88022979
2015-06-09,"PUTUMAYO","VILLAGARZON",96.22,"HECTAREA",0.911149515,-76.74495447
2015-06-10,"PUTUMAYO","VALLE DEL GUAMUEZ",102.81,"HECTAREA",0.42012589,-76.77067026
2015-06-11,"NARIÑO","SAN ANDRES DE TUMACO",117.59,"HECTAREA",1.574550638,-78.61540963
2015-06-11,"PUTUMAYO","ORITO",22.9,"HECTAREA",0.673756323,-76.94313923
2015-06-11,"PUTUMAYO","PUERTO ASIS",20.67,"HECTAREA",0.433884539,-76.52158203
2015-06-11,"PUTUMAYO","PUERTO CAICEDO",147.69,"HECTAREA",0.70416861,-76.49864415
2015-06-11,"PUTUMAYO","SAN MIGUEL",45.08,"HECTAREA",0.272449048,-76.84510459
2015-06-11,"PUTUMAYO","VALLE DEL GUAMUEZ",42.04,"HECTAREA",0.42012589,-76.77067026
2015-06-12,"NARIÑO","EL CHARCO",164.46,"HECTAREA",2.216382295,-77.99533234
2015-06-12,"PUTUMAYO","ORITO",47.74,"HECTAREA",0.673756323,-76.94313923
2015-06-12,"PUTUMAYO","PUERTO ASIS",53.14,"HECTAREA",0.433884539,-76.52158203
2015-06-13,"NARIÑO","EL CHARCO",179.7,"HECTAREA",2.216382295,-77.99533234
2015-06-13,"NARIÑO","LA TOLA",28.69,"HECTAREA",2.56027333,-78.23506694
2015-06-13,"NARIÑO","OLAYA HERRERA",29.75,"HECTAREA",2.287856547,-78.31219024
2015-06-13,"NARIÑO","ROBERTO PAYAN",121.02,"HECTAREA",1.897581156,-78.3811163
2015-06-14,"PUTUMAYO","PUERTO ASIS",261.26,"HECTAREA",0.433884539,-76.52158203
2015-06-14,"PUTUMAYO","PUERTO CAICEDO",70.93,"HECTAREA",0.70416861,-76.49864415
2015-06-14,"PUTUMAYO","PUERTO GUZMAN",9.42,"HECTAREA",0.746432215,-75.88022979
2015-06-14,"PUTUMAYO","VALLE DEL GUAMUEZ",82.31,"HECTAREA",0.42012589,-76.77067026
2015-06-15,"NARIÑO","EL CHARCO",176.81,"HECTAREA",2.216382295,-77.99533234
2015-06-15,"NARIÑO","SAN ANDRES DE TUMACO",9.91,"HECTAREA",1.574550638,-78.61540963
2015-06-17,"NARIÑO","EL CHARCO",185.42,"HECTAREA",2.216382295,-77.99533234
2015-06-17,"PUTUMAYO","PUERTO ASIS",6.51,"HECTAREA",0.433884539,-76.52158203
2015-06-17,"PUTUMAYO","VALLE DEL GUAMUEZ",3.84,"HECTAREA",0.42012589,-76.77067026
2015-06-19,"CAUCA","GUAPI",9.53,"HECTAREA",2.41326696,-77.69047531
2015-06-19,"NARIÑO","EL CHARCO",3.39,"HECTAREA",2.216382295,-77.99533234
2015-06-19,"NARIÑO","MAGUI",9.52,"HECTAREA",1.906858429,-78.04473644
2015-06-19,"NARIÑO","SANTA BARBARA",16.29,"HECTAREA",2.494420411,-77.98256461
2015-06-21,"CAUCA","GUAPI",91.92,"HECTAREA",2.41326696,-77.69047531
2015-06-21,"CAUCA","TIMBIQUI",62.77,"HECTAREA",2.699475127,-77.49131577
2015-06-22,"CAUCA","GUAPI",131.5,"HECTAREA",2.41326696,-77.69047531
2015-06-22,"CAUCA","LOPEZ",18.7,"HECTAREA",2.95819877,-77.24212158
2015-06-22,"CAUCA","TIMBIQUI",207.78,"HECTAREA",2.699475127,-77.49131577
2015-06-22,"PUTUMAYO","ORITO",81.95,"HECTAREA",0.673756323,-76.94313923
2015-06-22,"PUTUMAYO","VALLE DEL GUAMUEZ",11.35,"HECTAREA",0.42012589,-76.77067026
2015-06-23,"NARIÑO","BARBACOAS",64.98,"HECTAREA",1.44563774,-78.15621072
2015-06-23,"NARIÑO","ROBERTO PAYAN",83.01,"HECTAREA",1.897581156,-78.3811163
2015-06-23,"NARIÑO","SAN ANDRES DE TUMACO",18.57,"HECTAREA",1.574550638,-78.61540963
2015-06-23,"PUTUMAYO","ORITO",62.87,"HECTAREA",0.673756323,-76.94313923
2015-06-23,"PUTUMAYO","PUERTO ASIS",45.45,"HECTAREA",0.433884539,-76.52158203
2015-06-23,"PUTUMAYO","PUERTO CAICEDO",53.36,"HECTAREA",0.70416861,-76.49864415
2015-06-25,"NARIÑO","BARBACOAS",39.62,"HECTAREA",1.44563774,-78.15621072
2015-06-25,"NARIÑO","MAGUI",123.33,"HECTAREA",1.906858429,-78.04473644
2015-06-25,"NARIÑO","ROBERTO PAYAN",19.81,"HECTAREA",1.897581156,-78.3811163
2015-06-27,"PUTUMAYO","SAN MIGUEL",33.27,"HECTAREA",0.272449048,-76.84510459
2015-06-27,"PUTUMAYO","VALLE DEL GUAMUEZ",115.05,"HECTAREA",0.42012589,-76.77067026
2015-06-29,"NARIÑO","BARBACOAS",59.04,"HECTAREA",1.44563774,-78.15621072
2015-06-29,"NARIÑO","LA LLANADA",44.81,"HECTAREA",1.541847847,-77.61781608
2015-06-29,"NARIÑO","LOS ANDES",30.11,"HECTAREA",1.672601269,-77.71054449
2015-06-29,"NARIÑO","MAGUI",14.68,"HECTAREA",1.906858429,-78.04473644
2015-06-29,"NARIÑO","SAMANIEGO",36.87,"HECTAREA",1.430555262,-77.69179559
2015-06-29,"PUTUMAYO","ORITO",45.13,"HECTAREA",0.673756323,-76.94313923
2015-06-29,"PUTUMAYO","VALLE DEL GUAMUEZ",192.75,"HECTAREA",0.42012589,-76.77067026
2015-06-30,"NARIÑO","EL CHARCO",118.31,"HECTAREA",2.216382295,-77.99533234
2015-06-30,"NARIÑO","LA TOLA",59.55,"HECTAREA",2.56027333,-78.23506694
2015-06-30,"PUTUMAYO","VALLE DEL GUAMUEZ",223.19,"HECTAREA",0.42012589,-76.77067026
2015-07-01,"NARIÑO","IPIALES",113.07,"HECTAREA",0.497708465,-77.24047625
2015-07-01,"PUTUMAYO","ORITO",60.88,"HECTAREA",0.673756323,-76.94313923
2015-07-01,"PUTUMAYO","VALLE DEL GUAMUEZ",19.69,"HECTAREA",0.42012589,-76.77067026
2015-07-03,"CAUCA","GUAPI",15.06,"HECTAREA",2.41326696,-77.69047531
2015-07-03,"NARIÑO","EL CHARCO",85.36,"HECTAREA",2.216382295,-77.99533234
2015-07-03,"NARIÑO","LA TOLA",17.86,"HECTAREA",2.56027333,-78.23506694
2015-07-03,"NARIÑO","MAGUI",0.66,"HECTAREA",1.906858429,-78.04473644
2015-07-03,"NARIÑO","OLAYA HERRERA",4.88,"HECTAREA",2.287856547,-78.31219024
2015-07-03,"NARIÑO","SANTA BARBARA",15.07,"HECTAREA",2.494420411,-77.98256461
2015-07-03,"PUTUMAYO","ORITO",37.46,"HECTAREA",0.673756323,-76.94313923
2015-07-03,"PUTUMAYO","PUERTO ASIS",116.13,"HECTAREA",0.433884539,-76.52158203
2015-07-03,"PUTUMAYO","PUERTO CAICEDO",2.01,"HECTAREA",0.70416861,-76.49864415
2015-07-03,"PUTUMAYO","VALLE DEL GUAMUEZ",40,"HECTAREA",0.42012589,-76.77067026
2015-07-08,"CAUCA","GUAPI",40.67,"HECTAREA",2.41326696,-77.69047531
2015-07-08,"NARIÑO","ROBERTO PAYAN",71.31,"HECTAREA",1.897581156,-78.3811163
2015-07-08,"NARIÑO","SAN ANDRES DE TUMACO",49.62,"HECTAREA",1.574550638,-78.61540963
2015-07-08,"NARIÑO","SANTA BARBARA",18.11,"HECTAREA",2.494420411,-77.98256461
2015-07-10,"PUTUMAYO","ORITO",99.8,"HECTAREA",0.673756323,-76.94313923
2015-07-10,"PUTUMAYO","PUERTO ASIS",19.6,"HECTAREA",0.433884539,-76.52158203
2015-07-10,"PUTUMAYO","PUERTO CAICEDO",39.19,"HECTAREA",0.70416861,-76.49864415
2015-07-13,"NARIÑO","BARBACOAS",9.51,"HECTAREA",1.44563774,-78.15621072
2015-07-13,"NARIÑO","LA TOLA",66.31,"HECTAREA",2.56027333,-78.23506694
2015-07-13,"NARIÑO","MAGUI",14.27,"HECTAREA",1.906858429,-78.04473644
2015-07-13,"NARIÑO","OLAYA HERRERA",3.5,"HECTAREA",2.287856547,-78.31219024
2015-07-13,"NARIÑO","ROBERTO PAYAN",3.5,"HECTAREA",1.897581156,-78.3811163
2015-07-13,"NARIÑO","SAN ANDRES DE TUMACO",135.65,"HECTAREA",1.574550638,-78.61540963
2015-07-14,"PUTUMAYO","VALLE DEL GUAMUEZ",321.1,"HECTAREA",0.42012589,-76.77067026
2015-07-16,"CAUCA","LOPEZ",64.86,"HECTAREA",2.95819877,-77.24212158
2015-07-16,"CAUCA","TIMBIQUI",47.45,"HECTAREA",2.699475127,-77.49131577
2015-07-17,"PUTUMAYO","ORITO",70.51,"HECTAREA",0.673756323,-76.94313923
2015-07-17,"PUTUMAYO","VALLE DEL GUAMUEZ",97.27,"HECTAREA",0.42012589,-76.77067026
2015-07-18,"PUTUMAYO","VALLE DEL GUAMUEZ",151.18,"HECTAREA",0.42012589,-76.77067026
2015-07-19,"PUTUMAYO","PUERTO ASIS",138.27,"HECTAREA",0.433884539,-76.52158203
2015-07-19,"PUTUMAYO","SAN MIGUEL",276.54,"HECTAREA",0.272449048,-76.84510459
2015-07-20,"CAUCA","EL TAMBO",17.06,"HECTAREA",2.534488312,-77.00511207
2015-07-20,"CAUCA","LOPEZ",84.24,"HECTAREA",2.95819877,-77.24212158
2015-07-20,"PUTUMAYO","PUERTO ASIS",106.71,"HECTAREA",0.433884539,-76.52158203
2015-07-21,"NARIÑO","OLAYA HERRERA",18.44,"HECTAREA",2.287856547,-78.31219024
2015-07-21,"NARIÑO","ROBERTO PAYAN",18.36,"HECTAREA",1.897581156,-78.3811163
2015-07-21,"NARIÑO","SAN ANDRES DE TUMACO",75.73,"HECTAREA",1.574550638,-78.61540963
2015-07-23,"CAUCA","LOPEZ",181.96,"HECTAREA",2.95819877,-77.24212158
2015-07-24,"CAUCA","LOPEZ",111.33,"HECTAREA",2.95819877,-77.24212158
2015-07-25,"CAUCA","EL TAMBO",18.8,"HECTAREA",2.534488312,-77.00511207
2015-07-25,"CAUCA","LOPEZ",142.79,"HECTAREA",2.95819877,-77.24212158
2015-07-25,"VALLE DEL CAUCA","BUENAVENTURA",14.05,"HECTAREA",3.493340766,-77.11872832
2015-07-26,"PUTUMAYO","PUERTO ASIS",153.66,"HECTAREA",0.433884539,-76.52158203
2015-07-29,"PUTUMAYO","VALLE DEL GUAMUEZ",104.82,"HECTAREA",0.42012589,-76.77067026
2015-07-31,"NARIÑO","BARBACOAS",49.05,"HECTAREA",1.44563774,-78.15621072
2015-07-31,"NARIÑO","MAGUI",34.69,"HECTAREA",1.906858429,-78.04473644
2015-07-31,"NARIÑO","OLAYA HERRERA",34.68,"HECTAREA",2.287856547,-78.31219024
2015-07-31,"PUTUMAYO","PUERTO ASIS",149.64,"HECTAREA",0.433884539,-76.52158203
2015-08-03,"PUTUMAYO","PUERTO ASIS",398.05,"HECTAREA",0.433884539,-76.52158203
2015-08-04,"GUAVIARE","SAN JOSE DEL GUAVIARE",16.04,"HECTAREA",2.484286091,-71.91916993
2015-08-04,"META","MAPIRIPAN",34.81,"HECTAREA",3.117523361,-71.93805692
2015-08-04,"PUTUMAYO","PUERTO ASIS",23.07,"HECTAREA",0.433884539,-76.52158203
2015-08-05,"GUAVIARE","CALAMAR",23.1,"HECTAREA",1.613634284,-73.0342639
2015-08-05,"GUAVIARE","MIRAFLORES",99.35,"HECTAREA",1.363974932,-72.01810951
2015-08-06,"META","MAPIRIPAN",61.15,"HECTAREA",3.117523361,-71.93805692
2015-08-06,"META","PUERTO GAITAN",4.43,"HECTAREA",4.005034467,-71.63157429
2015-08-06,"META","PUERTO LLERAS",3.72,"HECTAREA",3.193092925,-73.23671436
2015-08-06,"META","PUERTO RICO",13.52,"HECTAREA",2.758083657,-73.13780171
2015-08-06,"META","SAN JUAN DE ARAMA",9.8,"HECTAREA",3.289851171,-73.81635243
2015-08-06,"META","VISTAHERMOSA",44.28,"HECTAREA",2.811616698,-73.66652234
2015-08-08,"GUAVIARE","SAN JOSE DEL GUAVIARE",60.26,"HECTAREA",2.484286091,-71.91916993
2015-08-08,"META","LA MACARENA",43.24,"HECTAREA",2.161863917,-74.09488076
2015-08-09,"NARIÑO","IPIALES",159.18,"HECTAREA",0.497708465,-77.24047625
2015-08-09,"PUTUMAYO","PUERTO ASIS",24.09,"HECTAREA",0.433884539,-76.52158203
2015-08-09,"PUTUMAYO","VALLE DEL GUAMUEZ",103.95,"HECTAREA",0.42012589,-76.77067026
2015-08-10,"META","LA MACARENA",23.68,"HECTAREA",2.161863917,-74.09488076
2015-08-10,"META","VISTAHERMOSA",47.36,"HECTAREA",2.811616698,-73.66652234
2015-08-10,"PUTUMAYO","PUERTO ASIS",492.51,"HECTAREA",0.433884539,-76.52158203
2015-08-11,"GUAVIARE","MIRAFLORES",116.85,"HECTAREA",1.363974932,-72.01810951
2015-08-11,"PUTUMAYO","PUERTO ASIS",322.91,"HECTAREA",0.433884539,-76.52158203
2015-08-13,"GUAVIARE","SAN JOSE DEL GUAVIARE",87.03,"HECTAREA",2.484286091,-71.91916993
2015-08-16,"GUAVIARE","CALAMAR",52.35,"HECTAREA",1.613634284,-73.0342639
2015-08-16,"GUAVIARE","SAN JOSE DEL GUAVIARE",33.44,"HECTAREA",2.484286091,-71.91916993
2015-08-16,"PUTUMAYO","ORITO",37.9,"HECTAREA",0.673756323,-76.94313923
2015-08-16,"PUTUMAYO","PUERTO ASIS",189.66,"HECTAREA",0.433884539,-76.52158203
2015-08-16,"PUTUMAYO","VILLAGARZON",75.45,"HECTAREA",0.911149515,-76.74495447
2015-08-17,"PUTUMAYO","PUERTO ASIS",239.6,"HECTAREA",0.433884539,-76.52158203
2015-08-17,"PUTUMAYO","PUERTO GUZMAN",58.96,"HECTAREA",0.746432215,-75.88022979
2015-08-17,"PUTUMAYO","LEGUIZAMO",155.37,"HECTAREA",0.05947197,-75.06479327
2015-08-18,"GUAVIARE","SAN JOSE DEL GUAVIARE",40.61,"HECTAREA",2.484286091,-71.91916993
2015-08-18,"PUTUMAYO","LEGUIZAMO",98.74,"HECTAREA",0.05947197,-75.06479327
2015-08-19,"GUAVIARE","SAN JOSE DEL GUAVIARE",56.36,"HECTAREA",2.484286091,-71.91916993
2015-08-19,"PUTUMAYO","PUERTO ASIS",149.08,"HECTAREA",0.433884539,-76.52158203
2015-08-19,"PUTUMAYO","PUERTO CAICEDO",29.76,"HECTAREA",0.70416861,-76.49864415
2015-08-20,"GUAVIARE","EL RETORNO",98.69,"HECTAREA",2.143447362,-72.24364869
2015-08-20,"GUAVIARE","SAN JOSE DEL GUAVIARE",93.23,"HECTAREA",2.484286091,-71.91916993
2015-08-20,"META","MAPIRIPAN",10.31,"HECTAREA",3.117523361,-71.93805692
2015-08-21,"META","PUERTO RICO",47.54,"HECTAREA",2.758083657,-73.13780171
2015-08-22,"GUAVIARE","CALAMAR",33.53,"HECTAREA",1.613634284,-73.0342639
2015-08-22,"GUAVIARE","EL RETORNO",38.98,"HECTAREA",2.143447362,-72.24364869
2015-08-22,"GUAVIARE","SAN JOSE DEL GUAVIARE",33.55,"HECTAREA",2.484286091,-71.91916993
2015-08-23,"GUAVIARE","CALAMAR",16.43,"HECTAREA",1.613634284,-73.0342639
2015-08-23,"GUAVIARE","EL RETORNO",111.08,"HECTAREA",2.143447362,-72.24364869
2015-08-23,"GUAVIARE","SAN JOSE DEL GUAVIARE",6.68,"HECTAREA",2.484286091,-71.91916993
2015-08-24,"GUAVIARE","SAN JOSE DEL GUAVIARE",103.64,"HECTAREA",2.484286091,-71.91916993
2015-08-24,"META","MAPIRIPAN",21.32,"HECTAREA",3.117523361,-71.93805692
2015-08-25,"GUAVIARE","EL RETORNO",110.65,"HECTAREA",2.143447362,-72.24364869
2015-08-25,"GUAVIARE","SAN JOSE DEL GUAVIARE",22.44,"HECTAREA",2.484286091,-71.91916993
2015-08-25,"META","PUERTO CONCORDIA",9.8,"HECTAREA",2.752260112,-72.7210941
2015-08-25,"META","PUERTO RICO",22.44,"HECTAREA",2.758083657,-73.13780171
2015-08-26,"META","PUERTO RICO",26.73,"HECTAREA",2.758083657,-73.13780171
2015-08-26,"META","VISTAHERMOSA",44.6,"HECTAREA",2.811616698,-73.66652234
2015-08-27,"CHOCÓ","CONDOTO",1.45,"HECTAREA",5.070586101,-76.50701751
2015-08-27,"GUAVIARE","CALAMAR",40.73,"HECTAREA",1.613634284,-73.0342639
2015-08-28,"CHOCÓ","MEDIO BAUDO",74.58,"HECTAREA",5.110392243,-76.99593075
2015-08-28,"GUAVIARE","CALAMAR",13.02,"HECTAREA",1.613634284,-73.0342639
2015-08-28,"GUAVIARE","EL RETORNO",4.2,"HECTAREA",2.143447362,-72.24364869
2015-08-28,"GUAVIARE","SAN JOSE DEL GUAVIARE",10.91,"HECTAREA",2.484286091,-71.91916993
2015-08-28,"META","VISTAHERMOSA",139.95,"HECTAREA",2.811616698,-73.66652234
2015-08-29,"CHOCÓ","ALTO BAUDO",7.71,"HECTAREA",5.636740989,-77.0842154
2015-08-29,"CHOCÓ","BAJO BAUDO",8.78,"HECTAREA",4.492865435,-77.08271352
2015-08-29,"CHOCÓ","ISTMINA",32.97,"HECTAREA",4.586818665,-77.00090737
2015-08-29,"CHOCÓ","MEDIO BAUDO",31.32,"HECTAREA",5.110392243,-76.99593075
2015-08-29,"GUAVIARE","CALAMAR",47.48,"HECTAREA",1.613634284,-73.0342639
2015-08-29,"GUAVIARE","MIRAFLORES",8.15,"HECTAREA",1.363974932,-72.01810951
2015-08-31,"CHOCÓ","BAJO BAUDO",28.98,"HECTAREA",4.492865435,-77.08271352
2015-08-31,"CHOCÓ","ISTMINA",12.41,"HECTAREA",4.586818665,-77.00090737
2015-08-31,"CHOCÓ","MEDIO ATRATO",28.99,"HECTAREA",6.033880098,-76.6734697
2015-09-01,"GUAVIARE","CALAMAR",11.48,"HECTAREA",1.613634284,-73.0342639
2015-09-02,"CHOCÓ","CERTEGUI",11.19,"HECTAREA",5.389828229,-76.52264237
2015-09-02,"CHOCÓ","TADO",15.84,"HECTAREA",5.26610158,-76.33109547
2015-09-02,"CHOCÓ","UNION PANAMERICANA",30.3,"HECTAREA",5.281599258,-76.61962746
2015-09-03,"CHOCÓ","NOVITA",167.54,"HECTAREA",4.853386627,-76.61823669
2015-09-03,"GUAVIARE","EL RETORNO",36.46,"HECTAREA",2.143447362,-72.24364869
2015-09-03,"GUAVIARE","SAN JOSE DEL GUAVIARE",32.68,"HECTAREA",2.484286091,-71.91916993
2015-09-03,"META","PUERTO RICO",32,"HECTAREA",2.758083657,-73.13780171
2015-09-03,"META","VISTAHERMOSA",77.83,"HECTAREA",2.811616698,-73.66652234
2015-09-06,"CHOCÓ","EL CANTON DEL SAN PABLO",41.5,"HECTAREA",5.359661967,-76.77255624
2015-09-06,"CHOCÓ","MEDIO BAUDO",21.43,"HECTAREA",5.110392243,-76.99593075
2015-09-06,"CHOCÓ","MEDIO SAN JUAN",21.44,"HECTAREA",4.621182739,-76.80861843
2015-09-06,"CHOCÓ","RIO IRO",3.68,"HECTAREA",5.190995015,-76.41996151
2015-09-06,"CHOCÓ","RIO QUITO",3.67,"HECTAREA",5.567533337,-76.81157084
2015-09-07,"GUAVIARE","SAN JOSE DEL GUAVIARE",13.89,"HECTAREA",2.484286091,-71.91916993
2015-09-07,"META","MAPIRIPAN",9.25,"HECTAREA",3.117523361,-71.93805692
2015-09-08,"GUAVIARE","CALAMAR",44.66,"HECTAREA",1.613634284,-73.0342639
2015-09-08,"GUAVIARE","MIRAFLORES",63.14,"HECTAREA",1.363974932,-72.01810951
2015-09-09,"GUAVIARE","MIRAFLORES",114.59,"HECTAREA",1.363974932,-72.01810951
2015-09-10,"META","LA MACARENA",101.62,"HECTAREA",2.161863917,-74.09488076
2015-09-11,"GUAVIARE","MIRAFLORES",64.54,"HECTAREA",1.363974932,-72.01810951
2015-09-12,"CHOCÓ","EL LITORAL DEL SAN JUAN",19.7,"HECTAREA",4.272940191,-76.98785828
2015-09-12,"CHOCÓ","ISTMINA",57.97,"HECTAREA",4.586818665,-77.00090737
2015-09-12,"CHOCÓ","MEDIO SAN JUAN",25.58,"HECTAREA",4.621182739,-76.80861843
2015-09-12,"CHOCÓ","NOVITA",14.22,"HECTAREA",4.853386627,-76.61823669
2015-09-12,"CHOCÓ","SAN JOSE DEL PALMAR",129,"HECTAREA",4.958741345,-76.28002361
2015-09-12,"CHOCÓ","SIPI",10.94,"HECTAREA",4.594415157,-76.54194459
2015-09-12,"META","MAPIRIPAN",129.91,"HECTAREA",3.117523361,-71.93805692
2015-09-14,"CHOCÓ","BAJO BAUDO",23.16,"HECTAREA",4.492865435,-77.08271352
2015-09-14,"CHOCÓ","ISTMINA",62.66,"HECTAREA",4.586818665,-77.00090737
2015-09-14,"CHOCÓ","MEDIO BAUDO",133.89,"HECTAREA",5.110392243,-76.99593075
2015-09-14,"CHOCÓ","NOVITA",23.7,"HECTAREA",4.853386627,-76.61823669
2015-09-14,"CHOCÓ","SIPI",35.09,"HECTAREA",4.594415157,-76.54194459
2015-09-14,"META","LA MACARENA",121.76,"HECTAREA",2.161863917,-74.09488076
2015-09-15,"CHOCÓ","ISTMINA",157.14,"HECTAREA",4.586818665,-77.00090737
2015-09-17,"CHOCÓ","ALTO BAUDO",13.6,"HECTAREA",5.636740989,-77.0842154
2015-09-17,"CHOCÓ","EL CANTON DEL SAN PABLO",45.77,"HECTAREA",5.359661967,-76.77255624
2015-09-17,"CHOCÓ","QUIBDO",27.22,"HECTAREA",5.7543229,-76.65015147
2015-09-19,"CHOCÓ","ALTO BAUDO",0.03,"HECTAREA",5.636740989,-77.0842154
2015-09-19,"CHOCÓ","BAJO BAUDO",39.41,"HECTAREA",4.492865435,-77.08271352
2015-09-19,"CHOCÓ","MEDIO BAUDO",0.03,"HECTAREA",5.110392243,-76.99593075
2015-09-19,"CHOCÓ","QUIBDO",0.03,"HECTAREA",5.7543229,-76.65015147
2015-09-20,"VICHADA","CUMARIBO",60.7,"HECTAREA",4.262454746,-69.52140484
2015-09-21,"META","LA MACARENA",146.95,"HECTAREA",2.161863917,-74.09488076
2015-09-22,"CHOCÓ","CONDOTO",43.59,"HECTAREA",5.070586101,-76.50701751
2015-09-22,"GUAVIARE","MIRAFLORES",173.84,"HECTAREA",1.363974932,-72.01810951
2015-09-24,"CHOCÓ","EL LITORAL DEL SAN JUAN",65.05,"HECTAREA",4.272940191,-76.98785828
2015-09-25,"GUAVIARE","MIRAFLORES",58.24,"HECTAREA",1.363974932,-72.01810951
2015-09-26,"CHOCÓ","MEDIO ATRATO",1.43,"HECTAREA",6.033880098,-76.6734697
2015-09-26,"CHOCÓ","QUIBDO",18.53,"HECTAREA",5.7543229,-76.65015147
2015-09-26,"GUAVIARE","MIRAFLORES",35.78,"HECTAREA",1.363974932,-72.01810951
2015-09-28,"GUAVIARE","SAN JOSE DEL GUAVIARE",11.53,"HECTAREA",2.484286091,-71.91916993
2015-09-29,"GUAVIARE","MIRAFLORES",24.99,"HECTAREA",1.363974932,-72.01810951
2015-09-30,"GUAVIARE","CALAMAR",19.13,"HECTAREA",1.613634284,-73.0342639
